PNORMAL PADDR: 0 VADDR: 0 PROW: 0 PBANK: 0 CYCLE: 0
NORMAL PADDR: 0 VADDR: 0 PROW: 0 PBANK: 0 CYCLE: 12479
PNORMAL PADDR: 0 VADDR: 0 PROW: 0 PBANK: 0 CYCLE: 12479
NORMAL PADDR: 0 VADDR: 0 PROW: 0 PBANK: 1 CYCLE: 12479
PNORMAL PADDR: 0 VADDR: 0 PROW: 0 PBANK: 1 CYCLE: 12479
NORMAL PADDR: 0 VADDR: 0 PROW: 0 PBANK: 2 CYCLE: 12479
PNORMAL PADDR: 0 VADDR: 0 PROW: 0 PBANK: 2 CYCLE: 12479
NORMAL PADDR: 0 VADDR: 0 PROW: 0 PBANK: 3 CYCLE: 12479
PNORMAL PADDR: 0 VADDR: 0 PROW: 0 PBANK: 3 CYCLE: 12479
NORMAL PADDR: 0 VADDR: 0 PROW: 0 PBANK: 4 CYCLE: 12479
PNORMAL PADDR: 0 VADDR: 0 PROW: 0 PBANK: 4 CYCLE: 12479
NORMAL PADDR: 0 VADDR: 0 PROW: 0 PBANK: 5 CYCLE: 12479
PNORMAL PADDR: 0 VADDR: 0 PROW: 0 PBANK: 5 CYCLE: 12479
NORMAL PADDR: 0 VADDR: 0 PROW: 0 PBANK: 6 CYCLE: 12479
PNORMAL PADDR: 0 VADDR: 0 PROW: 0 PBANK: 6 CYCLE: 12479
NORMAL PADDR: 0 VADDR: 0 PROW: 0 PBANK: 7 CYCLE: 12479
PNORMAL PADDR: 0 VADDR: 0 PROW: 0 PBANK: 7 CYCLE: 12479
NORMAL PADDR: 0 VADDR: 0 PROW: 0 PBANK: 8 CYCLE: 12479
PNORMAL PADDR: 0 VADDR: 0 PROW: 0 PBANK: 8 CYCLE: 12479
NORMAL PADDR: 0 VADDR: 0 PROW: 0 PBANK: 9 CYCLE: 12479
PNORMAL PADDR: 0 VADDR: 0 PROW: 0 PBANK: 9 CYCLE: 12479
NORMAL PADDR: 0 VADDR: 0 PROW: 0 PBANK: a CYCLE: 12479
PNORMAL PADDR: 0 VADDR: 0 PROW: 0 PBANK: a CYCLE: 12479
NORMAL PADDR: 0 VADDR: 0 PROW: 0 PBANK: b CYCLE: 12479
PNORMAL PADDR: 0 VADDR: 0 PROW: 0 PBANK: b CYCLE: 12479
NORMAL PADDR: 0 VADDR: 0 PROW: 0 PBANK: c CYCLE: 12479
PNORMAL PADDR: 0 VADDR: 0 PROW: 0 PBANK: c CYCLE: 12479
NORMAL PADDR: 0 VADDR: 0 PROW: 0 PBANK: d CYCLE: 12479
PNORMAL PADDR: 0 VADDR: 0 PROW: 0 PBANK: d CYCLE: 12479
NORMAL PADDR: 0 VADDR: 0 PROW: 0 PBANK: e CYCLE: 12479
PNORMAL PADDR: 0 VADDR: 0 PROW: 0 PBANK: e CYCLE: 12479
NORMAL PADDR: 0 VADDR: 0 PROW: 0 PBANK: f CYCLE: 12479
PNORMAL PADDR: 0 VADDR: 0 PROW: 0 PBANK: f CYCLE: 12479
NORMAL PADDR: 0 VADDR: 0 PROW: 1 PBANK: 0 CYCLE: 12479
PNORMAL PADDR: 0 VADDR: 0 PROW: 1 PBANK: 0 CYCLE: 12479
NORMAL PADDR: 0 VADDR: 0 PROW: 1 PBANK: 1 CYCLE: 12479
PNORMAL PADDR: 0 VADDR: 0 PROW: 1 PBANK: 1 CYCLE: 12479
NORMAL PADDR: 0 VADDR: 0 PROW: 1 PBANK: 2 CYCLE: 12479
PNORMAL PADDR: 0 VADDR: 0 PROW: 1 PBANK: 2 CYCLE: 12479
NORMAL PADDR: 0 VADDR: 0 PROW: 1 PBANK: 3 CYCLE: 12479
PNORMAL PADDR: 0 VADDR: 0 PROW: 1 PBANK: 3 CYCLE: 12479
NORMAL PADDR: 0 VADDR: 0 PROW: 1 PBANK: 4 CYCLE: 12479
PNORMAL PADDR: 0 VADDR: 0 PROW: 1 PBANK: 4 CYCLE: 12479
NORMAL PADDR: 0 VADDR: 0 PROW: 1 PBANK: 5 CYCLE: 12479
PNORMAL PADDR: 0 VADDR: 0 PROW: 1 PBANK: 5 CYCLE: 12479
NORMAL PADDR: 0 VADDR: 0 PROW: 1 PBANK: 6 CYCLE: 12479
PNORMAL PADDR: 0 VADDR: 0 PROW: 1 PBANK: 6 CYCLE: 12479
NORMAL PADDR: 0 VADDR: 0 PROW: 1 PBANK: 7 CYCLE: 12479
PNORMAL PADDR: 0 VADDR: 0 PROW: 1 PBANK: 7 CYCLE: 12479
NORMAL PADDR: 0 VADDR: 0 PROW: 1 PBANK: 8 CYCLE: 12479
PNORMAL PADDR: 0 VADDR: 0 PROW: 1 PBANK: 8 CYCLE: 12479
NORMAL PADDR: 0 VADDR: 0 PROW: 1 PBANK: 9 CYCLE: 12479
PNORMAL PADDR: 0 VADDR: 0 PROW: 1 PBANK: 9 CYCLE: 12479
NORMAL PADDR: 0 VADDR: 0 PROW: 1 PBANK: a CYCLE: 12479
PNORMAL PADDR: 0 VADDR: 0 PROW: 1 PBANK: a CYCLE: 12479
NORMAL PADDR: 0 VADDR: 0 PROW: 1 PBANK: b CYCLE: 12479
PNORMAL PADDR: 0 VADDR: 0 PROW: 1 PBANK: b CYCLE: 12479
NORMAL PADDR: 0 VADDR: 0 PROW: 1 PBANK: c CYCLE: 12479
PNORMAL PADDR: 0 VADDR: 0 PROW: 1 PBANK: c CYCLE: 12479
NORMAL PADDR: 0 VADDR: 0 PROW: 1 PBANK: d CYCLE: 12479
PNORMAL PADDR: 0 VADDR: 0 PROW: 1 PBANK: d CYCLE: 12479
NORMAL PADDR: 0 VADDR: 0 PROW: 1 PBANK: e CYCLE: 12479
PNORMAL PADDR: 0 VADDR: 0 PROW: 1 PBANK: e CYCLE: 12479
NORMAL PADDR: 0 VADDR: 0 PROW: 1 PBANK: f CYCLE: 12479
PNORMAL PADDR: 0 VADDR: 0 PROW: 3 PBANK: f CYCLE: 12479
NORMAL PADDR: 0 VADDR: 0 PROW: 0 PBANK: 0 CYCLE: 12479
PNORMAL PADDR: 0 VADDR: 0 PROW: 0 PBANK: 0 CYCLE: 12479
NORMAL PADDR: 0 VADDR: 0 PROW: 0 PBANK: 1 CYCLE: 12479
PNORMAL PADDR: 0 VADDR: 0 PROW: 0 PBANK: 1 CYCLE: 12479
NORMAL PADDR: 0 VADDR: 0 PROW: 0 PBANK: 2 CYCLE: 12479
PNORMAL PADDR: 0 VADDR: 0 PROW: 0 PBANK: 2 CYCLE: 12479
NORMAL PADDR: 0 VADDR: 0 PROW: 0 PBANK: 3 CYCLE: 12479
PNORMAL PADDR: 0 VADDR: 0 PROW: 0 PBANK: 3 CYCLE: 12479
NORMAL PADDR: 0 VADDR: 0 PROW: 0 PBANK: 4 CYCLE: 12479
PNORMAL PADDR: 0 VADDR: 0 PROW: 0 PBANK: 4 CYCLE: 12479
NORMAL PADDR: 0 VADDR: 0 PROW: 0 PBANK: 5 CYCLE: 12479
PNORMAL PADDR: 0 VADDR: 0 PROW: 0 PBANK: 5 CYCLE: 12479
NORMAL PADDR: 0 VADDR: 0 PROW: 0 PBANK: 6 CYCLE: 12479
PNORMAL PADDR: 0 VADDR: 0 PROW: 0 PBANK: 6 CYCLE: 12479
NORMAL PADDR: 0 VADDR: 0 PROW: 0 PBANK: 7 CYCLE: 12479
PNORMAL PADDR: 0 VADDR: 0 PROW: 0 PBANK: 7 CYCLE: 12479
NORMAL PADDR: 0 VADDR: 0 PROW: 0 PBANK: 8 CYCLE: 12479
PNORMAL PADDR: 0 VADDR: 0 PROW: 0 PBANK: 8 CYCLE: 12479
NORMAL PADDR: 0 VADDR: 0 PROW: 0 PBANK: 9 CYCLE: 12479
PNORMAL PADDR: 0 VADDR: 0 PROW: 0 PBANK: 9 CYCLE: 12479
NORMAL PADDR: 0 VADDR: 0 PROW: 0 PBANK: a CYCLE: 12479
PNORMAL PADDR: 0 VADDR: 0 PROW: 0 PBANK: a CYCLE: 12479
NORMAL PADDR: 0 VADDR: 0 PROW: 0 PBANK: b CYCLE: 12479
PNORMAL PADDR: 0 VADDR: 0 PROW: 0 PBANK: b CYCLE: 12479
NORMAL PADDR: 0 VADDR: 0 PROW: 0 PBANK: c CYCLE: 12479
PNORMAL PADDR: 0 VADDR: 0 PROW: 0 PBANK: c CYCLE: 12479
NORMAL PADDR: 0 VADDR: 0 PROW: 0 PBANK: d CYCLE: 12479
PNORMAL PADDR: 0 VADDR: 0 PROW: 0 PBANK: d CYCLE: 12479
NORMAL PADDR: 0 VADDR: 0 PROW: 0 PBANK: e CYCLE: 12479
PNORMAL PADDR: 0 VADDR: 0 PROW: 0 PBANK: e CYCLE: 12479
NORMAL PADDR: 0 VADDR: 0 PROW: 0 PBANK: f CYCLE: 12479
PNORMAL PADDR: 0 VADDR: 0 PROW: 0 PBANK: f CYCLE: 12479
NORMAL PADDR: 0 VADDR: 0 PROW: 1 PBANK: 0 CYCLE: 12479
PNORMAL PADDR: 0 VADDR: 0 PROW: 1 PBANK: 0 CYCLE: 12479
NORMAL PADDR: 0 VADDR: 0 PROW: 1 PBANK: 1 CYCLE: 12479
PNORMAL PADDR: 0 VADDR: 0 PROW: 1 PBANK: 1 CYCLE: 12479
NORMAL PADDR: 0 VADDR: 0 PROW: 1 PBANK: 2 CYCLE: 12479
PNORMAL PADDR: 0 VADDR: 0 PROW: 1 PBANK: 2 CYCLE: 12479
NORMAL PADDR: 0 VADDR: 0 PROW: 1 PBANK: 3 CYCLE: 12479
PNORMAL PADDR: 0 VADDR: 0 PROW: 1 PBANK: 3 CYCLE: 12479
NORMAL PADDR: 0 VADDR: 0 PROW: 1 PBANK: 4 CYCLE: 12479
PNORMAL PADDR: 0 VADDR: 0 PROW: 1 PBANK: 4 CYCLE: 12479
NORMAL PADDR: 0 VADDR: 0 PROW: 1 PBANK: 5 CYCLE: 12479
PNORMAL PADDR: 0 VADDR: 0 PROW: 1 PBANK: 5 CYCLE: 12479
NORMAL PADDR: 0 VADDR: 0 PROW: 1 PBANK: 6 CYCLE: 12479
PNORMAL PADDR: 0 VADDR: 0 PROW: 1 PBANK: 6 CYCLE: 12479
NORMAL PADDR: 0 VADDR: 0 PROW: 1 PBANK: 7 CYCLE: 12479
PNORMAL PADDR: 0 VADDR: 0 PROW: 1 PBANK: 7 CYCLE: 12479
NORMAL PADDR: 0 VADDR: 0 PROW: 1 PBANK: 8 CYCLE: 12479
PNORMAL PADDR: 0 VADDR: 0 PROW: 1 PBANK: 8 CYCLE: 12479
NORMAL PADDR: 0 VADDR: 0 PROW: 1 PBANK: 9 CYCLE: 12479
PNORMAL PADDR: 0 VADDR: 0 PROW: 1 PBANK: 9 CYCLE: 12479
NORMAL PADDR: 0 VADDR: 0 PROW: 1 PBANK: a CYCLE: 12479
PNORMAL PADDR: 0 VADDR: 0 PROW: 1 PBANK: a CYCLE: 12479
NORMAL PADDR: 0 VADDR: 0 PROW: 1 PBANK: b CYCLE: 12479
PNORMAL PADDR: 0 VADDR: 0 PROW: 1 PBANK: b CYCLE: 12479
NORMAL PADDR: 0 VADDR: 0 PROW: 1 PBANK: c CYCLE: 12479
PNORMAL PADDR: 0 VADDR: 0 PROW: 1 PBANK: c CYCLE: 12479
NORMAL PADDR: 0 VADDR: 0 PROW: 1 PBANK: d CYCLE: 12479
PNORMAL PADDR: 0 VADDR: 0 PROW: 1 PBANK: d CYCLE: 12479
NORMAL PADDR: 0 VADDR: 0 PROW: 1 PBANK: e CYCLE: 12479
PNORMAL PADDR: 0 VADDR: 0 PROW: 1 PBANK: e CYCLE: 12479
NORMAL PADDR: 0 VADDR: 0 PROW: 1 PBANK: f CYCLE: 12479
PNORMAL PADDR: 0 VADDR: 0 PROW: 0 PBANK: 0 CYCLE: 0
NORMAL PADDR: 0 VADDR: 0 PROW: 0 PBANK: 0 CYCLE: 12479
PNORMAL PADDR: 0 VADDR: 0 PROW: 0 PBANK: 0 CYCLE: 12479
NORMAL PADDR: 0 VADDR: 0 PROW: 0 PBANK: 1 CYCLE: 12479
PNORMAL PADDR: 0 VADDR: 0 PROW: 0 PBANK: 1 CYCLE: 12479
NORMAL PADDR: 0 VADDR: 0 PROW: 0 PBANK: 2 CYCLE: 12479
PNORMAL PADDR: 0 VADDR: 0 PROW: 0 PBANK: 2 CYCLE: 12479
NORMAL PADDR: 0 VADDR: 0 PROW: 0 PBANK: 3 CYCLE: 12479
PNORMAL PADDR: 0 VADDR: 0 PROW: 0 PBANK: 3 CYCLE: 12479
NORMAL PADDR: 0 VADDR: 0 PROW: 0 PBANK: 4 CYCLE: 12479
PNORMAL PADDR: 0 VADDR: 0 PROW: 0 PBANK: 4 CYCLE: 12479
NORMAL PADDR: 0 VADDR: 0 PROW: 0 PBANK: 5 CYCLE: 12479
PNORMAL PADDR: 0 VADDR: 0 PROW: 0 PBANK: 5 CYCLE: 12479
NORMAL PADDR: 0 VADDR: 0 PROW: 0 PBANK: 6 CYCLE: 12479
PNORMAL PADDR: 0 VADDR: 0 PROW: 0 PBANK: 6 CYCLE: 12479
NORMAL PADDR: 0 VADDR: 0 PROW: 0 PBANK: 7 CYCLE: 12479
PNORMAL PADDR: 0 VADDR: 0 PROW: 0 PBANK: 7 CYCLE: 12479
NORMAL PADDR: 0 VADDR: 0 PROW: 0 PBANK: 8 CYCLE: 12479
PNORMAL PADDR: 0 VADDR: 0 PROW: 0 PBANK: 8 CYCLE: 12479
NORMAL PADDR: 0 VADDR: 0 PROW: 0 PBANK: 9 CYCLE: 12479
PNORMAL PADDR: 0 VADDR: 0 PROW: 0 PBANK: 9 CYCLE: 12479
NORMAL PADDR: 0 VADDR: 0 PROW: 0 PBANK: a CYCLE: 12479
PNORMAL PADDR: 0 VADDR: 0 PROW: 0 PBANK: a CYCLE: 12479
NORMAL PADDR: 0 VADDR: 0 PROW: 0 PBANK: b CYCLE: 12479
PNORMAL PADDR: 0 VADDR: 0 PROW: 0 PBANK: b CYCLE: 12479
NORMAL PADDR: 0 VADDR: 0 PROW: 0 PBANK: c CYCLE: 12479
PNORMAL PADDR: 0 VADDR: 0 PROW: 0 PBANK: c CYCLE: 12479
NORMAL PADDR: 0 VADDR: 0 PROW: 0 PBANK: d CYCLE: 12479
PNORMAL PADDR: 0 VADDR: 0 PROW: 0 PBANK: d CYCLE: 12479
NORMAL PADDR: 0 VADDR: 0 PROW: 0 PBANK: e CYCLE: 12479
PNORMAL PADDR: 0 VADDR: 0 PROW: 0 PBANK: e CYCLE: 12479
NORMAL PADDR: 0 VADDR: 0 PROW: 0 PBANK: f CYCLE: 12479
PNORMAL PADDR: 0 VADDR: 0 PROW: 0 PBANK: f CYCLE: 12479
NORMAL PADDR: 0 VADDR: 0 PROW: 1 PBANK: 0 CYCLE: 12479
PNORMAL PADDR: 0 VADDR: 0 PROW: 1 PBANK: 0 CYCLE: 12479
NORMAL PADDR: 0 VADDR: 0 PROW: 1 PBANK: 1 CYCLE: 12479
PNORMAL PADDR: 0 VADDR: 0 PROW: 1 PBANK: 1 CYCLE: 12479
NORMAL PADDR: 0 VADDR: 0 PROW: 1 PBANK: 2 CYCLE: 12479
PNORMAL PADDR: 0 VADDR: 0 PROW: 1 PBANK: 2 CYCLE: 12479
NORMAL PADDR: 0 VADDR: 0 PROW: 1 PBANK: 3 CYCLE: 12479
PNORMAL PADDR: 0 VADDR: 0 PROW: 1 PBANK: 3 CYCLE: 12479
NORMAL PADDR: 0 VADDR: 0 PROW: 1 PBANK: 4 CYCLE: 12479
PNORMAL PADDR: 0 VADDR: 0 PROW: 1 PBANK: 4 CYCLE: 12479
NORMAL PADDR: 0 VADDR: 0 PROW: 1 PBANK: 5 CYCLE: 12479
PNORMAL PADDR: 0 VADDR: 0 PROW: 1 PBANK: 5 CYCLE: 12479
NORMAL PADDR: 0 VADDR: 0 PROW: 1 PBANK: 6 CYCLE: 12479
PNORMAL PADDR: 0 VADDR: 0 PROW: 1 PBANK: 6 CYCLE: 12479
NORMAL PADDR: 0 VADDR: 0 PROW: 1 PBANK: 7 CYCLE: 12479
PNORMAL PADDR: 0 VADDR: 0 PROW: 1 PBANK: 7 CYCLE: 12479
NORMAL PADDR: 0 VADDR: 0 PROW: 1 PBANK: 8 CYCLE: 12479
PNORMAL PADDR: 0 VADDR: 0 PROW: 1 PBANK: 8 CYCLE: 12479
NORMAL PADDR: 0 VADDR: 0 PROW: 1 PBANK: 9 CYCLE: 12479
PNORMAL PADDR: 0 VADDR: 0 PROW: 1 PBANK: 9 CYCLE: 12479
NORMAL PADDR: 0 VADDR: 0 PROW: 1 PBANK: a CYCLE: 12479
PNORMAL PADDR: 0 VADDR: 0 PROW: 1 PBANK: a CYCLE: 12479
NORMAL PADDR: 0 VADDR: 0 PROW: 1 PBANK: b CYCLE: 12479
PNORMAL PADDR: 0 VADDR: 0 PROW: 1 PBANK: b CYCLE: 12479
NORMAL PADDR: 0 VADDR: 0 PROW: 1 PBANK: c CYCLE: 12479
PNORMAL PADDR: 0 VADDR: 0 PROW: 1 PBANK: c CYCLE: 12479
NORMAL PADDR: 0 VADDR: 0 PROW: 1 PBANK: d CYCLE: 12479
PNORMAL PADDR: 0 VADDR: 0 PROW: 1 PBANK: d CYCLE: 12479
NORMAL PADDR: 0 VADDR: 0 PROW: 1 PBANK: e CYCLE: 12479
PNORMAL PADDR: 0 VADDR: 0 PROW: 1 PBANK: e CYCLE: 12479
NORMAL PADDR: 0 VADDR: 0 PROW: 1 PBANK: f CYCLE: 12479
PNORMAL PADDR: 0 VADDR: 0 PROW: 3 PBANK: f CYCLE: 12479
NORMAL PADDR: 0 VADDR: 0 PROW: 0 PBANK: 0 CYCLE: 12479
PNORMAL PADDR: 0 VADDR: 0 PROW: 0 PBANK: 0 CYCLE: 12479
NORMAL PADDR: 0 VADDR: 0 PROW: 0 PBANK: 1 CYCLE: 12479
PNORMAL PADDR: 0 VADDR: 0 PROW: 0 PBANK: 1 CYCLE: 12479
NORMAL PADDR: 0 VADDR: 0 PROW: 0 PBANK: 2 CYCLE: 12479
PNORMAL PADDR: 0 VADDR: 0 PROW: 0 PBANK: 2 CYCLE: 12479
NORMAL PADDR: 0 VADDR: 0 PROW: 0 PBANK: 3 CYCLE: 12479
PNORMAL PADDR: 0 VADDR: 0 PROW: 0 PBANK: 3 CYCLE: 12479
NORMAL PADDR: 0 VADDR: 0 PROW: 0 PBANK: 4 CYCLE: 12479
PNORMAL PADDR: 0 VADDR: 0 PROW: 0 PBANK: 4 CYCLE: 12479
NORMAL PADDR: 0 VADDR: 0 PROW: 0 PBANK: 5 CYCLE: 12479
PNORMAL PADDR: 0 VADDR: 0 PROW: 0 PBANK: 5 CYCLE: 12479
NORMAL PADDR: 0 VADDR: 0 PROW: 0 PBANK: 6 CYCLE: 12479
PNORMAL PADDR: 0 VADDR: 0 PROW: 0 PBANK: 6 CYCLE: 12479
NORMAL PADDR: 0 VADDR: 0 PROW: 0 PBANK: 7 CYCLE: 12479
PNORMAL PADDR: 0 VADDR: 0 PROW: 0 PBANK: 7 CYCLE: 12479
NORMAL PADDR: 0 VADDR: 0 PROW: 0 PBANK: 8 CYCLE: 12479
PNORMAL PADDR: 0 VADDR: 0 PROW: 0 PBANK: 8 CYCLE: 12479
NORMAL PADDR: 0 VADDR: 0 PROW: 0 PBANK: 9 CYCLE: 12479
PNORMAL PADDR: 0 VADDR: 0 PROW: 0 PBANK: 9 CYCLE: 12479
NORMAL PADDR: 0 VADDR: 0 PROW: 0 PBANK: a CYCLE: 12479
PNORMAL PADDR: 0 VADDR: 0 PROW: 0 PBANK: a CYCLE: 12479
NORMAL PADDR: 0 VADDR: 0 PROW: 0 PBANK: b CYCLE: 12479
PNORMAL PADDR: 0 VADDR: 0 PROW: 0 PBANK: b CYCLE: 12479
NORMAL PADDR: 0 VADDR: 0 PROW: 0 PBANK: c CYCLE: 12479
PNORMAL PADDR: 0 VADDR: 0 PROW: 0 PBANK: c CYCLE: 12479
NORMAL PADDR: 0 VADDR: 0 PROW: 0 PBANK: d CYCLE: 12479
PNORMAL PADDR: 0 VADDR: 0 PROW: 0 PBANK: d CYCLE: 12479
NORMAL PADDR: 0 VADDR: 0 PROW: 0 PBANK: e CYCLE: 12479
PNORMAL PADDR: 0 VADDR: 0 PROW: 0 PBANK: e CYCLE: 12479
NORMAL PADDR: 0 VADDR: 0 PROW: 0 PBANK: f CYCLE: 12479
PNORMAL PADDR: 0 VADDR: 0 PROW: 0 PBANK: f CYCLE: 12479
NORMAL PADDR: 0 VADDR: 0 PROW: 1 PBANK: 0 CYCLE: 12479
PNORMAL PADDR: 0 VADDR: 0 PROW: 1 PBANK: 0 CYCLE: 12479
NORMAL PADDR: 0 VADDR: 0 PROW: 1 PBANK: 1 CYCLE: 12479
PNORMAL PADDR: 0 VADDR: 0 PROW: 1 PBANK: 1 CYCLE: 12479
NORMAL PADDR: 0 VADDR: 0 PROW: 1 PBANK: 2 CYCLE: 12479
PNORMAL PADDR: 0 VADDR: 0 PROW: 1 PBANK: 2 CYCLE: 12479
NORMAL PADDR: 0 VADDR: 0 PROW: 1 PBANK: 3 CYCLE: 12479
PNORMAL PADDR: 0 VADDR: 0 PROW: 1 PBANK: 3 CYCLE: 12479
NORMAL PADDR: 0 VADDR: 0 PROW: 1 PBANK: 4 CYCLE: 12479
PNORMAL PADDR: 0 VADDR: 0 PROW: 1 PBANK: 4 CYCLE: 12479
NORMAL PADDR: 0 VADDR: 0 PROW: 1 PBANK: 5 CYCLE: 12479
PNORMAL PADDR: 0 VADDR: 0 PROW: 1 PBANK: 5 CYCLE: 12479
NORMAL PADDR: 0 VADDR: 0 PROW: 1 PBANK: 6 CYCLE: 12479
PNORMAL PADDR: 0 VADDR: 0 PROW: 1 PBANK: 6 CYCLE: 12479
NORMAL PADDR: 0 VADDR: 0 PROW: 1 PBANK: 7 CYCLE: 12479
PNORMAL PADDR: 0 VADDR: 0 PROW: 1 PBANK: 7 CYCLE: 12479
NORMAL PADDR: 0 VADDR: 0 PROW: 1 PBANK: 8 CYCLE: 12479
PNORMAL PADDR: 0 VADDR: 0 PROW: 1 PBANK: 8 CYCLE: 12479
NORMAL PADDR: 0 VADDR: 0 PROW: 1 PBANK: 9 CYCLE: 12479
PNORMAL PADDR: 0 VADDR: 0 PROW: 1 PBANK: 9 CYCLE: 12479
NORMAL PADDR: 0 VADDR: 0 PROW: 1 PBANK: a CYCLE: 12479
PNORMAL PADDR: 0 VADDR: 0 PROW: 1 PBANK: a CYCLE: 12479
NORMAL PADDR: 0 VADDR: 0 PROW: 1 PBANK: b CYCLE: 12479
PNORMAL PADDR: 0 VADDR: 0 PROW: 1 PBANK: b CYCLE: 12479
NORMAL PADDR: 0 VADDR: 0 PROW: 1 PBANK: c CYCLE: 12479
PNORMAL PADDR: 0 VADDR: 0 PROW: 1 PBANK: c CYCLE: 12479
NORMAL PADDR: 0 VADDR: 0 PROW: 1 PBANK: d CYCLE: 12479
PNORMAL PADDR: 0 VADDR: 0 PROW: 1 PBANK: d CYCLE: 12479
NORMAL PADDR: 0 VADDR: 0 PROW: 1 PBANK: e CYCLE: 12479
PNORMAL PADDR: 0 VADDR: 0 PROW: 1 PBANK: e CYCLE: 12479
NORMAL PADDR: 0 VADDR: 0 PROW: 1 PBANK: f CYCLE: 12479
PNORMAL PADDR: 0 VADDR: 0 PROW: 0 PBANK: 0 CYCLE: 0
NORMAL PADDR: 0 VADDR: 0 PROW: 0 PBANK: 0 CYCLE: 12479
PNORMAL PADDR: 0 VADDR: 0 PROW: 0 PBANK: 0 CYCLE: 12479
NORMAL PADDR: 0 VADDR: 0 PROW: 0 PBANK: 1 CYCLE: 12479
PNORMAL PADDR: 0 VADDR: 0 PROW: 0 PBANK: 1 CYCLE: 12479
NORMAL PADDR: 0 VADDR: 0 PROW: 0 PBANK: 2 CYCLE: 12479
PNORMAL PADDR: 0 VADDR: 0 PROW: 0 PBANK: 2 CYCLE: 12479
NORMAL PADDR: 0 VADDR: 0 PROW: 0 PBANK: 3 CYCLE: 12479
PNORMAL PADDR: 0 VADDR: 0 PROW: 0 PBANK: 3 CYCLE: 12479
NORMAL PADDR: 0 VADDR: 0 PROW: 0 PBANK: 4 CYCLE: 12479
PNORMAL PADDR: 0 VADDR: 0 PROW: 0 PBANK: 4 CYCLE: 12479
NORMAL PADDR: 0 VADDR: 0 PROW: 0 PBANK: 5 CYCLE: 12479
PNORMAL PADDR: 0 VADDR: 0 PROW: 0 PBANK: 5 CYCLE: 12479
NORMAL PADDR: 0 VADDR: 0 PROW: 0 PBANK: 6 CYCLE: 12479
PNORMAL PADDR: 0 VADDR: 0 PROW: 0 PBANK: 6 CYCLE: 12479
NORMAL PADDR: 0 VADDR: 0 PROW: 0 PBANK: 7 CYCLE: 12479
PNORMAL PADDR: 0 VADDR: 0 PROW: 0 PBANK: 7 CYCLE: 12479
NORMAL PADDR: 0 VADDR: 0 PROW: 0 PBANK: 8 CYCLE: 12479
PNORMAL PADDR: 0 VADDR: 0 PROW: 0 PBANK: 8 CYCLE: 12479
NORMAL PADDR: 0 VADDR: 0 PROW: 0 PBANK: 9 CYCLE: 12479
PNORMAL PADDR: 0 VADDR: 0 PROW: 0 PBANK: 9 CYCLE: 12479
NORMAL PADDR: 0 VADDR: 0 PROW: 0 PBANK: a CYCLE: 12479
PNORMAL PADDR: 0 VADDR: 0 PROW: 0 PBANK: a CYCLE: 12479
NORMAL PADDR: 0 VADDR: 0 PROW: 0 PBANK: b CYCLE: 12479
PNORMAL PADDR: 0 VADDR: 0 PROW: 0 PBANK: b CYCLE: 12479
NORMAL PADDR: 0 VADDR: 0 PROW: 0 PBANK: c CYCLE: 12479
PNORMAL PADDR: 0 VADDR: 0 PROW: 0 PBANK: c CYCLE: 12479
NORMAL PADDR: 0 VADDR: 0 PROW: 0 PBANK: d CYCLE: 12479
PNORMAL PADDR: 0 VADDR: 0 PROW: 0 PBANK: d CYCLE: 12479
NORMAL PADDR: 0 VADDR: 0 PROW: 0 PBANK: e CYCLE: 12479
PNORMAL PADDR: 0 VADDR: 0 PROW: 0 PBANK: e CYCLE: 12479
NORMAL PADDR: 0 VADDR: 0 PROW: 0 PBANK: f CYCLE: 12479
PNORMAL PADDR: 0 VADDR: 0 PROW: 0 PBANK: f CYCLE: 12479
NORMAL PADDR: 0 VADDR: 0 PROW: 1 PBANK: 0 CYCLE: 12479
PNORMAL PADDR: 0 VADDR: 0 PROW: 1 PBANK: 0 CYCLE: 12479
NORMAL PADDR: 0 VADDR: 0 PROW: 1 PBANK: 1 CYCLE: 12479
PNORMAL PADDR: 0 VADDR: 0 PROW: 1 PBANK: 1 CYCLE: 12479
NORMAL PADDR: 0 VADDR: 0 PROW: 1 PBANK: 2 CYCLE: 12479
PNORMAL PADDR: 0 VADDR: 0 PROW: 1 PBANK: 2 CYCLE: 12479
NORMAL PADDR: 0 VADDR: 0 PROW: 1 PBANK: 3 CYCLE: 12479
PNORMAL PADDR: 0 VADDR: 0 PROW: 1 PBANK: 3 CYCLE: 12479
NORMAL PADDR: 0 VADDR: 0 PROW: 1 PBANK: 4 CYCLE: 12479
PNORMAL PADDR: 0 VADDR: 0 PROW: 1 PBANK: 4 CYCLE: 12479
NORMAL PADDR: 0 VADDR: 0 PROW: 1 PBANK: 5 CYCLE: 12479
PNORMAL PADDR: 0 VADDR: 0 PROW: 1 PBANK: 5 CYCLE: 12479
NORMAL PADDR: 0 VADDR: 0 PROW: 1 PBANK: 6 CYCLE: 12479
PNORMAL PADDR: 0 VADDR: 0 PROW: 1 PBANK: 6 CYCLE: 12479
NORMAL PADDR: 0 VADDR: 0 PROW: 1 PBANK: 7 CYCLE: 12479
PNORMAL PADDR: 0 VADDR: 0 PROW: 1 PBANK: 7 CYCLE: 12479
NORMAL PADDR: 0 VADDR: 0 PROW: 1 PBANK: 8 CYCLE: 12479
PNORMAL PADDR: 0 VADDR: 0 PROW: 1 PBANK: 8 CYCLE: 12479
NORMAL PADDR: 0 VADDR: 0 PROW: 1 PBANK: 9 CYCLE: 12479
PNORMAL PADDR: 0 VADDR: 0 PROW: 1 PBANK: 9 CYCLE: 12479
NORMAL PADDR: 0 VADDR: 0 PROW: 1 PBANK: a CYCLE: 12479
PNORMAL PADDR: 0 VADDR: 0 PROW: 1 PBANK: a CYCLE: 12479
NORMAL PADDR: 0 VADDR: 0 PROW: 1 PBANK: b CYCLE: 12479
PNORMAL PADDR: 0 VADDR: 0 PROW: 1 PBANK: b CYCLE: 12479
NORMAL PADDR: 0 VADDR: 0 PROW: 1 PBANK: c CYCLE: 12479
PNORMAL PADDR: 0 VADDR: 0 PROW: 1 PBANK: c CYCLE: 12479
NORMAL PADDR: 0 VADDR: 0 PROW: 1 PBANK: d CYCLE: 12479
PNORMAL PADDR: 0 VADDR: 0 PROW: 1 PBANK: d CYCLE: 12479
NORMAL PADDR: 0 VADDR: 0 PROW: 1 PBANK: e CYCLE: 12479
PNORMAL PADDR: 0 VADDR: 0 PROW: 1 PBANK: e CYCLE: 12479
NORMAL PADDR: 0 VADDR: 0 PROW: 1 PBANK: f CYCLE: 12479
PNORMAL PADDR: 0 VADDR: 0 PROW: 3 PBANK: f CYCLE: 12479
NORMAL PADDR: 0 VADDR: 0 PROW: 0 PBANK: 0 CYCLE: 12479
PNORMAL PADDR: 0 VADDR: 0 PROW: 0 PBANK: 0 CYCLE: 12479
NORMAL PADDR: 0 VADDR: 0 PROW: 0 PBANK: 1 CYCLE: 12479
PNORMAL PADDR: 0 VADDR: 0 PROW: 0 PBANK: 1 CYCLE: 12479
NORMAL PADDR: 0 VADDR: 0 PROW: 0 PBANK: 2 CYCLE: 12479
PNORMAL PADDR: 0 VADDR: 0 PROW: 0 PBANK: 2 CYCLE: 12479
NORMAL PADDR: 0 VADDR: 0 PROW: 0 PBANK: 3 CYCLE: 12479
PNORMAL PADDR: 0 VADDR: 0 PROW: 0 PBANK: 3 CYCLE: 12479
NORMAL PADDR: 0 VADDR: 0 PROW: 0 PBANK: 4 CYCLE: 12479
PNORMAL PADDR: 0 VADDR: 0 PROW: 0 PBANK: 4 CYCLE: 12479
NORMAL PADDR: 0 VADDR: 0 PROW: 0 PBANK: 5 CYCLE: 12479
PNORMAL PADDR: 0 VADDR: 0 PROW: 0 PBANK: 5 CYCLE: 12479
NORMAL PADDR: 0 VADDR: 0 PROW: 0 PBANK: 6 CYCLE: 12479
PNORMAL PADDR: 0 VADDR: 0 PROW: 0 PBANK: 6 CYCLE: 12479
NORMAL PADDR: 0 VADDR: 0 PROW: 0 PBANK: 7 CYCLE: 12479
PNORMAL PADDR: 0 VADDR: 0 PROW: 0 PBANK: 7 CYCLE: 12479
NORMAL PADDR: 0 VADDR: 0 PROW: 0 PBANK: 8 CYCLE: 12479
PNORMAL PADDR: 0 VADDR: 0 PROW: 0 PBANK: 8 CYCLE: 12479
NORMAL PADDR: 0 VADDR: 0 PROW: 0 PBANK: 9 CYCLE: 12479
PNORMAL PADDR: 0 VADDR: 0 PROW: 0 PBANK: 9 CYCLE: 12479
NORMAL PADDR: 0 VADDR: 0 PROW: 0 PBANK: a CYCLE: 12479
PNORMAL PADDR: 0 VADDR: 0 PROW: 0 PBANK: a CYCLE: 12479
NORMAL PADDR: 0 VADDR: 0 PROW: 0 PBANK: b CYCLE: 12479
PNORMAL PADDR: 0 VADDR: 0 PROW: 0 PBANK: b CYCLE: 12479
NORMAL PADDR: 0 VADDR: 0 PROW: 0 PBANK: c CYCLE: 12479
PNORMAL PADDR: 0 VADDR: 0 PROW: 0 PBANK: c CYCLE: 12479
NORMAL PADDR: 0 VADDR: 0 PROW: 0 PBANK: d CYCLE: 12479
PNORMAL PADDR: 0 VADDR: 0 PROW: 0 PBANK: d CYCLE: 12479
NORMAL PADDR: 0 VADDR: 0 PROW: 0 PBANK: e CYCLE: 12479
PNORMAL PADDR: 0 VADDR: 0 PROW: 0 PBANK: e CYCLE: 12479
NORMAL PADDR: 0 VADDR: 0 PROW: 0 PBANK: f CYCLE: 12479
PNORMAL PADDR: 0 VADDR: 0 PROW: 0 PBANK: f CYCLE: 12479
NORMAL PADDR: 0 VADDR: 0 PROW: 1 PBANK: 0 CYCLE: 12479
PNORMAL PADDR: 0 VADDR: 0 PROW: 1 PBANK: 0 CYCLE: 12479
NORMAL PADDR: 0 VADDR: 0 PROW: 1 PBANK: 1 CYCLE: 12479
PNORMAL PADDR: 0 VADDR: 0 PROW: 1 PBANK: 1 CYCLE: 12479
NORMAL PADDR: 0 VADDR: 0 PROW: 1 PBANK: 2 CYCLE: 12479
PNORMAL PADDR: 0 VADDR: 0 PROW: 1 PBANK: 2 CYCLE: 12479
NORMAL PADDR: 0 VADDR: 0 PROW: 1 PBANK: 3 CYCLE: 12479
PNORMAL PADDR: 0 VADDR: 0 PROW: 1 PBANK: 3 CYCLE: 12479
NORMAL PADDR: 0 VADDR: 0 PROW: 1 PBANK: 4 CYCLE: 12479
PNORMAL PADDR: 0 VADDR: 0 PROW: 1 PBANK: 4 CYCLE: 12479
NORMAL PADDR: 0 VADDR: 0 PROW: 1 PBANK: 5 CYCLE: 12479
PNORMAL PADDR: 0 VADDR: 0 PROW: 1 PBANK: 5 CYCLE: 12479
NORMAL PADDR: 0 VADDR: 0 PROW: 1 PBANK: 6 CYCLE: 12479
PNORMAL PADDR: 0 VADDR: 0 PROW: 1 PBANK: 6 CYCLE: 12479
NORMAL PADDR: 0 VADDR: 0 PROW: 1 PBANK: 7 CYCLE: 12479
PNORMAL PADDR: 0 VADDR: 0 PROW: 1 PBANK: 7 CYCLE: 12479
NORMAL PADDR: 0 VADDR: 0 PROW: 1 PBANK: 8 CYCLE: 12479
PNORMAL PADDR: 0 VADDR: 0 PROW: 1 PBANK: 8 CYCLE: 12479
NORMAL PADDR: 0 VADDR: 0 PROW: 1 PBANK: 9 CYCLE: 12479
PNORMAL PADDR: 0 VADDR: 0 PROW: 1 PBANK: 9 CYCLE: 12479
NORMAL PADDR: 0 VADDR: 0 PROW: 1 PBANK: a CYCLE: 12479
PNORMAL PADDR: 0 VADDR: 0 PROW: 1 PBANK: a CYCLE: 12479
NORMAL PADDR: 0 VADDR: 0 PROW: 1 PBANK: b CYCLE: 12479
PNORMAL PADDR: 0 VADDR: 0 PROW: 1 PBANK: b CYCLE: 12479
NORMAL PADDR: 0 VADDR: 0 PROW: 1 PBANK: c CYCLE: 12479
PNORMAL PADDR: 0 VADDR: 0 PROW: 1 PBANK: c CYCLE: 12479
NORMAL PADDR: 0 VADDR: 0 PROW: 1 PBANK: d CYCLE: 12479
PNORMAL PADDR: 0 VADDR: 0 PROW: 1 PBANK: d CYCLE: 12479
NORMAL PADDR: 0 VADDR: 0 PROW: 1 PBANK: e CYCLE: 12479
PNORMAL PADDR: 0 VADDR: 0 PROW: 1 PBANK: e CYCLE: 12479
NORMAL PADDR: 0 VADDR: 0 PROW: 1 PBANK: f CYCLE: 12479
PNORMAL PADDR: 0 VADDR: 0 PROW: 0 PBANK: 0 CYCLE: 0
NORMAL PADDR: 0 VADDR: 0 PROW: 0 PBANK: 0 CYCLE: 12479
PNORMAL PADDR: 0 VADDR: 0 PROW: 0 PBANK: 0 CYCLE: 12479
NORMAL PADDR: 0 VADDR: 0 PROW: 0 PBANK: 1 CYCLE: 12479
PNORMAL PADDR: 0 VADDR: 0 PROW: 0 PBANK: 1 CYCLE: 12479
NORMAL PADDR: 0 VADDR: 0 PROW: 0 PBANK: 2 CYCLE: 12479
PNORMAL PADDR: 0 VADDR: 0 PROW: 0 PBANK: 2 CYCLE: 12479
NORMAL PADDR: 0 VADDR: 0 PROW: 0 PBANK: 3 CYCLE: 12479
PNORMAL PADDR: 0 VADDR: 0 PROW: 0 PBANK: 3 CYCLE: 12479
NORMAL PADDR: 0 VADDR: 0 PROW: 0 PBANK: 4 CYCLE: 12479
PNORMAL PADDR: 0 VADDR: 0 PROW: 0 PBANK: 4 CYCLE: 12479
NORMAL PADDR: 0 VADDR: 0 PROW: 0 PBANK: 5 CYCLE: 12479
PNORMAL PADDR: 0 VADDR: 0 PROW: 0 PBANK: 5 CYCLE: 12479
NORMAL PADDR: 0 VADDR: 0 PROW: 0 PBANK: 6 CYCLE: 12479
PNORMAL PADDR: 0 VADDR: 0 PROW: 0 PBANK: 6 CYCLE: 12479
NORMAL PADDR: 0 VADDR: 0 PROW: 0 PBANK: 7 CYCLE: 12479
PNORMAL PADDR: 0 VADDR: 0 PROW: 0 PBANK: 7 CYCLE: 12479
NORMAL PADDR: 0 VADDR: 0 PROW: 0 PBANK: 8 CYCLE: 12479
PNORMAL PADDR: 0 VADDR: 0 PROW: 0 PBANK: 8 CYCLE: 12479
NORMAL PADDR: 0 VADDR: 0 PROW: 0 PBANK: 9 CYCLE: 12479
PNORMAL PADDR: 0 VADDR: 0 PROW: 0 PBANK: 9 CYCLE: 12479
NORMAL PADDR: 0 VADDR: 0 PROW: 0 PBANK: a CYCLE: 12479
PNORMAL PADDR: 0 VADDR: 0 PROW: 0 PBANK: a CYCLE: 12479
NORMAL PADDR: 0 VADDR: 0 PROW: 0 PBANK: b CYCLE: 12479
PNORMAL PADDR: 0 VADDR: 0 PROW: 0 PBANK: b CYCLE: 12479
NORMAL PADDR: 0 VADDR: 0 PROW: 0 PBANK: c CYCLE: 12479
PNORMAL PADDR: 0 VADDR: 0 PROW: 0 PBANK: c CYCLE: 12479
NORMAL PADDR: 0 VADDR: 0 PROW: 0 PBANK: d CYCLE: 12479
PNORMAL PADDR: 0 VADDR: 0 PROW: 0 PBANK: d CYCLE: 12479
NORMAL PADDR: 0 VADDR: 0 PROW: 0 PBANK: e CYCLE: 12479
PNORMAL PADDR: 0 VADDR: 0 PROW: 0 PBANK: e CYCLE: 12479
NORMAL PADDR: 0 VADDR: 0 PROW: 0 PBANK: f CYCLE: 12479
PNORMAL PADDR: 0 VADDR: 0 PROW: 0 PBANK: f CYCLE: 12479
NORMAL PADDR: 0 VADDR: 0 PROW: 1 PBANK: 0 CYCLE: 12479
PNORMAL PADDR: 0 VADDR: 0 PROW: 1 PBANK: 0 CYCLE: 12479
NORMAL PADDR: 0 VADDR: 0 PROW: 1 PBANK: 1 CYCLE: 12479
PNORMAL PADDR: 0 VADDR: 0 PROW: 1 PBANK: 1 CYCLE: 12479
NORMAL PADDR: 0 VADDR: 0 PROW: 1 PBANK: 2 CYCLE: 12479
PNORMAL PADDR: 0 VADDR: 0 PROW: 1 PBANK: 2 CYCLE: 12479
NORMAL PADDR: 0 VADDR: 0 PROW: 1 PBANK: 3 CYCLE: 12479
PNORMAL PADDR: 0 VADDR: 0 PROW: 1 PBANK: 3 CYCLE: 12479
NORMAL PADDR: 0 VADDR: 0 PROW: 1 PBANK: 4 CYCLE: 12479
PNORMAL PADDR: 0 VADDR: 0 PROW: 1 PBANK: 4 CYCLE: 12479
NORMAL PADDR: 0 VADDR: 0 PROW: 1 PBANK: 5 CYCLE: 12479
PNORMAL PADDR: 0 VADDR: 0 PROW: 1 PBANK: 5 CYCLE: 12479
NORMAL PADDR: 0 VADDR: 0 PROW: 1 PBANK: 6 CYCLE: 12479
PNORMAL PADDR: 0 VADDR: 0 PROW: 1 PBANK: 6 CYCLE: 12479
NORMAL PADDR: 0 VADDR: 0 PROW: 1 PBANK: 7 CYCLE: 12479
PNORMAL PADDR: 0 VADDR: 0 PROW: 1 PBANK: 7 CYCLE: 12479
NORMAL PADDR: 0 VADDR: 0 PROW: 1 PBANK: 8 CYCLE: 12479
PNORMAL PADDR: 0 VADDR: 0 PROW: 1 PBANK: 8 CYCLE: 12479
NORMAL PADDR: 0 VADDR: 0 PROW: 1 PBANK: 9 CYCLE: 12479
PNORMAL PADDR: 0 VADDR: 0 PROW: 1 PBANK: 9 CYCLE: 12479
NORMAL PADDR: 0 VADDR: 0 PROW: 1 PBANK: a CYCLE: 12479
PNORMAL PADDR: 0 VADDR: 0 PROW: 1 PBANK: a CYCLE: 12479
NORMAL PADDR: 0 VADDR: 0 PROW: 1 PBANK: b CYCLE: 12479
PNORMAL PADDR: 0 VADDR: 0 PROW: 1 PBANK: b CYCLE: 12479
NORMAL PADDR: 0 VADDR: 0 PROW: 1 PBANK: c CYCLE: 12479
PNORMAL PADDR: 0 VADDR: 0 PROW: 1 PBANK: c CYCLE: 12479
NORMAL PADDR: 0 VADDR: 0 PROW: 1 PBANK: d CYCLE: 12479
PNORMAL PADDR: 0 VADDR: 0 PROW: 1 PBANK: d CYCLE: 12479
NORMAL PADDR: 0 VADDR: 0 PROW: 1 PBANK: e CYCLE: 12479
PNORMAL PADDR: 0 VADDR: 0 PROW: 1 PBANK: e CYCLE: 12479
NORMAL PADDR: 0 VADDR: 0 PROW: 1 PBANK: f CYCLE: 12479
PNORMAL PADDR: 0 VADDR: 0 PROW: 3 PBANK: f CYCLE: 12479
NORMAL PADDR: 0 VADDR: 0 PROW: 0 PBANK: 0 CYCLE: 12479
PNORMAL PADDR: 0 VADDR: 0 PROW: 0 PBANK: 0 CYCLE: 12479
NORMAL PADDR: 0 VADDR: 0 PROW: 0 PBANK: 1 CYCLE: 12479
PNORMAL PADDR: 0 VADDR: 0 PROW: 0 PBANK: 1 CYCLE: 12479
NORMAL PADDR: 0 VADDR: 0 PROW: 0 PBANK: 2 CYCLE: 12479
PNORMAL PADDR: 0 VADDR: 0 PROW: 0 PBANK: 2 CYCLE: 12479
NORMAL PADDR: 0 VADDR: 0 PROW: 0 PBANK: 3 CYCLE: 12479
PNORMAL PADDR: 0 VADDR: 0 PROW: 0 PBANK: 3 CYCLE: 12479
NORMAL PADDR: 0 VADDR: 0 PROW: 0 PBANK: 4 CYCLE: 12479
PNORMAL PADDR: 0 VADDR: 0 PROW: 0 PBANK: 4 CYCLE: 12479
NORMAL PADDR: 0 VADDR: 0 PROW: 0 PBANK: 5 CYCLE: 12479
PNORMAL PADDR: 0 VADDR: 0 PROW: 0 PBANK: 5 CYCLE: 12479
NORMAL PADDR: 0 VADDR: 0 PROW: 0 PBANK: 6 CYCLE: 12479
PNORMAL PADDR: 0 VADDR: 0 PROW: 0 PBANK: 6 CYCLE: 12479
NORMAL PADDR: 0 VADDR: 0 PROW: 0 PBANK: 7 CYCLE: 12479
PNORMAL PADDR: 0 VADDR: 0 PROW: 0 PBANK: 7 CYCLE: 12479
NORMAL PADDR: 0 VADDR: 0 PROW: 0 PBANK: 8 CYCLE: 12479
PNORMAL PADDR: 0 VADDR: 0 PROW: 0 PBANK: 8 CYCLE: 12479
NORMAL PADDR: 0 VADDR: 0 PROW: 0 PBANK: 9 CYCLE: 12479
PNORMAL PADDR: 0 VADDR: 0 PROW: 0 PBANK: 9 CYCLE: 12479
NORMAL PADDR: 0 VADDR: 0 PROW: 0 PBANK: a CYCLE: 12479
PNORMAL PADDR: 0 VADDR: 0 PROW: 0 PBANK: a CYCLE: 12479
NORMAL PADDR: 0 VADDR: 0 PROW: 0 PBANK: b CYCLE: 12479
PNORMAL PADDR: 0 VADDR: 0 PROW: 0 PBANK: b CYCLE: 12479
NORMAL PADDR: 0 VADDR: 0 PROW: 0 PBANK: c CYCLE: 12479
PNORMAL PADDR: 0 VADDR: 0 PROW: 0 PBANK: c CYCLE: 12479
NORMAL PADDR: 0 VADDR: 0 PROW: 0 PBANK: d CYCLE: 12479
PNORMAL PADDR: 0 VADDR: 0 PROW: 0 PBANK: d CYCLE: 12479
NORMAL PADDR: 0 VADDR: 0 PROW: 0 PBANK: e CYCLE: 12479
PNORMAL PADDR: 0 VADDR: 0 PROW: 0 PBANK: e CYCLE: 12479
NORMAL PADDR: 0 VADDR: 0 PROW: 0 PBANK: f CYCLE: 12479
PNORMAL PADDR: 0 VADDR: 0 PROW: 0 PBANK: f CYCLE: 12479
NORMAL PADDR: 0 VADDR: 0 PROW: 1 PBANK: 0 CYCLE: 12479
PNORMAL PADDR: 0 VADDR: 0 PROW: 1 PBANK: 0 CYCLE: 12479
NORMAL PADDR: 0 VADDR: 0 PROW: 1 PBANK: 1 CYCLE: 12479
PNORMAL PADDR: 0 VADDR: 0 PROW: 1 PBANK: 1 CYCLE: 12479
NORMAL PADDR: 0 VADDR: 0 PROW: 1 PBANK: 2 CYCLE: 12479
PNORMAL PADDR: 0 VADDR: 0 PROW: 1 PBANK: 2 CYCLE: 12479
NORMAL PADDR: 0 VADDR: 0 PROW: 1 PBANK: 3 CYCLE: 12479
PNORMAL PADDR: 0 VADDR: 0 PROW: 1 PBANK: 3 CYCLE: 12479
NORMAL PADDR: 0 VADDR: 0 PROW: 1 PBANK: 4 CYCLE: 12479
PNORMAL PADDR: 0 VADDR: 0 PROW: 1 PBANK: 4 CYCLE: 12479
NORMAL PADDR: 0 VADDR: 0 PROW: 1 PBANK: 5 CYCLE: 12479
PNORMAL PADDR: 0 VADDR: 0 PROW: 1 PBANK: 5 CYCLE: 12479
NORMAL PADDR: 0 VADDR: 0 PROW: 1 PBANK: 6 CYCLE: 12479
PNORMAL PADDR: 0 VADDR: 0 PROW: 1 PBANK: 6 CYCLE: 12479
NORMAL PADDR: 0 VADDR: 0 PROW: 1 PBANK: 7 CYCLE: 12479
PNORMAL PADDR: 0 VADDR: 0 PROW: 1 PBANK: 7 CYCLE: 12479
NORMAL PADDR: 0 VADDR: 0 PROW: 1 PBANK: 8 CYCLE: 12479
PNORMAL PADDR: 0 VADDR: 0 PROW: 1 PBANK: 8 CYCLE: 12479
NORMAL PADDR: 0 VADDR: 0 PROW: 1 PBANK: 9 CYCLE: 12479
PNORMAL PADDR: 0 VADDR: 0 PROW: 1 PBANK: 9 CYCLE: 12479
NORMAL PADDR: 0 VADDR: 0 PROW: 1 PBANK: a CYCLE: 12479
PNORMAL PADDR: 0 VADDR: 0 PROW: 1 PBANK: a CYCLE: 12479
NORMAL PADDR: 0 VADDR: 0 PROW: 1 PBANK: b CYCLE: 12479
PNORMAL PADDR: 0 VADDR: 0 PROW: 1 PBANK: b CYCLE: 12479
NORMAL PADDR: 0 VADDR: 0 PROW: 1 PBANK: c CYCLE: 12479
PNORMAL PADDR: 0 VADDR: 0 PROW: 1 PBANK: c CYCLE: 12479
NORMAL PADDR: 0 VADDR: 0 PROW: 1 PBANK: d CYCLE: 12479
PNORMAL PADDR: 0 VADDR: 0 PROW: 1 PBANK: d CYCLE: 12479
NORMAL PADDR: 0 VADDR: 0 PROW: 1 PBANK: e CYCLE: 12479
PNORMAL PADDR: 0 VADDR: 0 PROW: 1 PBANK: e CYCLE: 12479
NORMAL PADDR: 0 VADDR: 0 PROW: 1 PBANK: f CYCLE: 12479
PNORMAL PADDR: 0 VADDR: 0 PROW: 0 PBANK: 0 CYCLE: 0
NORMAL PADDR: 0 VADDR: 0 PROW: 0 PBANK: 0 CYCLE: 12479
PNORMAL PADDR: 0 VADDR: 0 PROW: 0 PBANK: 0 CYCLE: 12479
NORMAL PADDR: 0 VADDR: 0 PROW: 0 PBANK: 1 CYCLE: 12479
PNORMAL PADDR: 0 VADDR: 0 PROW: 0 PBANK: 1 CYCLE: 12479
NORMAL PADDR: 0 VADDR: 0 PROW: 0 PBANK: 2 CYCLE: 12479
PNORMAL PADDR: 0 VADDR: 0 PROW: 0 PBANK: 2 CYCLE: 12479
NORMAL PADDR: 0 VADDR: 0 PROW: 0 PBANK: 3 CYCLE: 12479
PNORMAL PADDR: 0 VADDR: 0 PROW: 0 PBANK: 3 CYCLE: 12479
NORMAL PADDR: 0 VADDR: 0 PROW: 0 PBANK: 4 CYCLE: 12479
PNORMAL PADDR: 0 VADDR: 0 PROW: 0 PBANK: 4 CYCLE: 12479
NORMAL PADDR: 0 VADDR: 0 PROW: 0 PBANK: 5 CYCLE: 12479
PNORMAL PADDR: 0 VADDR: 0 PROW: 0 PBANK: 5 CYCLE: 12479
NORMAL PADDR: 0 VADDR: 0 PROW: 0 PBANK: 6 CYCLE: 12479
PNORMAL PADDR: 0 VADDR: 0 PROW: 0 PBANK: 6 CYCLE: 12479
NORMAL PADDR: 0 VADDR: 0 PROW: 0 PBANK: 7 CYCLE: 12479
PNORMAL PADDR: 0 VADDR: 0 PROW: 0 PBANK: 7 CYCLE: 12479
NORMAL PADDR: 0 VADDR: 0 PROW: 0 PBANK: 8 CYCLE: 12479
PNORMAL PADDR: 0 VADDR: 0 PROW: 0 PBANK: 8 CYCLE: 12479
NORMAL PADDR: 0 VADDR: 0 PROW: 0 PBANK: 9 CYCLE: 12479
PNORMAL PADDR: 0 VADDR: 0 PROW: 0 PBANK: 9 CYCLE: 12479
NORMAL PADDR: 0 VADDR: 0 PROW: 0 PBANK: a CYCLE: 12479
PNORMAL PADDR: 0 VADDR: 0 PROW: 0 PBANK: a CYCLE: 12479
NORMAL PADDR: 0 VADDR: 0 PROW: 0 PBANK: b CYCLE: 12479
PNORMAL PADDR: 0 VADDR: 0 PROW: 0 PBANK: b CYCLE: 12479
NORMAL PADDR: 0 VADDR: 0 PROW: 0 PBANK: c CYCLE: 12479
PNORMAL PADDR: 0 VADDR: 0 PROW: 0 PBANK: c CYCLE: 12479
NORMAL PADDR: 0 VADDR: 0 PROW: 0 PBANK: d CYCLE: 12479
PNORMAL PADDR: 0 VADDR: 0 PROW: 0 PBANK: d CYCLE: 12479
NORMAL PADDR: 0 VADDR: 0 PROW: 0 PBANK: e CYCLE: 12479
PNORMAL PADDR: 0 VADDR: 0 PROW: 0 PBANK: e CYCLE: 12479
NORMAL PADDR: 0 VADDR: 0 PROW: 0 PBANK: f CYCLE: 12479
PNORMAL PADDR: 0 VADDR: 0 PROW: 0 PBANK: f CYCLE: 12479
NORMAL PADDR: 0 VADDR: 0 PROW: 1 PBANK: 0 CYCLE: 12479
PNORMAL PADDR: 0 VADDR: 0 PROW: 1 PBANK: 0 CYCLE: 12479
NORMAL PADDR: 0 VADDR: 0 PROW: 1 PBANK: 1 CYCLE: 12479
PNORMAL PADDR: 0 VADDR: 0 PROW: 1 PBANK: 1 CYCLE: 12479
NORMAL PADDR: 0 VADDR: 0 PROW: 1 PBANK: 2 CYCLE: 12479
PNORMAL PADDR: 0 VADDR: 0 PROW: 1 PBANK: 2 CYCLE: 12479
NORMAL PADDR: 0 VADDR: 0 PROW: 1 PBANK: 3 CYCLE: 12479
PNORMAL PADDR: 0 VADDR: 0 PROW: 1 PBANK: 3 CYCLE: 12479
NORMAL PADDR: 0 VADDR: 0 PROW: 1 PBANK: 4 CYCLE: 12479
PNORMAL PADDR: 0 VADDR: 0 PROW: 1 PBANK: 4 CYCLE: 12479
NORMAL PADDR: 0 VADDR: 0 PROW: 1 PBANK: 5 CYCLE: 12479
PNORMAL PADDR: 0 VADDR: 0 PROW: 1 PBANK: 5 CYCLE: 12479
NORMAL PADDR: 0 VADDR: 0 PROW: 1 PBANK: 6 CYCLE: 12479
PNORMAL PADDR: 0 VADDR: 0 PROW: 1 PBANK: 6 CYCLE: 12479
NORMAL PADDR: 0 VADDR: 0 PROW: 1 PBANK: 7 CYCLE: 12479
PNORMAL PADDR: 0 VADDR: 0 PROW: 1 PBANK: 7 CYCLE: 12479
NORMAL PADDR: 0 VADDR: 0 PROW: 1 PBANK: 8 CYCLE: 12479
PNORMAL PADDR: 0 VADDR: 0 PROW: 1 PBANK: 8 CYCLE: 12479
NORMAL PADDR: 0 VADDR: 0 PROW: 1 PBANK: 9 CYCLE: 12479
PNORMAL PADDR: 0 VADDR: 0 PROW: 1 PBANK: 9 CYCLE: 12479
NORMAL PADDR: 0 VADDR: 0 PROW: 1 PBANK: a CYCLE: 12479
PNORMAL PADDR: 0 VADDR: 0 PROW: 1 PBANK: a CYCLE: 12479
NORMAL PADDR: 0 VADDR: 0 PROW: 1 PBANK: b CYCLE: 12479
PNORMAL PADDR: 0 VADDR: 0 PROW: 1 PBANK: b CYCLE: 12479
NORMAL PADDR: 0 VADDR: 0 PROW: 1 PBANK: c CYCLE: 12479
PNORMAL PADDR: 0 VADDR: 0 PROW: 1 PBANK: c CYCLE: 12479
NORMAL PADDR: 0 VADDR: 0 PROW: 1 PBANK: d CYCLE: 12479
PNORMAL PADDR: 0 VADDR: 0 PROW: 1 PBANK: d CYCLE: 12479
NORMAL PADDR: 0 VADDR: 0 PROW: 1 PBANK: e CYCLE: 12479
PNORMAL PADDR: 0 VADDR: 0 PROW: 1 PBANK: e CYCLE: 12479
NORMAL PADDR: 0 VADDR: 0 PROW: 1 PBANK: f CYCLE: 12479
PNORMAL PADDR: 0 VADDR: 0 PROW: 3 PBANK: f CYCLE: 12479
NORMAL PADDR: 0 VADDR: 0 PROW: 0 PBANK: 0 CYCLE: 12479
PNORMAL PADDR: 0 VADDR: 0 PROW: 0 PBANK: 0 CYCLE: 12479
NORMAL PADDR: 0 VADDR: 0 PROW: 0 PBANK: 1 CYCLE: 12479
PNORMAL PADDR: 0 VADDR: 0 PROW: 0 PBANK: 1 CYCLE: 12479
NORMAL PADDR: 0 VADDR: 0 PROW: 0 PBANK: 2 CYCLE: 12479
PNORMAL PADDR: 0 VADDR: 0 PROW: 0 PBANK: 2 CYCLE: 12479
NORMAL PADDR: 0 VADDR: 0 PROW: 0 PBANK: 3 CYCLE: 12479
PNORMAL PADDR: 0 VADDR: 0 PROW: 0 PBANK: 3 CYCLE: 12479
NORMAL PADDR: 0 VADDR: 0 PROW: 0 PBANK: 4 CYCLE: 12479
PNORMAL PADDR: 0 VADDR: 0 PROW: 0 PBANK: 4 CYCLE: 12479
NORMAL PADDR: 0 VADDR: 0 PROW: 0 PBANK: 5 CYCLE: 12479
PNORMAL PADDR: 0 VADDR: 0 PROW: 0 PBANK: 5 CYCLE: 12479
NORMAL PADDR: 0 VADDR: 0 PROW: 0 PBANK: 6 CYCLE: 12479
PNORMAL PADDR: 0 VADDR: 0 PROW: 0 PBANK: 6 CYCLE: 12479
NORMAL PADDR: 0 VADDR: 0 PROW: 0 PBANK: 7 CYCLE: 12479
PNORMAL PADDR: 0 VADDR: 0 PROW: 0 PBANK: 7 CYCLE: 12479
NORMAL PADDR: 0 VADDR: 0 PROW: 0 PBANK: 8 CYCLE: 12479
PNORMAL PADDR: 0 VADDR: 0 PROW: 0 PBANK: 8 CYCLE: 12479
NORMAL PADDR: 0 VADDR: 0 PROW: 0 PBANK: 9 CYCLE: 12479
PNORMAL PADDR: 0 VADDR: 0 PROW: 0 PBANK: 9 CYCLE: 12479
NORMAL PADDR: 0 VADDR: 0 PROW: 0 PBANK: a CYCLE: 12479
PNORMAL PADDR: 0 VADDR: 0 PROW: 0 PBANK: a CYCLE: 12479
NORMAL PADDR: 0 VADDR: 0 PROW: 0 PBANK: b CYCLE: 12479
PNORMAL PADDR: 0 VADDR: 0 PROW: 0 PBANK: b CYCLE: 12479
NORMAL PADDR: 0 VADDR: 0 PROW: 0 PBANK: c CYCLE: 12479
PNORMAL PADDR: 0 VADDR: 0 PROW: 0 PBANK: c CYCLE: 12479
NORMAL PADDR: 0 VADDR: 0 PROW: 0 PBANK: d CYCLE: 12479
PNORMAL PADDR: 0 VADDR: 0 PROW: 0 PBANK: d CYCLE: 12479
NORMAL PADDR: 0 VADDR: 0 PROW: 0 PBANK: e CYCLE: 12479
PNORMAL PADDR: 0 VADDR: 0 PROW: 0 PBANK: e CYCLE: 12479
NORMAL PADDR: 0 VADDR: 0 PROW: 0 PBANK: f CYCLE: 12479
PNORMAL PADDR: 0 VADDR: 0 PROW: 0 PBANK: f CYCLE: 12479
NORMAL PADDR: 0 VADDR: 0 PROW: 1 PBANK: 0 CYCLE: 12479
PNORMAL PADDR: 0 VADDR: 0 PROW: 1 PBANK: 0 CYCLE: 12479
NORMAL PADDR: 0 VADDR: 0 PROW: 1 PBANK: 1 CYCLE: 12479
PNORMAL PADDR: 0 VADDR: 0 PROW: 1 PBANK: 1 CYCLE: 12479
NORMAL PADDR: 0 VADDR: 0 PROW: 1 PBANK: 2 CYCLE: 12479
PNORMAL PADDR: 0 VADDR: 0 PROW: 1 PBANK: 2 CYCLE: 12479
NORMAL PADDR: 0 VADDR: 0 PROW: 1 PBANK: 3 CYCLE: 12479
PNORMAL PADDR: 0 VADDR: 0 PROW: 1 PBANK: 3 CYCLE: 12479
NORMAL PADDR: 0 VADDR: 0 PROW: 1 PBANK: 4 CYCLE: 12479
PNORMAL PADDR: 0 VADDR: 0 PROW: 1 PBANK: 4 CYCLE: 12479
NORMAL PADDR: 0 VADDR: 0 PROW: 1 PBANK: 5 CYCLE: 12479
PNORMAL PADDR: 0 VADDR: 0 PROW: 1 PBANK: 5 CYCLE: 12479
NORMAL PADDR: 0 VADDR: 0 PROW: 1 PBANK: 6 CYCLE: 12479
PNORMAL PADDR: 0 VADDR: 0 PROW: 1 PBANK: 6 CYCLE: 12479
NORMAL PADDR: 0 VADDR: 0 PROW: 1 PBANK: 7 CYCLE: 12479
PNORMAL PADDR: 0 VADDR: 0 PROW: 1 PBANK: 7 CYCLE: 12479
NORMAL PADDR: 0 VADDR: 0 PROW: 1 PBANK: 8 CYCLE: 12479
PNORMAL PADDR: 0 VADDR: 0 PROW: 1 PBANK: 8 CYCLE: 12479
NORMAL PADDR: 0 VADDR: 0 PROW: 1 PBANK: 9 CYCLE: 12479
PNORMAL PADDR: 0 VADDR: 0 PROW: 1 PBANK: 9 CYCLE: 12479
NORMAL PADDR: 0 VADDR: 0 PROW: 1 PBANK: a CYCLE: 12479
PNORMAL PADDR: 0 VADDR: 0 PROW: 1 PBANK: a CYCLE: 12479
NORMAL PADDR: 0 VADDR: 0 PROW: 1 PBANK: b CYCLE: 12479
PNORMAL PADDR: 0 VADDR: 0 PROW: 1 PBANK: b CYCLE: 12479
NORMAL PADDR: 0 VADDR: 0 PROW: 1 PBANK: c CYCLE: 12479
PNORMAL PADDR: 0 VADDR: 0 PROW: 1 PBANK: c CYCLE: 12479
NORMAL PADDR: 0 VADDR: 0 PROW: 1 PBANK: d CYCLE: 12479
PNORMAL PADDR: 0 VADDR: 0 PROW: 1 PBANK: d CYCLE: 12479
NORMAL PADDR: 0 VADDR: 0 PROW: 1 PBANK: e CYCLE: 12479
PNORMAL PADDR: 0 VADDR: 0 PROW: 1 PBANK: e CYCLE: 12479
NORMAL PADDR: 0 VADDR: 0 PROW: 1 PBANK: f CYCLE: 12479
PNORMAL PADDR: 0 VADDR: 0 PROW: 0 PBANK: 0 CYCLE: 0
NORMAL PADDR: 2000 VADDR: 0 PROW: 0 PBANK: 0 CYCLE: 19
PNORMAL PADDR: 2000 VADDR: 0 PROW: 0 PBANK: 0 CYCLE: 19
NORMAL PADDR: a618 VADDR: 0 PROW: 0 PBANK: 2 CYCLE: 519
PNORMAL PADDR: a618 VADDR: 0 PROW: 0 PBANK: 2 CYCLE: 519
NORMAL PADDR: 4fc0 VADDR: 0 PROW: 0 PBANK: f CYCLE: 706
PNORMAL PADDR: 4fc0 VADDR: 0 PROW: 0 PBANK: f CYCLE: 706
NORMAL PADDR: 8558 VADDR: 0 PROW: 0 PBANK: 5 CYCLE: 710
PNORMAL PADDR: 8558 VADDR: 0 PROW: 0 PBANK: 5 CYCLE: 710
NORMAL PADDR: 12de8 VADDR: 0 PROW: 0 PBANK: d CYCLE: 966
PNORMAL PADDR: 12de8 VADDR: 0 PROW: 0 PBANK: d CYCLE: 966
NORMAL PADDR: a648 VADDR: 0 PROW: 0 PBANK: 6 CYCLE: 1040
PNORMAL PADDR: a648 VADDR: 0 PROW: 0 PBANK: 6 CYCLE: 1040
NORMAL PADDR: 18681 VADDR: 0 PROW: 0 PBANK: a CYCLE: 1182
PNORMAL PADDR: 18681 VADDR: 0 PROW: 0 PBANK: a CYCLE: 1182
NORMAL PADDR: 186c1 VADDR: 0 PROW: 0 PBANK: e CYCLE: 1186
PNORMAL PADDR: 186c1 VADDR: 0 PROW: 0 PBANK: e CYCLE: 1186
NORMAL PADDR: 1a858 VADDR: 0 PROW: 0 PBANK: 4 CYCLE: 1227
PNORMAL PADDR: 1a858 VADDR: 0 PROW: 0 PBANK: 4 CYCLE: 1227
NORMAL PADDR: 1a888 VADDR: 0 PROW: 0 PBANK: 8 CYCLE: 1231
PNORMAL PADDR: 1a888 VADDR: 0 PROW: 0 PBANK: 8 CYCLE: 1231
NORMAL PADDR: 1a8f8 VADDR: 0 PROW: 0 PBANK: c CYCLE: 1235
PNORMAL PADDR: 1a8f8 VADDR: 0 PROW: 0 PBANK: c CYCLE: 1235
NORMAL PADDR: 1abb8 VADDR: 0 PROW: 0 PBANK: b CYCLE: 1239
PNORMAL PADDR: 1abb8 VADDR: 0 PROW: 0 PBANK: b CYCLE: 1239
NORMAL PADDR: 10d10 VADDR: 0 PROW: 0 PBANK: 1 CYCLE: 1261
PNORMAL PADDR: 10d10 VADDR: 0 PROW: 0 PBANK: 1 CYCLE: 1261
NORMAL PADDR: a758 VADDR: 0 PROW: 0 PBANK: 7 CYCLE: 1265
PNORMAL PADDR: a758 VADDR: 0 PROW: 0 PBANK: 7 CYCLE: 1265
NORMAL PADDR: 20758 VADDR: 0 PROW: 0 PBANK: 7 CYCLE: 1406
PNORMAL PADDR: 20758 VADDR: 0 PROW: 0 PBANK: 7 CYCLE: 1406
NORMAL PADDR: 226db VADDR: 0 PROW: 0 PBANK: e CYCLE: 1470
PNORMAL PADDR: 226db VADDR: 0 PROW: 0 PBANK: e CYCLE: 1470
NORMAL PADDR: c981 VADDR: 0 PROW: 0 PBANK: 9 CYCLE: 1513
PNORMAL PADDR: c981 VADDR: 0 PROW: 0 PBANK: 9 CYCLE: 1513
NORMAL PADDR: 24c90 VADDR: 0 PROW: 0 PBANK: 8 CYCLE: 1632
PNORMAL PADDR: 24c90 VADDR: 0 PROW: 0 PBANK: 8 CYCLE: 1632
NORMAL PADDR: 267c9 VADDR: 0 PROW: 0 PBANK: f CYCLE: 1749
PNORMAL PADDR: 267c9 VADDR: 0 PROW: 0 PBANK: f CYCLE: 1749
NORMAL PADDR: 26800 VADDR: 0 PROW: 0 PBANK: 0 CYCLE: 1753
PNORMAL PADDR: 26800 VADDR: 0 PROW: 0 PBANK: 0 CYCLE: 1753
NORMAL PADDR: 285ac VADDR: 0 PROW: 0 PBANK: 9 CYCLE: 1816
PNORMAL PADDR: 285ac VADDR: 0 PROW: 0 PBANK: 9 CYCLE: 1816
NORMAL PADDR: 2a920 VADDR: 0 PROW: 0 PBANK: 1 CYCLE: 1947
PNORMAL PADDR: 2a920 VADDR: 0 PROW: 0 PBANK: 1 CYCLE: 1947
NORMAL PADDR: 268c3 VADDR: 0 PROW: 0 PBANK: c CYCLE: 2131
PNORMAL PADDR: 268c3 VADDR: 0 PROW: 0 PBANK: c CYCLE: 2131
PREFETCH PADDR: 26940 VADDR: 0 PROW: 0 PBANK: 5 CYCLE: 2136
PPREFETCH PADDR: 26940 VADDR: 0 PROW: 0 PBANK: 5 CYCLE: 2136
NORMAL PADDR: 24338 VADDR: 0 PROW: 0 PBANK: 3 CYCLE: 2198
PNORMAL PADDR: 24338 VADDR: 0 PROW: 0 PBANK: 3 CYCLE: 2198
PREFETCH PADDR: 269c0 VADDR: 0 PROW: 0 PBANK: d CYCLE: 2208
PPREFETCH PADDR: 269c0 VADDR: 0 PROW: 0 PBANK: d CYCLE: 2208
PREFETCH PADDR: 26a00 VADDR: 0 PROW: 0 PBANK: 2 CYCLE: 2212
PPREFETCH PADDR: 26a00 VADDR: 0 PROW: 0 PBANK: 2 CYCLE: 2212
NORMAL PADDR: 26a5f VADDR: 0 PROW: 0 PBANK: 6 CYCLE: 2379
PNORMAL PADDR: 26a5f VADDR: 0 PROW: 0 PBANK: 6 CYCLE: 2379
NORMAL PADDR: 26b80 VADDR: 0 PROW: 0 PBANK: b CYCLE: 2831
PNORMAL PADDR: 26b80 VADDR: 0 PROW: 0 PBANK: b CYCLE: 2831
PREFETCH PADDR: 26c40 VADDR: 0 PROW: 0 PBANK: 4 CYCLE: 2835
PPREFETCH PADDR: 26c40 VADDR: 0 PROW: 0 PBANK: 4 CYCLE: 2835
NORMAL PADDR: 40e6f VADDR: 0 PROW: 1 PBANK: 6 CYCLE: 3653
PNORMAL PADDR: 40e6f VADDR: 0 PROW: 1 PBANK: 6 CYCLE: 3653
NORMAL PADDR: 40e81 VADDR: 0 PROW: 1 PBANK: a CYCLE: 3657
PNORMAL PADDR: 40e81 VADDR: 0 PROW: 1 PBANK: a CYCLE: 3657
NORMAL PADDR: 42b98 VADDR: 0 PROW: 1 PBANK: b CYCLE: 3862
PNORMAL PADDR: 42b98 VADDR: 0 PROW: 1 PBANK: b CYCLE: 3862
NORMAL PADDR: 44560 VADDR: 0 PROW: 1 PBANK: 5 CYCLE: 3867
PNORMAL PADDR: 44560 VADDR: 0 PROW: 1 PBANK: 5 CYCLE: 3867
NORMAL PADDR: 42858 VADDR: 0 PROW: 1 PBANK: 4 CYCLE: 3953
PNORMAL PADDR: 42858 VADDR: 0 PROW: 1 PBANK: 4 CYCLE: 3953
NORMAL PADDR: 46cd8 VADDR: 0 PROW: 1 PBANK: c CYCLE: 4023
PNORMAL PADDR: 46cd8 VADDR: 0 PROW: 1 PBANK: c CYCLE: 4023
NORMAL PADDR: 4458d VADDR: 0 PROW: 1 PBANK: 9 CYCLE: 4105
PNORMAL PADDR: 4458d VADDR: 0 PROW: 1 PBANK: 9 CYCLE: 4105
NORMAL PADDR: 445c0 VADDR: 0 PROW: 1 PBANK: d CYCLE: 4186
PNORMAL PADDR: 445c0 VADDR: 0 PROW: 1 PBANK: d CYCLE: 4186
NORMAL PADDR: 48370 VADDR: 0 PROW: 1 PBANK: 7 CYCLE: 4268
PNORMAL PADDR: 48370 VADDR: 0 PROW: 1 PBANK: 7 CYCLE: 4268
NORMAL PADDR: 4460a VADDR: 0 PROW: 1 PBANK: 2 CYCLE: 4272
PNORMAL PADDR: 4460a VADDR: 0 PROW: 1 PBANK: 2 CYCLE: 4272
NORMAL PADDR: 4ac28 VADDR: 0 PROW: 1 PBANK: 0 CYCLE: 4354
PNORMAL PADDR: 4ac28 VADDR: 0 PROW: 1 PBANK: 0 CYCLE: 4354
NORMAL PADDR: 104c8 VADDR: 0 PROW: 0 PBANK: c CYCLE: 4361
PNORMAL PADDR: 104c8 VADDR: 0 PROW: 0 PBANK: c CYCLE: 4361
NORMAL PADDR: 4ccd0 VADDR: 0 PROW: 1 PBANK: c CYCLE: 4515
PNORMAL PADDR: 4ccd0 VADDR: 0 PROW: 1 PBANK: c CYCLE: 4515
PREFETCH PADDR: 1ab40 VADDR: 0 PROW: 0 PBANK: 7 CYCLE: 4830
PPREFETCH PADDR: 1ab40 VADDR: 0 PROW: 0 PBANK: 7 CYCLE: 4830
NORMAL PADDR: 1ac08 VADDR: 0 PROW: 0 PBANK: 0 CYCLE: 4956
PNORMAL PADDR: 1ac08 VADDR: 0 PROW: 0 PBANK: 0 CYCLE: 4956
PREFETCH PADDR: 1ac40 VADDR: 0 PROW: 0 PBANK: 4 CYCLE: 4960
PPREFETCH PADDR: 1ac40 VADDR: 0 PROW: 0 PBANK: 4 CYCLE: 4960
PREFETCH PADDR: 1ad80 VADDR: 0 PROW: 0 PBANK: 9 CYCLE: 4964
PPREFETCH PADDR: 1ad80 VADDR: 0 PROW: 0 PBANK: 9 CYCLE: 4964
NORMAL PADDR: 54138 VADDR: 0 PROW: 1 PBANK: 1 CYCLE: 5128
PNORMAL PADDR: 54138 VADDR: 0 PROW: 1 PBANK: 1 CYCLE: 5128
NORMAL PADDR: 82a0 VADDR: 0 PROW: 0 PBANK: a CYCLE: 5334
PNORMAL PADDR: 82a0 VADDR: 0 PROW: 0 PBANK: a CYCLE: 5334
NORMAL PADDR: a4d0 VADDR: 0 PROW: 0 PBANK: c CYCLE: 5428
PNORMAL PADDR: a4d0 VADDR: 0 PROW: 0 PBANK: c CYCLE: 5428
NORMAL PADDR: 582a0 VADDR: 0 PROW: 1 PBANK: a CYCLE: 5494
PNORMAL PADDR: 582a0 VADDR: 0 PROW: 1 PBANK: a CYCLE: 5494
NORMAL PADDR: 5a4d0 VADDR: 0 PROW: 1 PBANK: c CYCLE: 5589
PNORMAL PADDR: 5a4d0 VADDR: 0 PROW: 1 PBANK: c CYCLE: 5589
NORMAL PADDR: 481b0 VADDR: 0 PROW: 1 PBANK: 9 CYCLE: 5670
PNORMAL PADDR: 481b0 VADDR: 0 PROW: 1 PBANK: 9 CYCLE: 5670
NORMAL PADDR: 5ef28 VADDR: 0 PROW: 1 PBANK: 3 CYCLE: 5775
PNORMAL PADDR: 5ef28 VADDR: 0 PROW: 1 PBANK: 3 CYCLE: 5775
NORMAL PADDR: c701 VADDR: 0 PROW: 0 PBANK: 3 CYCLE: 5903
PNORMAL PADDR: c701 VADDR: 0 PROW: 0 PBANK: 3 CYCLE: 5903
NORMAL PADDR: 60110 VADDR: 0 PROW: 1 PBANK: 1 CYCLE: 6109
PNORMAL PADDR: 60110 VADDR: 0 PROW: 1 PBANK: 1 CYCLE: 6109
PREFETCH PADDR: c780 VADDR: 0 PROW: 0 PBANK: b CYCLE: 6195
PPREFETCH PADDR: c780 VADDR: 0 PROW: 0 PBANK: b CYCLE: 6195
NORMAL PADDR: a280 VADDR: 0 PROW: 0 PBANK: a CYCLE: 6203
PNORMAL PADDR: a280 VADDR: 0 PROW: 0 PBANK: a CYCLE: 6203
NORMAL PADDR: 62280 VADDR: 0 PROW: 1 PBANK: a CYCLE: 6344
PNORMAL PADDR: 62280 VADDR: 0 PROW: 1 PBANK: a CYCLE: 6344
NORMAL PADDR: 622e8 VADDR: 0 PROW: 1 PBANK: e CYCLE: 6468
PNORMAL PADDR: 622e8 VADDR: 0 PROW: 1 PBANK: e CYCLE: 6468
NORMAL PADDR: 48008 VADDR: 0 PROW: 1 PBANK: 0 CYCLE: 6555
PNORMAL PADDR: 48008 VADDR: 0 PROW: 1 PBANK: 0 CYCLE: 6555
NORMAL PADDR: c804 VADDR: 0 PROW: 0 PBANK: 0 CYCLE: 6627
PNORMAL PADDR: c804 VADDR: 0 PROW: 0 PBANK: 0 CYCLE: 6627
NORMAL PADDR: 286ce VADDR: 0 PROW: 0 PBANK: e CYCLE: 6746
PNORMAL PADDR: 286ce VADDR: 0 PROW: 0 PBANK: e CYCLE: 6746
NORMAL PADDR: 286b8 VADDR: 0 PROW: 0 PBANK: a CYCLE: 6976
PNORMAL PADDR: 286b8 VADDR: 0 PROW: 0 PBANK: a CYCLE: 6976
NORMAL PADDR: 1ecdc VADDR: 0 PROW: 0 PBANK: c CYCLE: 7118
PNORMAL PADDR: 1ecdc VADDR: 0 PROW: 0 PBANK: c CYCLE: 7118
NORMAL PADDR: 28904 VADDR: 0 PROW: 0 PBANK: 1 CYCLE: 7838
PNORMAL PADDR: 28904 VADDR: 0 PROW: 0 PBANK: 1 CYCLE: 7838
NORMAL PADDR: 642af VADDR: 0 PROW: 1 PBANK: a CYCLE: 12408
PNORMAL PADDR: 642af VADDR: 0 PROW: 1 PBANK: a CYCLE: 12408
NORMAL PADDR: 642c1 VADDR: 0 PROW: 1 PBANK: e CYCLE: 12412
PNORMAL PADDR: 642c1 VADDR: 0 PROW: 1 PBANK: e CYCLE: 12412
NORMAL PADDR: 64301 VADDR: 0 PROW: 1 PBANK: 3 CYCLE: 12416
PNORMAL PADDR: 64301 VADDR: 0 PROW: 1 PBANK: 3 CYCLE: 12416
NORMAL PADDR: 0 VADDR: 0 PROW: 0 PBANK: 0 CYCLE: 12510
PNORMAL PADDR: 0 VADDR: 0 PROW: 0 PBANK: 0 CYCLE: 12510
NORMAL PADDR: 0 VADDR: 0 PROW: 0 PBANK: 1 CYCLE: 12510
PNORMAL PADDR: 0 VADDR: 0 PROW: 0 PBANK: 1 CYCLE: 12510
NORMAL PADDR: 0 VADDR: 0 PROW: 0 PBANK: 2 CYCLE: 12510
PNORMAL PADDR: 0 VADDR: 0 PROW: 0 PBANK: 2 CYCLE: 12510
NORMAL PADDR: 0 VADDR: 0 PROW: 0 PBANK: 3 CYCLE: 12510
PNORMAL PADDR: 0 VADDR: 0 PROW: 0 PBANK: 3 CYCLE: 12510
NORMAL PADDR: 0 VADDR: 0 PROW: 0 PBANK: 4 CYCLE: 12510
PNORMAL PADDR: 0 VADDR: 0 PROW: 0 PBANK: 4 CYCLE: 12510
NORMAL PADDR: 0 VADDR: 0 PROW: 0 PBANK: 5 CYCLE: 12510
PNORMAL PADDR: 0 VADDR: 0 PROW: 0 PBANK: 5 CYCLE: 12510
NORMAL PADDR: 0 VADDR: 0 PROW: 0 PBANK: 6 CYCLE: 12510
PNORMAL PADDR: 0 VADDR: 0 PROW: 0 PBANK: 6 CYCLE: 12510
NORMAL PADDR: 0 VADDR: 0 PROW: 0 PBANK: 7 CYCLE: 12510
PNORMAL PADDR: 0 VADDR: 0 PROW: 0 PBANK: 7 CYCLE: 12510
NORMAL PADDR: 0 VADDR: 0 PROW: 0 PBANK: 8 CYCLE: 12510
PNORMAL PADDR: 0 VADDR: 0 PROW: 0 PBANK: 8 CYCLE: 12510
NORMAL PADDR: 0 VADDR: 0 PROW: 0 PBANK: 9 CYCLE: 12510
PNORMAL PADDR: 0 VADDR: 0 PROW: 0 PBANK: 9 CYCLE: 12510
NORMAL PADDR: 0 VADDR: 0 PROW: 0 PBANK: a CYCLE: 12510
PNORMAL PADDR: 0 VADDR: 0 PROW: 0 PBANK: a CYCLE: 12510
NORMAL PADDR: 0 VADDR: 0 PROW: 0 PBANK: b CYCLE: 12510
PNORMAL PADDR: 0 VADDR: 0 PROW: 0 PBANK: b CYCLE: 12510
NORMAL PADDR: 0 VADDR: 0 PROW: 0 PBANK: c CYCLE: 12510
PNORMAL PADDR: 0 VADDR: 0 PROW: 0 PBANK: c CYCLE: 12510
NORMAL PADDR: 0 VADDR: 0 PROW: 0 PBANK: d CYCLE: 12510
PNORMAL PADDR: 0 VADDR: 0 PROW: 0 PBANK: d CYCLE: 12510
NORMAL PADDR: 0 VADDR: 0 PROW: 0 PBANK: e CYCLE: 12510
PNORMAL PADDR: 0 VADDR: 0 PROW: 0 PBANK: e CYCLE: 12510
NORMAL PADDR: 0 VADDR: 0 PROW: 0 PBANK: f CYCLE: 12510
PNORMAL PADDR: 0 VADDR: 0 PROW: 0 PBANK: f CYCLE: 12510
NORMAL PADDR: 0 VADDR: 0 PROW: 1 PBANK: 0 CYCLE: 12510
PNORMAL PADDR: 0 VADDR: 0 PROW: 1 PBANK: 0 CYCLE: 12510
NORMAL PADDR: 0 VADDR: 0 PROW: 1 PBANK: 1 CYCLE: 12510
PNORMAL PADDR: 0 VADDR: 0 PROW: 1 PBANK: 1 CYCLE: 12510
NORMAL PADDR: 0 VADDR: 0 PROW: 1 PBANK: 2 CYCLE: 12510
PNORMAL PADDR: 0 VADDR: 0 PROW: 1 PBANK: 2 CYCLE: 12510
NORMAL PADDR: 0 VADDR: 0 PROW: 1 PBANK: 3 CYCLE: 12510
PNORMAL PADDR: 0 VADDR: 0 PROW: 1 PBANK: 3 CYCLE: 12510
NORMAL PADDR: 0 VADDR: 0 PROW: 1 PBANK: 4 CYCLE: 12510
PNORMAL PADDR: 0 VADDR: 0 PROW: 1 PBANK: 4 CYCLE: 12510
NORMAL PADDR: 0 VADDR: 0 PROW: 1 PBANK: 5 CYCLE: 12510
PNORMAL PADDR: 0 VADDR: 0 PROW: 1 PBANK: 5 CYCLE: 12510
NORMAL PADDR: 0 VADDR: 0 PROW: 1 PBANK: 6 CYCLE: 12510
PNORMAL PADDR: 0 VADDR: 0 PROW: 1 PBANK: 6 CYCLE: 12510
NORMAL PADDR: 0 VADDR: 0 PROW: 1 PBANK: 7 CYCLE: 12510
PNORMAL PADDR: 0 VADDR: 0 PROW: 1 PBANK: 7 CYCLE: 12510
NORMAL PADDR: 0 VADDR: 0 PROW: 1 PBANK: 8 CYCLE: 12510
PNORMAL PADDR: 0 VADDR: 0 PROW: 1 PBANK: 8 CYCLE: 12510
NORMAL PADDR: 0 VADDR: 0 PROW: 1 PBANK: 9 CYCLE: 12510
PNORMAL PADDR: 0 VADDR: 0 PROW: 1 PBANK: 9 CYCLE: 12510
NORMAL PADDR: 0 VADDR: 0 PROW: 1 PBANK: a CYCLE: 12510
PNORMAL PADDR: 0 VADDR: 0 PROW: 1 PBANK: a CYCLE: 12510
NORMAL PADDR: 0 VADDR: 0 PROW: 1 PBANK: b CYCLE: 12510
PNORMAL PADDR: 0 VADDR: 0 PROW: 1 PBANK: b CYCLE: 12510
NORMAL PADDR: 0 VADDR: 0 PROW: 1 PBANK: c CYCLE: 12510
PNORMAL PADDR: 0 VADDR: 0 PROW: 1 PBANK: c CYCLE: 12510
NORMAL PADDR: 0 VADDR: 0 PROW: 1 PBANK: d CYCLE: 12510
PNORMAL PADDR: 0 VADDR: 0 PROW: 1 PBANK: d CYCLE: 12510
NORMAL PADDR: 0 VADDR: 0 PROW: 1 PBANK: e CYCLE: 12510
PNORMAL PADDR: 0 VADDR: 0 PROW: 1 PBANK: e CYCLE: 12510
NORMAL PADDR: 0 VADDR: 0 PROW: 1 PBANK: f CYCLE: 12510
PNORMAL PADDR: 0 VADDR: 0 PROW: 3 PBANK: f CYCLE: 12510
NORMAL PADDR: 0 VADDR: 0 PROW: 0 PBANK: 0 CYCLE: 12510
PNORMAL PADDR: 0 VADDR: 0 PROW: 0 PBANK: 0 CYCLE: 12510
NORMAL PADDR: 0 VADDR: 0 PROW: 0 PBANK: 1 CYCLE: 12510
PNORMAL PADDR: 0 VADDR: 0 PROW: 0 PBANK: 1 CYCLE: 12510
NORMAL PADDR: 0 VADDR: 0 PROW: 0 PBANK: 2 CYCLE: 12510
PNORMAL PADDR: 0 VADDR: 0 PROW: 0 PBANK: 2 CYCLE: 12510
NORMAL PADDR: 0 VADDR: 0 PROW: 0 PBANK: 3 CYCLE: 12510
PNORMAL PADDR: 0 VADDR: 0 PROW: 0 PBANK: 3 CYCLE: 12510
NORMAL PADDR: 0 VADDR: 0 PROW: 0 PBANK: 4 CYCLE: 12510
PNORMAL PADDR: 0 VADDR: 0 PROW: 0 PBANK: 4 CYCLE: 12510
NORMAL PADDR: 0 VADDR: 0 PROW: 0 PBANK: 5 CYCLE: 12510
PNORMAL PADDR: 0 VADDR: 0 PROW: 0 PBANK: 5 CYCLE: 12510
NORMAL PADDR: 0 VADDR: 0 PROW: 0 PBANK: 6 CYCLE: 12510
PNORMAL PADDR: 0 VADDR: 0 PROW: 0 PBANK: 6 CYCLE: 12510
NORMAL PADDR: 0 VADDR: 0 PROW: 0 PBANK: 7 CYCLE: 12510
PNORMAL PADDR: 0 VADDR: 0 PROW: 0 PBANK: 7 CYCLE: 12510
NORMAL PADDR: 0 VADDR: 0 PROW: 0 PBANK: 8 CYCLE: 12510
PNORMAL PADDR: 0 VADDR: 0 PROW: 0 PBANK: 8 CYCLE: 12510
NORMAL PADDR: 0 VADDR: 0 PROW: 0 PBANK: 9 CYCLE: 12510
PNORMAL PADDR: 0 VADDR: 0 PROW: 0 PBANK: 9 CYCLE: 12510
NORMAL PADDR: 0 VADDR: 0 PROW: 0 PBANK: a CYCLE: 12510
PNORMAL PADDR: 0 VADDR: 0 PROW: 0 PBANK: a CYCLE: 12510
NORMAL PADDR: 0 VADDR: 0 PROW: 0 PBANK: b CYCLE: 12510
PNORMAL PADDR: 0 VADDR: 0 PROW: 0 PBANK: b CYCLE: 12510
NORMAL PADDR: 0 VADDR: 0 PROW: 0 PBANK: c CYCLE: 12510
PNORMAL PADDR: 0 VADDR: 0 PROW: 0 PBANK: c CYCLE: 12510
NORMAL PADDR: 0 VADDR: 0 PROW: 0 PBANK: d CYCLE: 12510
PNORMAL PADDR: 0 VADDR: 0 PROW: 0 PBANK: d CYCLE: 12510
NORMAL PADDR: 0 VADDR: 0 PROW: 0 PBANK: e CYCLE: 12510
PNORMAL PADDR: 0 VADDR: 0 PROW: 0 PBANK: e CYCLE: 12510
NORMAL PADDR: 0 VADDR: 0 PROW: 0 PBANK: f CYCLE: 12510
PNORMAL PADDR: 0 VADDR: 0 PROW: 0 PBANK: f CYCLE: 12510
NORMAL PADDR: 0 VADDR: 0 PROW: 1 PBANK: 0 CYCLE: 12510
PNORMAL PADDR: 0 VADDR: 0 PROW: 1 PBANK: 0 CYCLE: 12510
NORMAL PADDR: 0 VADDR: 0 PROW: 1 PBANK: 1 CYCLE: 12510
PNORMAL PADDR: 0 VADDR: 0 PROW: 1 PBANK: 1 CYCLE: 12510
NORMAL PADDR: 0 VADDR: 0 PROW: 1 PBANK: 2 CYCLE: 12510
PNORMAL PADDR: 0 VADDR: 0 PROW: 1 PBANK: 2 CYCLE: 12510
NORMAL PADDR: 0 VADDR: 0 PROW: 1 PBANK: 3 CYCLE: 12510
PNORMAL PADDR: 0 VADDR: 0 PROW: 1 PBANK: 3 CYCLE: 12510
NORMAL PADDR: 0 VADDR: 0 PROW: 1 PBANK: 4 CYCLE: 12510
PNORMAL PADDR: 0 VADDR: 0 PROW: 1 PBANK: 4 CYCLE: 12510
NORMAL PADDR: 0 VADDR: 0 PROW: 1 PBANK: 5 CYCLE: 12510
PNORMAL PADDR: 0 VADDR: 0 PROW: 1 PBANK: 5 CYCLE: 12510
NORMAL PADDR: 0 VADDR: 0 PROW: 1 PBANK: 6 CYCLE: 12510
PNORMAL PADDR: 0 VADDR: 0 PROW: 1 PBANK: 6 CYCLE: 12510
NORMAL PADDR: 0 VADDR: 0 PROW: 1 PBANK: 7 CYCLE: 12510
PNORMAL PADDR: 0 VADDR: 0 PROW: 1 PBANK: 7 CYCLE: 12510
NORMAL PADDR: 0 VADDR: 0 PROW: 1 PBANK: 8 CYCLE: 12510
PNORMAL PADDR: 0 VADDR: 0 PROW: 1 PBANK: 8 CYCLE: 12510
NORMAL PADDR: 0 VADDR: 0 PROW: 1 PBANK: 9 CYCLE: 12510
PNORMAL PADDR: 0 VADDR: 0 PROW: 1 PBANK: 9 CYCLE: 12510
NORMAL PADDR: 0 VADDR: 0 PROW: 1 PBANK: a CYCLE: 12510
PNORMAL PADDR: 0 VADDR: 0 PROW: 1 PBANK: a CYCLE: 12510
NORMAL PADDR: 0 VADDR: 0 PROW: 1 PBANK: b CYCLE: 12510
PNORMAL PADDR: 0 VADDR: 0 PROW: 1 PBANK: b CYCLE: 12510
NORMAL PADDR: 0 VADDR: 0 PROW: 1 PBANK: c CYCLE: 12510
PNORMAL PADDR: 0 VADDR: 0 PROW: 1 PBANK: c CYCLE: 12510
NORMAL PADDR: 0 VADDR: 0 PROW: 1 PBANK: d CYCLE: 12510
PNORMAL PADDR: 0 VADDR: 0 PROW: 1 PBANK: d CYCLE: 12510
NORMAL PADDR: 0 VADDR: 0 PROW: 1 PBANK: e CYCLE: 12510
PNORMAL PADDR: 0 VADDR: 0 PROW: 1 PBANK: e CYCLE: 12510
NORMAL PADDR: 0 VADDR: 0 PROW: 1 PBANK: f CYCLE: 12510
PNORMAL PADDR: 0 VADDR: 0 PROW: 3 PBANK: f CYCLE: 12510
NORMAL PADDR: ace0 VADDR: 0 PROW: 0 PBANK: c CYCLE: 12926
PNORMAL PADDR: ace0 VADDR: 0 PROW: 0 PBANK: c CYCLE: 12926
NORMAL PADDR: 66ce6 VADDR: 0 PROW: 1 PBANK: c CYCLE: 13067
PNORMAL PADDR: 66ce6 VADDR: 0 PROW: 1 PBANK: c CYCLE: 13067
NORMAL PADDR: 66d36 VADDR: 0 PROW: 1 PBANK: 1 CYCLE: 13178
PNORMAL PADDR: 66d36 VADDR: 0 PROW: 1 PBANK: 1 CYCLE: 13178
NORMAL PADDR: 66d43 VADDR: 0 PROW: 1 PBANK: 5 CYCLE: 13182
PNORMAL PADDR: 66d43 VADDR: 0 PROW: 1 PBANK: 5 CYCLE: 13182
NORMAL PADDR: a200 VADDR: 0 PROW: 0 PBANK: 2 CYCLE: 13248
PNORMAL PADDR: a200 VADDR: 0 PROW: 0 PBANK: 2 CYCLE: 13248
NORMAL PADDR: 68202 VADDR: 0 PROW: 1 PBANK: 2 CYCLE: 13389
PNORMAL PADDR: 68202 VADDR: 0 PROW: 1 PBANK: 2 CYCLE: 13389
NORMAL PADDR: 1ab08 VADDR: 0 PROW: 0 PBANK: 3 CYCLE: 13472
PNORMAL PADDR: 1ab08 VADDR: 0 PROW: 0 PBANK: 3 CYCLE: 13472
NORMAL PADDR: aa88 VADDR: 0 PROW: 0 PBANK: a CYCLE: 13538
PNORMAL PADDR: aa88 VADDR: 0 PROW: 0 PBANK: a CYCLE: 13538
NORMAL PADDR: 6aa8b VADDR: 0 PROW: 1 PBANK: a CYCLE: 13679
PNORMAL PADDR: 6aa8b VADDR: 0 PROW: 1 PBANK: a CYCLE: 13679
NORMAL PADDR: 1ac88 VADDR: 0 PROW: 0 PBANK: 8 CYCLE: 13741
PNORMAL PADDR: 1ac88 VADDR: 0 PROW: 0 PBANK: 8 CYCLE: 13741
PREFETCH PADDR: 1ad00 VADDR: 0 PROW: 0 PBANK: 1 CYCLE: 13745
PPREFETCH PADDR: 1ad00 VADDR: 0 PROW: 0 PBANK: 1 CYCLE: 13745
PREFETCH PADDR: 1ad40 VADDR: 0 PROW: 0 PBANK: 5 CYCLE: 13749
PPREFETCH PADDR: 1ad40 VADDR: 0 PROW: 0 PBANK: 5 CYCLE: 13749
NORMAL PADDR: 4ccb8 VADDR: 0 PROW: 1 PBANK: 8 CYCLE: 13813
PNORMAL PADDR: 4ccb8 VADDR: 0 PROW: 1 PBANK: 8 CYCLE: 13813
NORMAL PADDR: 4e538 VADDR: 0 PROW: 1 PBANK: 1 CYCLE: 13831
PNORMAL PADDR: 4e538 VADDR: 0 PROW: 1 PBANK: 1 CYCLE: 13831
PREFETCH PADDR: 44680 VADDR: 0 PROW: 1 PBANK: a CYCLE: 13916
PPREFETCH PADDR: 44680 VADDR: 0 PROW: 1 PBANK: a CYCLE: 13916
NORMAL PADDR: 34418 VADDR: 0 PROW: 0 PBANK: 0 CYCLE: 13944
PNORMAL PADDR: 34418 VADDR: 0 PROW: 0 PBANK: 0 CYCLE: 13944
NORMAL PADDR: a590 VADDR: 0 PROW: 0 PBANK: 9 CYCLE: 13948
PNORMAL PADDR: a590 VADDR: 0 PROW: 0 PBANK: 9 CYCLE: 13948
NORMAL PADDR: 6c590 VADDR: 0 PROW: 1 PBANK: 9 CYCLE: 14091
PNORMAL PADDR: 6c590 VADDR: 0 PROW: 1 PBANK: 9 CYCLE: 14091
NORMAL PADDR: 2e310 VADDR: 0 PROW: 0 PBANK: 3 CYCLE: 14211
PNORMAL PADDR: 2e310 VADDR: 0 PROW: 0 PBANK: 3 CYCLE: 14211
NORMAL PADDR: 6e8a8 VADDR: 0 PROW: 1 PBANK: 8 CYCLE: 14335
PNORMAL PADDR: 6e8a8 VADDR: 0 PROW: 1 PBANK: 8 CYCLE: 14335
NORMAL PADDR: 70310 VADDR: 0 PROW: 1 PBANK: 3 CYCLE: 14372
PNORMAL PADDR: 70310 VADDR: 0 PROW: 1 PBANK: 3 CYCLE: 14372
NORMAL PADDR: 72e43 VADDR: 0 PROW: 1 PBANK: 6 CYCLE: 14672
PNORMAL PADDR: 72e43 VADDR: 0 PROW: 1 PBANK: 6 CYCLE: 14672
NORMAL PADDR: 741c0 VADDR: 0 PROW: 1 PBANK: d CYCLE: 14862
PNORMAL PADDR: 741c0 VADDR: 0 PROW: 1 PBANK: d CYCLE: 14862
NORMAL PADDR: 48440 VADDR: 0 PROW: 1 PBANK: 4 CYCLE: 14976
PNORMAL PADDR: 48440 VADDR: 0 PROW: 1 PBANK: 4 CYCLE: 14976
PREFETCH PADDR: 5edc0 VADDR: 0 PROW: 1 PBANK: d CYCLE: 14980
PPREFETCH PADDR: 5edc0 VADDR: 0 PROW: 1 PBANK: d CYCLE: 14980
PREFETCH PADDR: 1ae40 VADDR: 0 PROW: 0 PBANK: 6 CYCLE: 14984
PPREFETCH PADDR: 1ae40 VADDR: 0 PROW: 0 PBANK: 6 CYCLE: 14984
NORMAL PADDR: 480d0 VADDR: 0 PROW: 1 PBANK: c CYCLE: 14994
PNORMAL PADDR: 480d0 VADDR: 0 PROW: 1 PBANK: c CYCLE: 14994
NORMAL PADDR: 28188 VADDR: 0 PROW: 0 PBANK: 9 CYCLE: 14995
PNORMAL PADDR: 28188 VADDR: 0 PROW: 0 PBANK: 9 CYCLE: 14995
NORMAL PADDR: 44333 VADDR: 0 PROW: 1 PBANK: 3 CYCLE: 15010
PNORMAL PADDR: 44333 VADDR: 0 PROW: 1 PBANK: 3 CYCLE: 15010
PREFETCH PADDR: 1adc0 VADDR: 0 PROW: 0 PBANK: d CYCLE: 15052
PPREFETCH PADDR: 1adc0 VADDR: 0 PROW: 0 PBANK: d CYCLE: 15052
NORMAL PADDR: 5ef58 VADDR: 0 PROW: 1 PBANK: 7 CYCLE: 15076
PNORMAL PADDR: 5ef58 VADDR: 0 PROW: 1 PBANK: 7 CYCLE: 15076
NORMAL PADDR: 7c3d0 VADDR: 0 PROW: 1 PBANK: f CYCLE: 15300
PNORMAL PADDR: 7c3d0 VADDR: 0 PROW: 1 PBANK: f CYCLE: 15300
NORMAL PADDR: 7a182 VADDR: 0 PROW: 1 PBANK: 9 CYCLE: 15366
PNORMAL PADDR: 7a182 VADDR: 0 PROW: 1 PBANK: 9 CYCLE: 15366
NORMAL PADDR: 2eca0 VADDR: 0 PROW: 0 PBANK: 8 CYCLE: 15556
PNORMAL PADDR: 80ca0 VADDR: 0 PROW: 2 PBANK: 8 CYCLE: 15717
NORMAL PADDR: 28fe0 VADDR: 0 PROW: 0 PBANK: f CYCLE: 15816
PNORMAL PADDR: 28fe0 VADDR: 0 PROW: 0 PBANK: f CYCLE: 15816
NORMAL PADDR: 487d0 VADDR: 0 PROW: 1 PBANK: f CYCLE: 15926
PNORMAL PADDR: 487d0 VADDR: 0 PROW: 1 PBANK: f CYCLE: 15926
NORMAL PADDR: 2e7b0 VADDR: 0 PROW: 0 PBANK: b CYCLE: 15930
PNORMAL PADDR: 2e7b0 VADDR: 0 PROW: 0 PBANK: b CYCLE: 15930
NORMAL PADDR: 2ef50 VADDR: 0 PROW: 0 PBANK: 7 CYCLE: 15934
PNORMAL PADDR: 2ef50 VADDR: 0 PROW: 0 PBANK: 7 CYCLE: 15934
NORMAL PADDR: 48230 VADDR: 0 PROW: 1 PBANK: 2 CYCLE: 15947
PNORMAL PADDR: 48230 VADDR: 0 PROW: 1 PBANK: 2 CYCLE: 15947
PREFETCH PADDR: 48240 VADDR: 0 PROW: 1 PBANK: 6 CYCLE: 15951
PNORMAL PADDR: 86a90 VADDR: 0 PROW: 2 PBANK: a CYCLE: 16116
PREFETCH PADDR: 46ec0 VADDR: 0 PROW: 1 PBANK: e CYCLE: 16187
PPREFETCH PADDR: 46ec0 VADDR: 0 PROW: 1 PBANK: e CYCLE: 16187
NORMAL PADDR: 8608 VADDR: 0 PROW: 0 PBANK: 2 CYCLE: 16206
PNORMAL PADDR: 8abec VADDR: 0 PROW: 2 PBANK: f CYCLE: 16527
NORMAL PADDR: 7a6c9 VADDR: 0 PROW: 1 PBANK: e CYCLE: 16589
PNORMAL PADDR: 7a6c9 VADDR: 0 PROW: 1 PBANK: e CYCLE: 16589
NORMAL PADDR: a130 VADDR: 0 PROW: 0 PBANK: 1 CYCLE: 16722
PNORMAL PADDR: 8c145 VADDR: 0 PROW: 2 PBANK: 5 CYCLE: 16887
NORMAL PADDR: 46da8 VADDR: 0 PROW: 1 PBANK: 9 CYCLE: 16968
PNORMAL PADDR: 8c180 VADDR: 0 PROW: 2 PBANK: 9 CYCLE: 17050
NORMAL PADDR: 52d5c VADDR: 0 PROW: 1 PBANK: 5 CYCLE: 17133
PNORMAL PADDR: 8c244 VADDR: 0 PROW: 2 PBANK: 6 CYCLE: 17216
NORMAL PADDR: 320c3 VADDR: 0 PROW: 0 PBANK: c CYCLE: 17257
PNORMAL PADDR: 320c3 VADDR: 0 PROW: 0 PBANK: c CYCLE: 17257
NORMAL PADDR: 48670 VADDR: 0 PROW: 1 PBANK: 6 CYCLE: 17288
PNORMAL PADDR: 48670 VADDR: 0 PROW: 1 PBANK: 6 CYCLE: 17288
NORMAL PADDR: 56cb6 VADDR: 0 PROW: 1 PBANK: 8 CYCLE: 17298
PNORMAL PADDR: 56cb6 VADDR: 0 PROW: 1 PBANK: 8 CYCLE: 17298
NORMAL PADDR: a790 VADDR: 0 PROW: 0 PBANK: b CYCLE: 17355
PNORMAL PADDR: 90883 VADDR: 0 PROW: 2 PBANK: 8 CYCLE: 17646
NORMAL PADDR: 80a8 VADDR: 0 PROW: 0 PBANK: 8 CYCLE: 17732
PNORMAL PADDR: 8c541 VADDR: 0 PROW: 2 PBANK: 5 CYCLE: 18333
NORMAL PADDR: 84f8 VADDR: 0 PROW: 0 PBANK: c CYCLE: 18337
PPREFETCH PADDR: 8c6c0 VADDR: 0 PROW: 2 PBANK: e CYCLE: 18345
PREFETCH PADDR: 28f00 VADDR: 0 PROW: 0 PBANK: 3 CYCLE: 18426
PNORMAL PADDR: 9c4f8 VADDR: 0 PROW: 2 PBANK: c CYCLE: 18497
NORMAL PADDR: 5eef8 VADDR: 0 PROW: 1 PBANK: e CYCLE: 18796
PNORMAL PADDR: 5eef8 VADDR: 0 PROW: 1 PBANK: e CYCLE: 18796
PREFETCH PADDR: 5e480 VADDR: 0 PROW: 1 PBANK: 8 CYCLE: 18800
PPREFETCH PADDR: 5e480 VADDR: 0 PROW: 1 PBANK: 8 CYCLE: 18800
NORMAL PADDR: af10 VADDR: 0 PROW: 0 PBANK: 3 CYCLE: 18882
PNORMAL PADDR: a0f82 VADDR: 0 PROW: 2 PBANK: b CYCLE: 19138
NORMAL PADDR: 281c0 VADDR: 0 PROW: 0 PBANK: d CYCLE: 19270
PNORMAL PADDR: 281c0 VADDR: 0 PROW: 0 PBANK: d CYCLE: 19270
PREFETCH PADDR: 72740 VADDR: 0 PROW: 1 PBANK: 7 CYCLE: 19279
PPREFETCH PADDR: 72740 VADDR: 0 PROW: 1 PBANK: 7 CYCLE: 19279
NORMAL PADDR: 72b36 VADDR: 0 PROW: 1 PBANK: 3 CYCLE: 19330
PNORMAL PADDR: 72b36 VADDR: 0 PROW: 1 PBANK: 3 CYCLE: 19330
PREFETCH PADDR: 72b80 VADDR: 0 PROW: 1 PBANK: b CYCLE: 19334
PPREFETCH PADDR: 72b80 VADDR: 0 PROW: 1 PBANK: b CYCLE: 19334
PREFETCH PADDR: 72c40 VADDR: 0 PROW: 1 PBANK: 4 CYCLE: 19470
PPREFETCH PADDR: 72c40 VADDR: 0 PROW: 1 PBANK: 4 CYCLE: 19470
PREFETCH PADDR: 72bc0 VADDR: 0 PROW: 1 PBANK: f CYCLE: 19477
PPREFETCH PADDR: 72bc0 VADDR: 0 PROW: 1 PBANK: f CYCLE: 19477
PREFETCH PADDR: 72c00 VADDR: 0 PROW: 1 PBANK: 0 CYCLE: 19481
PPREFETCH PADDR: 72c00 VADDR: 0 PROW: 1 PBANK: 0 CYCLE: 19481
PREFETCH PADDR: 72c80 VADDR: 0 PROW: 1 PBANK: 8 CYCLE: 19491
PPREFETCH PADDR: 72c80 VADDR: 0 PROW: 1 PBANK: 8 CYCLE: 19491
PREFETCH PADDR: 72cc0 VADDR: 0 PROW: 1 PBANK: c CYCLE: 19504
PNORMAL PADDR: a4690 VADDR: 0 PROW: 2 PBANK: a CYCLE: 19720
NORMAL PADDR: 3e910 VADDR: 0 PROW: 0 PBANK: 1 CYCLE: 19804
PNORMAL PADDR: 3e910 VADDR: 0 PROW: 0 PBANK: 1 CYCLE: 19804
NORMAL PADDR: 483c8 VADDR: 0 PROW: 1 PBANK: f CYCLE: 19806
PNORMAL PADDR: 483c8 VADDR: 0 PROW: 1 PBANK: f CYCLE: 19806
PREFETCH PADDR: 48580 VADDR: 0 PROW: 1 PBANK: 9 CYCLE: 19810
PPREFETCH PADDR: 48580 VADDR: 0 PROW: 1 PBANK: 9 CYCLE: 19810
PREFETCH PADDR: 72d00 VADDR: 0 PROW: 1 PBANK: 1 CYCLE: 19896
PPREFETCH PADDR: 72d00 VADDR: 0 PROW: 1 PBANK: 1 CYCLE: 19896
NORMAL PADDR: 72dfe VADDR: 0 PROW: 1 PBANK: d CYCLE: 19900
PNORMAL PADDR: 72dfe VADDR: 0 PROW: 1 PBANK: d CYCLE: 19900
NORMAL PADDR: 10e88 VADDR: 0 PROW: 0 PBANK: a CYCLE: 19987
PNORMAL PADDR: 10e88 VADDR: 0 PROW: 0 PBANK: a CYCLE: 19987
NORMAL PADDR: ab50 VADDR: 0 PROW: 0 PBANK: 7 CYCLE: 20194
PNORMAL PADDR: a8d82 VADDR: 0 PROW: 2 PBANK: 9 CYCLE: 20531
NORMAL PADDR: 28538 VADDR: 0 PROW: 0 PBANK: 1 CYCLE: 20658
PNORMAL PADDR: 28538 VADDR: 0 PROW: 0 PBANK: 1 CYCLE: 20658
PREFETCH PADDR: 284c0 VADDR: 0 PROW: 0 PBANK: c CYCLE: 20662
PPREFETCH PADDR: 284c0 VADDR: 0 PROW: 0 PBANK: c CYCLE: 20662
PREFETCH PADDR: 28480 VADDR: 0 PROW: 0 PBANK: 8 CYCLE: 20666
PPREFETCH PADDR: aa240 VADDR: 0 PROW: 2 PBANK: 6 CYCLE: 21044
NORMAL PADDR: 625f0 VADDR: 0 PROW: 1 PBANK: d CYCLE: 21048
PNORMAL PADDR: 625f0 VADDR: 0 PROW: 1 PBANK: d CYCLE: 21048
NORMAL PADDR: 62602 VADDR: 0 PROW: 1 PBANK: 2 CYCLE: 21052
PNORMAL PADDR: 62602 VADDR: 0 PROW: 1 PBANK: 2 CYCLE: 21052
NORMAL PADDR: 6265e VADDR: 0 PROW: 1 PBANK: 6 CYCLE: 21138
PPREFETCH PADDR: ac600 VADDR: 0 PROW: 2 PBANK: 2 CYCLE: 21142
PREFETCH PADDR: 62680 VADDR: 0 PROW: 1 PBANK: a CYCLE: 21152
PPREFETCH PADDR: aaa80 VADDR: 0 PROW: 2 PBANK: a CYCLE: 21293
PREFETCH PADDR: 287c0 VADDR: 0 PROW: 0 PBANK: f CYCLE: 21340
PPREFETCH PADDR: 287c0 VADDR: 0 PROW: 0 PBANK: f CYCLE: 21340
PREFETCH PADDR: 282c0 VADDR: 0 PROW: 0 PBANK: e CYCLE: 21348
PPREFETCH PADDR: 282c0 VADDR: 0 PROW: 0 PBANK: e CYCLE: 21348
NORMAL PADDR: 6a502 VADDR: 0 PROW: 1 PBANK: 1 CYCLE: 21353
PNORMAL PADDR: 6a502 VADDR: 0 PROW: 1 PBANK: 1 CYCLE: 21353
NORMAL PADDR: 6a4db VADDR: 0 PROW: 1 PBANK: c CYCLE: 21357
PNORMAL PADDR: 6a4db VADDR: 0 PROW: 1 PBANK: c CYCLE: 21357
PREFETCH PADDR: 6aa00 VADDR: 0 PROW: 1 PBANK: 2 CYCLE: 21486
PPREFETCH PADDR: 6aa00 VADDR: 0 PROW: 1 PBANK: 2 CYCLE: 21486
NORMAL PADDR: 6aa6f VADDR: 0 PROW: 1 PBANK: 6 CYCLE: 21523
PNORMAL PADDR: 6aa6f VADDR: 0 PROW: 1 PBANK: 6 CYCLE: 21523
PREFETCH PADDR: 6aac0 VADDR: 0 PROW: 1 PBANK: e CYCLE: 21527
PPREFETCH PADDR: 6aac0 VADDR: 0 PROW: 1 PBANK: e CYCLE: 21527
NORMAL PADDR: a5c0 VADDR: 0 PROW: 0 PBANK: d CYCLE: 21609
PNORMAL PADDR: ae602 VADDR: 0 PROW: 2 PBANK: 2 CYCLE: 21774
PREFETCH PADDR: 401c0 VADDR: 0 PROW: 1 PBANK: d CYCLE: 21775
PPREFETCH PADDR: 401c0 VADDR: 0 PROW: 1 PBANK: d CYCLE: 21775
NORMAL PADDR: 10fb0 VADDR: 0 PROW: 0 PBANK: b CYCLE: 21860
PNORMAL PADDR: ae7ce VADDR: 0 PROW: 2 PBANK: f CYCLE: 22062
PREFETCH PADDR: 40d40 VADDR: 0 PROW: 1 PBANK: 5 CYCLE: 22150
PPREFETCH PADDR: 40d40 VADDR: 0 PROW: 1 PBANK: 5 CYCLE: 22150
PREFETCH PADDR: 40d00 VADDR: 0 PROW: 1 PBANK: 1 CYCLE: 22154
PPREFETCH PADDR: 40d00 VADDR: 0 PROW: 1 PBANK: 1 CYCLE: 22154
PREFETCH PADDR: 22840 VADDR: 0 PROW: 0 PBANK: 4 CYCLE: 22205
PPREFETCH PADDR: 22840 VADDR: 0 PROW: 0 PBANK: 4 CYCLE: 22205
PREFETCH PADDR: 22880 VADDR: 0 PROW: 0 PBANK: 8 CYCLE: 22209
PPREFETCH PADDR: 22880 VADDR: 0 PROW: 0 PBANK: 8 CYCLE: 22209
PREFETCH PADDR: 28a40 VADDR: 0 PROW: 0 PBANK: 6 CYCLE: 22934
PPREFETCH PADDR: 28a40 VADDR: 0 PROW: 0 PBANK: 6 CYCLE: 22934
PREFETCH PADDR: 28c00 VADDR: 0 PROW: 0 PBANK: 0 CYCLE: 22938
PPREFETCH PADDR: 28c00 VADDR: 0 PROW: 0 PBANK: 0 CYCLE: 22938
NORMAL PADDR: 323c8 VADDR: 0 PROW: 0 PBANK: f CYCLE: 23259
PNORMAL PADDR: 323c8 VADDR: 0 PROW: 0 PBANK: f CYCLE: 23259
PREFETCH PADDR: 228c0 VADDR: 0 PROW: 0 PBANK: c CYCLE: 23758
PPREFETCH PADDR: 228c0 VADDR: 0 PROW: 0 PBANK: c CYCLE: 23758
NORMAL PADDR: 28944 VADDR: 0 PROW: 0 PBANK: 5 CYCLE: 24002
PNORMAL PADDR: 28944 VADDR: 0 PROW: 0 PBANK: 5 CYCLE: 24002
PREFETCH PADDR: 28980 VADDR: 0 PROW: 0 PBANK: 9 CYCLE: 24006
PPREFETCH PADDR: 28980 VADDR: 0 PROW: 0 PBANK: 9 CYCLE: 24006
PREFETCH PADDR: 28d00 VADDR: 0 PROW: 0 PBANK: 1 CYCLE: 24010
PPREFETCH PADDR: 28d00 VADDR: 0 PROW: 0 PBANK: 1 CYCLE: 24010
PREFETCH PADDR: 26ec0 VADDR: 0 PROW: 0 PBANK: e CYCLE: 24143
PPREFETCH PADDR: 26ec0 VADDR: 0 PROW: 0 PBANK: e CYCLE: 24143
PREFETCH PADDR: 28b40 VADDR: 0 PROW: 0 PBANK: 7 CYCLE: 24150
PPREFETCH PADDR: 28b40 VADDR: 0 PROW: 0 PBANK: 7 CYCLE: 24150
PREFETCH PADDR: 28780 VADDR: 0 PROW: 0 PBANK: b CYCLE: 24154
PNORMAL PADDR: b2843 VADDR: 0 PROW: 2 PBANK: 4 CYCLE: 24326
PREFETCH PADDR: 18ac0 VADDR: 0 PROW: 0 PBANK: e CYCLE: 24327
PPREFETCH PADDR: 18ac0 VADDR: 0 PROW: 0 PBANK: e CYCLE: 24327
NORMAL PADDR: 285c0 VADDR: 0 PROW: 0 PBANK: d CYCLE: 24408
PPREFETCH PADDR: b49c0 VADDR: 0 PROW: 2 PBANK: d CYCLE: 24480
PREFETCH PADDR: 3c200 VADDR: 0 PROW: 0 PBANK: 2 CYCLE: 24501
PNORMAL PADDR: b2a6a VADDR: 0 PROW: 2 PBANK: 6 CYCLE: 24537
PREFETCH PADDR: 3c1c0 VADDR: 0 PROW: 0 PBANK: d CYCLE: 24552
PPREFETCH PADDR: 3c1c0 VADDR: 0 PROW: 0 PBANK: d CYCLE: 24552
NORMAL PADDR: 2846a VADDR: 0 PROW: 0 PBANK: 4 CYCLE: 24630
PNORMAL PADDR: 2846a VADDR: 0 PROW: 0 PBANK: 4 CYCLE: 24630
NORMAL PADDR: 14a00 VADDR: 0 PROW: 0 PBANK: 2 CYCLE: 24634
PNORMAL PADDR: 14a00 VADDR: 0 PROW: 0 PBANK: 2 CYCLE: 24634
PREFETCH PADDR: 283c0 VADDR: 0 PROW: 0 PBANK: f CYCLE: 24635
PPREFETCH PADDR: 283c0 VADDR: 0 PROW: 0 PBANK: f CYCLE: 24635
PREFETCH PADDR: 28380 VADDR: 0 PROW: 0 PBANK: b CYCLE: 24639
PPREFETCH PADDR: 28380 VADDR: 0 PROW: 0 PBANK: b CYCLE: 24639
NORMAL PADDR: 187ff VADDR: 0 PROW: 0 PBANK: f CYCLE: 24726
PNORMAL PADDR: 187ff VADDR: 0 PROW: 0 PBANK: f CYCLE: 24726
NORMAL PADDR: 18804 VADDR: 0 PROW: 0 PBANK: 0 CYCLE: 24730
PNORMAL PADDR: 18804 VADDR: 0 PROW: 0 PBANK: 0 CYCLE: 24730
NORMAL PADDR: aa40 VADDR: 0 PROW: 0 PBANK: 6 CYCLE: 24735
PNORMAL PADDR: b67e8 VADDR: 0 PROW: 2 PBANK: f CYCLE: 24744
NORMAL PADDR: 2674e VADDR: 0 PROW: 0 PBANK: 7 CYCLE: 24814
PNORMAL PADDR: 2674e VADDR: 0 PROW: 0 PBANK: 7 CYCLE: 24814
PREFETCH PADDR: 26680 VADDR: 0 PROW: 0 PBANK: a CYCLE: 24819
PPREFETCH PADDR: b86c0 VADDR: 0 PROW: 2 PBANK: e CYCLE: 24899
PREFETCH PADDR: 3c180 VADDR: 0 PROW: 0 PBANK: 9 CYCLE: 24903
PNORMAL PADDR: 0 VADDR: 0 PROW: 7 PBANK: f CYCLE: 24979
NORMAL PADDR: 14a98 VADDR: 0 PROW: 0 PBANK: a CYCLE: 25395
PNORMAL PADDR: 14a98 VADDR: 0 PROW: 0 PBANK: a CYCLE: 25395
NORMAL PADDR: 18444 VADDR: 0 PROW: 0 PBANK: 4 CYCLE: 25456
PNORMAL PADDR: 18444 VADDR: 0 PROW: 0 PBANK: 4 CYCLE: 25456
NORMAL PADDR: 18b00 VADDR: 0 PROW: 0 PBANK: 3 CYCLE: 25518
PNORMAL PADDR: 18b00 VADDR: 0 PROW: 0 PBANK: 3 CYCLE: 25518
PREFETCH PADDR: 26d80 VADDR: 0 PROW: 0 PBANK: 9 CYCLE: 25522
PPREFETCH PADDR: 26d80 VADDR: 0 PROW: 0 PBANK: 9 CYCLE: 25522
PREFETCH PADDR: 66e00 VADDR: 0 PROW: 1 PBANK: 2 CYCLE: 25526
PPREFETCH PADDR: b2bc0 VADDR: 0 PROW: 2 PBANK: f CYCLE: 25591
PREFETCH PADDR: 66d80 VADDR: 0 PROW: 1 PBANK: 9 CYCLE: 25595
PPREFETCH PADDR: b2e00 VADDR: 0 PROW: 2 PBANK: 2 CYCLE: 25612
NORMAL PADDR: 3a8f5 VADDR: 0 PROW: 0 PBANK: c CYCLE: 25649
PNORMAL PADDR: 3a8f5 VADDR: 0 PROW: 0 PBANK: c CYCLE: 25649
PREFETCH PADDR: 22900 VADDR: 0 PROW: 0 PBANK: 1 CYCLE: 26956
PPREFETCH PADDR: 22900 VADDR: 0 PROW: 0 PBANK: 1 CYCLE: 26956
PREFETCH PADDR: 22940 VADDR: 0 PROW: 0 PBANK: 5 CYCLE: 26960
PPREFETCH PADDR: 22940 VADDR: 0 PROW: 0 PBANK: 5 CYCLE: 26960
PREFETCH PADDR: 22980 VADDR: 0 PROW: 0 PBANK: 9 CYCLE: 28352
PPREFETCH PADDR: 22980 VADDR: 0 PROW: 0 PBANK: 9 CYCLE: 28352
PREFETCH PADDR: 229c0 VADDR: 0 PROW: 0 PBANK: d CYCLE: 29747
PPREFETCH PADDR: 229c0 VADDR: 0 PROW: 0 PBANK: d CYCLE: 29747
PREFETCH PADDR: 22a00 VADDR: 0 PROW: 0 PBANK: 2 CYCLE: 29768
PPREFETCH PADDR: 22a00 VADDR: 0 PROW: 0 PBANK: 2 CYCLE: 29768
PREFETCH PADDR: 22a40 VADDR: 0 PROW: 0 PBANK: 6 CYCLE: 31090
PPREFETCH PADDR: 22a40 VADDR: 0 PROW: 0 PBANK: 6 CYCLE: 31090
PREFETCH PADDR: 22a80 VADDR: 0 PROW: 0 PBANK: a CYCLE: 32645
PPREFETCH PADDR: 22a80 VADDR: 0 PROW: 0 PBANK: a CYCLE: 32645
PREFETCH PADDR: 22ac0 VADDR: 0 PROW: 0 PBANK: e CYCLE: 32649
PPREFETCH PADDR: 22ac0 VADDR: 0 PROW: 0 PBANK: e CYCLE: 32649
PREFETCH PADDR: 22b00 VADDR: 0 PROW: 0 PBANK: 3 CYCLE: 33820
PPREFETCH PADDR: 22b00 VADDR: 0 PROW: 0 PBANK: 3 CYCLE: 33820
PREFETCH PADDR: 22b40 VADDR: 0 PROW: 0 PBANK: 7 CYCLE: 35165
PPREFETCH PADDR: 22b40 VADDR: 0 PROW: 0 PBANK: 7 CYCLE: 35165
PREFETCH PADDR: 22b80 VADDR: 0 PROW: 0 PBANK: b CYCLE: 35186
PPREFETCH PADDR: 22b80 VADDR: 0 PROW: 0 PBANK: b CYCLE: 35186
NORMAL PADDR: 81d8 VADDR: 0 PROW: 0 PBANK: d CYCLE: 36269
PPREFETCH PADDR: c2680 VADDR: 0 PROW: 3 PBANK: a CYCLE: 40160
NORMAL PADDR: 8650 VADDR: 0 PROW: 0 PBANK: 6 CYCLE: 40570
PNORMAL PADDR: ca1b4 VADDR: 0 PROW: 3 PBANK: 9 CYCLE: 41228
NORMAL PADDR: 8458 VADDR: 0 PROW: 0 PBANK: 4 CYCLE: 41319
PNORMAL PADDR: ce420 VADDR: 0 PROW: 3 PBANK: 0 CYCLE: 41640
NORMAL PADDR: 8d38 VADDR: 0 PROW: 0 PBANK: 1 CYCLE: 41740
PNORMAL PADDR: 9c810 VADDR: 0 PROW: 2 PBANK: 0 CYCLE: 62931
NORMAL PADDR: 8bc8 VADDR: 0 PROW: 0 PBANK: f CYCLE: 62964
PNORMAL PADDR: dc080 VADDR: 0 PROW: 3 PBANK: 8 CYCLE: 63352
NORMAL PADDR: 8cf0 VADDR: 0 PROW: 0 PBANK: c CYCLE: 63356
PNORMAL PADDR: e0960 VADDR: 0 PROW: 3 PBANK: 5 CYCLE: 63657
NORMAL PADDR: 89a0 VADDR: 0 PROW: 0 PBANK: 9 CYCLE: 63756
PNORMAL PADDR: e4200 VADDR: 0 PROW: 3 PBANK: 2 CYCLE: 66668
NORMAL PADDR: 8a78 VADDR: 0 PROW: 0 PBANK: 6 CYCLE: 66838
PNORMAL PADDR: f001c VADDR: 0 PROW: 3 PBANK: 0 CYCLE: 72903
NORMAL PADDR: 85c0 VADDR: 0 PROW: 0 PBANK: d CYCLE: 73032
PPREFETCH PADDR: d2840 VADDR: 0 PROW: 3 PBANK: 4 CYCLE: 73890
PREFETCH PADDR: 1eec0 VADDR: 0 PROW: 0 PBANK: e CYCLE: 73894
PPREFETCH PADDR: 1eec0 VADDR: 0 PROW: 0 PBANK: e CYCLE: 73894
PREFETCH PADDR: 1ef00 VADDR: 0 PROW: 0 PBANK: 3 CYCLE: 73898
PPREFETCH PADDR: d2a00 VADDR: 0 PROW: 3 PBANK: 2 CYCLE: 79246
PREFETCH PADDR: 28e80 VADDR: 0 PROW: 0 PBANK: a CYCLE: 79912
PPREFETCH PADDR: 28e80 VADDR: 0 PROW: 0 PBANK: a CYCLE: 79912
PREFETCH PADDR: 28e40 VADDR: 0 PROW: 0 PBANK: 6 CYCLE: 79916
PNORMAL PADDR: 102041 VADDR: 0 PROW: 4 PBANK: 4 CYCLE: 80011
NORMAL PADDR: 48810 VADDR: 0 PROW: 1 PBANK: 0 CYCLE: 80089
PNORMAL PADDR: 100729 VADDR: 0 PROW: 4 PBANK: 3 CYCLE: 80162
NORMAL PADDR: 46ff8 VADDR: 0 PROW: 1 PBANK: f CYCLE: 80170
PNORMAL PADDR: 1020c1 VADDR: 0 PROW: 4 PBANK: c CYCLE: 80256
NORMAL PADDR: 44530 VADDR: 0 PROW: 1 PBANK: 1 CYCLE: 80341
PNORMAL PADDR: 44530 VADDR: 0 PROW: 1 PBANK: 1 CYCLE: 80341
PREFETCH PADDR: 44480 VADDR: 0 PROW: 1 PBANK: 8 CYCLE: 80345
PPREFETCH PADDR: 44480 VADDR: 0 PROW: 1 PBANK: 8 CYCLE: 80345
NORMAL PADDR: 6000c VADDR: 0 PROW: 1 PBANK: 0 CYCLE: 80510
PPREFETCH PADDR: 104180 VADDR: 0 PROW: 4 PBANK: 9 CYCLE: 80578
NORMAL PADDR: 44f11 VADDR: 0 PROW: 1 PBANK: 3 CYCLE: 80592
PNORMAL PADDR: 44f11 VADDR: 0 PROW: 1 PBANK: 3 CYCLE: 80592
NORMAL PADDR: 4e558 VADDR: 0 PROW: 1 PBANK: 5 CYCLE: 80693
PNORMAL PADDR: 4e558 VADDR: 0 PROW: 1 PBANK: 5 CYCLE: 80693
NORMAL PADDR: 44b69 VADDR: 0 PROW: 1 PBANK: 7 CYCLE: 80754
PNORMAL PADDR: 44b69 VADDR: 0 PROW: 1 PBANK: 7 CYCLE: 80754
NORMAL PADDR: 44e59 VADDR: 0 PROW: 1 PBANK: 6 CYCLE: 80815
PPREFETCH PADDR: 104940 VADDR: 0 PROW: 4 PBANK: 5 CYCLE: 80839
NORMAL PADDR: 4cc78 VADDR: 0 PROW: 1 PBANK: 4 CYCLE: 80905
PNORMAL PADDR: 4cc78 VADDR: 0 PROW: 1 PBANK: 4 CYCLE: 80905
NORMAL PADDR: 87e8 VADDR: 0 PROW: 0 PBANK: f CYCLE: 80909
PNORMAL PADDR: 108388 VADDR: 0 PROW: 4 PBANK: b CYCLE: 81210
NORMAL PADDR: 4e5c0 VADDR: 0 PROW: 1 PBANK: d CYCLE: 81298
PPREFETCH PADDR: 104640 VADDR: 0 PROW: 4 PBANK: 6 CYCLE: 81384
PREFETCH PADDR: 32480 VADDR: 0 PROW: 0 PBANK: 8 CYCLE: 81425
PPREFETCH PADDR: 32480 VADDR: 0 PROW: 0 PBANK: 8 CYCLE: 81425
PREFETCH PADDR: 325c0 VADDR: 0 PROW: 0 PBANK: d CYCLE: 81429
PPREFETCH PADDR: 325c0 VADDR: 0 PROW: 0 PBANK: d CYCLE: 81429
PREFETCH PADDR: 28d80 VADDR: 0 PROW: 0 PBANK: 9 CYCLE: 81433
PPREFETCH PADDR: 28d80 VADDR: 0 PROW: 0 PBANK: 9 CYCLE: 81433
PREFETCH PADDR: 28bc0 VADDR: 0 PROW: 0 PBANK: f CYCLE: 81437
PNORMAL PADDR: 10a842 VADDR: 0 PROW: 4 PBANK: 4 CYCLE: 81541
NORMAL PADDR: ab00 VADDR: 0 PROW: 0 PBANK: 3 CYCLE: 81545
PPREFETCH PADDR: 10ce00 VADDR: 0 PROW: 4 PBANK: 2 CYCLE: 81712
PREFETCH PADDR: 62d00 VADDR: 0 PROW: 1 PBANK: 1 CYCLE: 81767
PPREFETCH PADDR: 62d00 VADDR: 0 PROW: 1 PBANK: 1 CYCLE: 81767
NORMAL PADDR: 446c7 VADDR: 0 PROW: 1 PBANK: e CYCLE: 81782
PNORMAL PADDR: 446c7 VADDR: 0 PROW: 1 PBANK: e CYCLE: 81782
NORMAL PADDR: 44700 VADDR: 0 PROW: 1 PBANK: 3 CYCLE: 81786
PNORMAL PADDR: 44700 VADDR: 0 PROW: 1 PBANK: 3 CYCLE: 81786
PREFETCH PADDR: 447c0 VADDR: 0 PROW: 1 PBANK: f CYCLE: 81790
PPREFETCH PADDR: 447c0 VADDR: 0 PROW: 1 PBANK: f CYCLE: 81790
PREFETCH PADDR: 44800 VADDR: 0 PROW: 1 PBANK: 0 CYCLE: 81794
PPREFETCH PADDR: 44800 VADDR: 0 PROW: 1 PBANK: 0 CYCLE: 81794
PREFETCH PADDR: 44a80 VADDR: 0 PROW: 1 PBANK: a CYCLE: 81861
PPREFETCH PADDR: 44a80 VADDR: 0 PROW: 1 PBANK: a CYCLE: 81861
NORMAL PADDR: 56d88 VADDR: 0 PROW: 1 PBANK: 9 CYCLE: 81869
PNORMAL PADDR: 56d88 VADDR: 0 PROW: 1 PBANK: 9 CYCLE: 81869
PREFETCH PADDR: 48600 VADDR: 0 PROW: 1 PBANK: 2 CYCLE: 81873
PPREFETCH PADDR: 48600 VADDR: 0 PROW: 1 PBANK: 2 CYCLE: 81873
PREFETCH PADDR: 44940 VADDR: 0 PROW: 1 PBANK: 5 CYCLE: 81880
PPREFETCH PADDR: 44940 VADDR: 0 PROW: 1 PBANK: 5 CYCLE: 81880
NORMAL PADDR: 44853 VADDR: 0 PROW: 1 PBANK: 4 CYCLE: 81997
PNORMAL PADDR: 44853 VADDR: 0 PROW: 1 PBANK: 4 CYCLE: 81997
PREFETCH PADDR: 44780 VADDR: 0 PROW: 1 PBANK: b CYCLE: 82002
PNORMAL PADDR: 104c02 VADDR: 0 PROW: 4 PBANK: 0 CYCLE: 82168
NORMAL PADDR: a9c0 VADDR: 0 PROW: 0 PBANK: d CYCLE: 82177
PPREFETCH PADDR: ac740 VADDR: 0 PROW: 2 PBANK: 7 CYCLE: 82423
NORMAL PADDR: 2a208 VADDR: 0 PROW: 0 PBANK: 2 CYCLE: 82427
PPREFETCH PADDR: 114740 VADDR: 0 PROW: 4 PBANK: 7 CYCLE: 82442
NORMAL PADDR: 4e628 VADDR: 0 PROW: 1 PBANK: 2 CYCLE: 82506
PNORMAL PADDR: 4e628 VADDR: 0 PROW: 1 PBANK: 2 CYCLE: 82506
PREFETCH PADDR: 4e6c0 VADDR: 0 PROW: 1 PBANK: e CYCLE: 82510
PPREFETCH PADDR: 4e6c0 VADDR: 0 PROW: 1 PBANK: e CYCLE: 82510
NORMAL PADDR: 44883 VADDR: 0 PROW: 1 PBANK: 8 CYCLE: 82587
PNORMAL PADDR: 116208 VADDR: 0 PROW: 4 PBANK: 2 CYCLE: 82591
PREFETCH PADDR: 448c0 VADDR: 0 PROW: 1 PBANK: c CYCLE: 82595
PPREFETCH PADDR: 448c0 VADDR: 0 PROW: 1 PBANK: c CYCLE: 82595
PREFETCH PADDR: 44a00 VADDR: 0 PROW: 1 PBANK: 2 CYCLE: 82663
PPREFETCH PADDR: 44a00 VADDR: 0 PROW: 1 PBANK: 2 CYCLE: 82663
PREFETCH PADDR: 62dc0 VADDR: 0 PROW: 1 PBANK: d CYCLE: 82672
PPREFETCH PADDR: 62dc0 VADDR: 0 PROW: 1 PBANK: d CYCLE: 82672
PREFETCH PADDR: 44a40 VADDR: 0 PROW: 1 PBANK: 6 CYCLE: 82710
PPREFETCH PADDR: 44a40 VADDR: 0 PROW: 1 PBANK: 6 CYCLE: 82710
NORMAL PADDR: 4cc38 VADDR: 0 PROW: 1 PBANK: 0 CYCLE: 82716
PNORMAL PADDR: 4cc38 VADDR: 0 PROW: 1 PBANK: 0 CYCLE: 82716
PREFETCH PADDR: 4cbc0 VADDR: 0 PROW: 1 PBANK: f CYCLE: 82720
PPREFETCH PADDR: 4cbc0 VADDR: 0 PROW: 1 PBANK: f CYCLE: 82720
NORMAL PADDR: 56dd0 VADDR: 0 PROW: 1 PBANK: d CYCLE: 82728
PPREFETCH PADDR: 10ab80 VADDR: 0 PROW: 4 PBANK: b CYCLE: 82948
NORMAL PADDR: 8688 VADDR: 0 PROW: 0 PBANK: a CYCLE: 83009
PNORMAL PADDR: 122010 VADDR: 0 PROW: 4 PBANK: 0 CYCLE: 83543
NORMAL PADDR: 74680 VADDR: 0 PROW: 1 PBANK: a CYCLE: 83624
PNORMAL PADDR: 74680 VADDR: 0 PROW: 1 PBANK: a CYCLE: 83624
NORMAL PADDR: 746c1 VADDR: 0 PROW: 1 PBANK: e CYCLE: 83686
PNORMAL PADDR: 746c1 VADDR: 0 PROW: 1 PBANK: e CYCLE: 83686
NORMAL PADDR: 10a60 VADDR: 0 PROW: 0 PBANK: 6 CYCLE: 83772
PNORMAL PADDR: 126a60 VADDR: 0 PROW: 4 PBANK: 6 CYCLE: 83933
NORMAL PADDR: 74963 VADDR: 0 PROW: 1 PBANK: 5 CYCLE: 83994
PNORMAL PADDR: 128173 VADDR: 0 PROW: 4 PBANK: 5 CYCLE: 84408
NORMAL PADDR: 74981 VADDR: 0 PROW: 1 PBANK: 9 CYCLE: 84537
PNORMAL PADDR: 74981 VADDR: 0 PROW: 1 PBANK: 9 CYCLE: 84537
NORMAL PADDR: 74a04 VADDR: 0 PROW: 1 PBANK: 2 CYCLE: 84629
PNORMAL PADDR: 74a04 VADDR: 0 PROW: 1 PBANK: 2 CYCLE: 84629
PREFETCH PADDR: 74a40 VADDR: 0 PROW: 1 PBANK: 6 CYCLE: 84633
PPREFETCH PADDR: 74a40 VADDR: 0 PROW: 1 PBANK: 6 CYCLE: 84633
NORMAL PADDR: 2e650 VADDR: 0 PROW: 0 PBANK: 6 CYCLE: 84716
PNORMAL PADDR: 132910 VADDR: 0 PROW: 4 PBANK: 1 CYCLE: 84996
PREFETCH PADDR: 74b00 VADDR: 0 PROW: 1 PBANK: 3 CYCLE: 85089
PPREFETCH PADDR: 74b00 VADDR: 0 PROW: 1 PBANK: 3 CYCLE: 85089
PREFETCH PADDR: 74b40 VADDR: 0 PROW: 1 PBANK: 7 CYCLE: 85130
PPREFETCH PADDR: 74b40 VADDR: 0 PROW: 1 PBANK: 7 CYCLE: 85130
PREFETCH PADDR: 74b80 VADDR: 0 PROW: 1 PBANK: b CYCLE: 85134
PNORMAL PADDR: 134f43 VADDR: 0 PROW: 4 PBANK: 7 CYCLE: 85391
NORMAL PADDR: 58ad0 VADDR: 0 PROW: 1 PBANK: e CYCLE: 85398
PNORMAL PADDR: 58ad0 VADDR: 0 PROW: 1 PBANK: e CYCLE: 85398
NORMAL PADDR: 8d58 VADDR: 0 PROW: 0 PBANK: 5 CYCLE: 85402
PNORMAL PADDR: 88d08 VADDR: 0 PROW: 2 PBANK: 1 CYCLE: 86086
NORMAL PADDR: 8480 VADDR: 0 PROW: 0 PBANK: 8 CYCLE: 86090
PNORMAL PADDR: 1462a0 VADDR: 0 PROW: 5 PBANK: a CYCLE: 86412
NORMAL PADDR: a080 VADDR: 0 PROW: 0 PBANK: 8 CYCLE: 86563
PPREFETCH PADDR: 148e40 VADDR: 0 PROW: 5 PBANK: 6 CYCLE: 86904
PREFETCH PADDR: 74bc0 VADDR: 0 PROW: 1 PBANK: f CYCLE: 86999
PPREFETCH PADDR: 74bc0 VADDR: 0 PROW: 1 PBANK: f CYCLE: 86999
PREFETCH PADDR: 74f80 VADDR: 0 PROW: 1 PBANK: b CYCLE: 87003
PPREFETCH PADDR: 74f80 VADDR: 0 PROW: 1 PBANK: b CYCLE: 87003
NORMAL PADDR: 70407 VADDR: 0 PROW: 1 PBANK: 0 CYCLE: 87016
PNORMAL PADDR: 70407 VADDR: 0 PROW: 1 PBANK: 0 CYCLE: 87016
NORMAL PADDR: 2ec70 VADDR: 0 PROW: 0 PBANK: 4 CYCLE: 87020
PNORMAL PADDR: 136abc VADDR: 0 PROW: 4 PBANK: a CYCLE: 87033
NORMAL PADDR: 2ecd8 VADDR: 0 PROW: 0 PBANK: c CYCLE: 87037
PNORMAL PADDR: 2ecd8 VADDR: 0 PROW: 0 PBANK: c CYCLE: 87037
NORMAL PADDR: 2ea28 VADDR: 0 PROW: 0 PBANK: 2 CYCLE: 87050
PNORMAL PADDR: 154a28 VADDR: 0 PROW: 5 PBANK: 2 CYCLE: 87211
PREFETCH PADDR: 74c40 VADDR: 0 PROW: 1 PBANK: 4 CYCLE: 87331
PPREFETCH PADDR: 74c40 VADDR: 0 PROW: 1 PBANK: 4 CYCLE: 87331
PREFETCH PADDR: 74c80 VADDR: 0 PROW: 1 PBANK: 8 CYCLE: 87335
PPREFETCH PADDR: 74c80 VADDR: 0 PROW: 1 PBANK: 8 CYCLE: 87335
PREFETCH PADDR: 74cc0 VADDR: 0 PROW: 1 PBANK: c CYCLE: 87339
PPREFETCH PADDR: 74cc0 VADDR: 0 PROW: 1 PBANK: c CYCLE: 87339
PREFETCH PADDR: 74d00 VADDR: 0 PROW: 1 PBANK: 1 CYCLE: 87343
PPREFETCH PADDR: 8c040 VADDR: 0 PROW: 2 PBANK: 4 CYCLE: 87800
PREFETCH PADDR: 74d40 VADDR: 0 PROW: 1 PBANK: 5 CYCLE: 87831
PPREFETCH PADDR: 74d40 VADDR: 0 PROW: 1 PBANK: 5 CYCLE: 87831
PREFETCH PADDR: 74e00 VADDR: 0 PROW: 1 PBANK: 2 CYCLE: 87835
PPREFETCH PADDR: 74e00 VADDR: 0 PROW: 1 PBANK: 2 CYCLE: 87835
NORMAL PADDR: 74e41 VADDR: 0 PROW: 1 PBANK: 6 CYCLE: 87839
PNORMAL PADDR: 74e41 VADDR: 0 PROW: 1 PBANK: 6 CYCLE: 87839
NORMAL PADDR: 74ee9 VADDR: 0 PROW: 1 PBANK: e CYCLE: 87902
PNORMAL PADDR: 74ee9 VADDR: 0 PROW: 1 PBANK: e CYCLE: 87902
NORMAL PADDR: 74f01 VADDR: 0 PROW: 1 PBANK: 3 CYCLE: 87906
PPREFETCH PADDR: 8c340 VADDR: 0 PROW: 2 PBANK: 7 CYCLE: 87919
NORMAL PADDR: 2eb98 VADDR: 0 PROW: 0 PBANK: b CYCLE: 87982
PNORMAL PADDR: 2eb98 VADDR: 0 PROW: 0 PBANK: b CYCLE: 87982
NORMAL PADDR: 58d18 VADDR: 0 PROW: 1 PBANK: 1 CYCLE: 87983
PNORMAL PADDR: 14a8e8 VADDR: 0 PROW: 5 PBANK: c CYCLE: 87987
NORMAL PADDR: 58a10 VADDR: 0 PROW: 1 PBANK: 2 CYCLE: 87991
PNORMAL PADDR: 148040 VADDR: 0 PROW: 5 PBANK: 4 CYCLE: 88241
NORMAL PADDR: 74fc5 VADDR: 0 PROW: 1 PBANK: f CYCLE: 88318
PPREFETCH PADDR: 8c8c0 VADDR: 0 PROW: 2 PBANK: c CYCLE: 88343
PREFETCH PADDR: 74840 VADDR: 0 PROW: 1 PBANK: 4 CYCLE: 88396
PNORMAL PADDR: 120e58 VADDR: 0 PROW: 4 PBANK: 6 CYCLE: 88426
NORMAL PADDR: 58578 VADDR: 0 PROW: 1 PBANK: 5 CYCLE: 88496
PNORMAL PADDR: 16464c VADDR: 0 PROW: 5 PBANK: 6 CYCLE: 89345
NORMAL PADDR: 58370 VADDR: 0 PROW: 1 PBANK: 7 CYCLE: 89452
PPREFETCH PADDR: 120a40 VADDR: 0 PROW: 4 PBANK: 6 CYCLE: 89715
NORMAL PADDR: 7a040 VADDR: 0 PROW: 1 PBANK: 4 CYCLE: 89788
PNORMAL PADDR: 7a040 VADDR: 0 PROW: 1 PBANK: 4 CYCLE: 89788
NORMAL PADDR: 7a080 VADDR: 0 PROW: 1 PBANK: 8 CYCLE: 89874
PNORMAL PADDR: 7a080 VADDR: 0 PROW: 1 PBANK: 8 CYCLE: 89874
NORMAL PADDR: 2efa0 VADDR: 0 PROW: 0 PBANK: b CYCLE: 89885
PPREFETCH PADDR: 120bc0 VADDR: 0 PROW: 4 PBANK: f CYCLE: 89965
NORMAL PADDR: 7afb0 VADDR: 0 PROW: 1 PBANK: b CYCLE: 90022
PPREFETCH PADDR: 12c340 VADDR: 0 PROW: 4 PBANK: 7 CYCLE: 90027
PREFETCH PADDR: 7ae80 VADDR: 0 PROW: 1 PBANK: a CYCLE: 90031
PPREFETCH PADDR: 7ae80 VADDR: 0 PROW: 1 PBANK: a CYCLE: 90031
NORMAL PADDR: 7afc2 VADDR: 0 PROW: 1 PBANK: f CYCLE: 90037
PNORMAL PADDR: 120a18 VADDR: 0 PROW: 4 PBANK: 2 CYCLE: 90180
NORMAL PADDR: 7a0e0 VADDR: 0 PROW: 1 PBANK: c CYCLE: 90241
PNORMAL PADDR: 7a0e0 VADDR: 0 PROW: 1 PBANK: c CYCLE: 90241
PREFETCH PADDR: 7a100 VADDR: 0 PROW: 1 PBANK: 1 CYCLE: 90245
PPREFETCH PADDR: 7a100 VADDR: 0 PROW: 1 PBANK: 1 CYCLE: 90245
PREFETCH PADDR: 7a000 VADDR: 0 PROW: 1 PBANK: 0 CYCLE: 90266
PPREFETCH PADDR: 128ec0 VADDR: 0 PROW: 4 PBANK: e CYCLE: 91104
NORMAL PADDR: 7ae30 VADDR: 0 PROW: 1 PBANK: 2 CYCLE: 91160
PNORMAL PADDR: 7ae30 VADDR: 0 PROW: 1 PBANK: 2 CYCLE: 91160
NORMAL PADDR: 7ae43 VADDR: 0 PROW: 1 PBANK: 6 CYCLE: 91164
PPREFETCH PADDR: 1285c0 VADDR: 0 PROW: 4 PBANK: d CYCLE: 91168
PREFETCH PADDR: 7ac40 VADDR: 0 PROW: 1 PBANK: 4 CYCLE: 91172
PPREFETCH PADDR: 7ac40 VADDR: 0 PROW: 1 PBANK: 4 CYCLE: 91172
PREFETCH PADDR: 7aec0 VADDR: 0 PROW: 1 PBANK: e CYCLE: 91194
PPREFETCH PADDR: 7aec0 VADDR: 0 PROW: 1 PBANK: e CYCLE: 91194
PREFETCH PADDR: 7acc0 VADDR: 0 PROW: 1 PBANK: c CYCLE: 91202
PPREFETCH PADDR: a0040 VADDR: 0 PROW: 2 PBANK: 4 CYCLE: 91244
NORMAL PADDR: 8710 VADDR: 0 PROW: 0 PBANK: 3 CYCLE: 91250
PNORMAL PADDR: 1728ee VADDR: 0 PROW: 5 PBANK: c CYCLE: 91531
PREFETCH PADDR: 7ad80 VADDR: 0 PROW: 1 PBANK: 9 CYCLE: 91619
PPREFETCH PADDR: 7ad80 VADDR: 0 PROW: 1 PBANK: 9 CYCLE: 91619
PREFETCH PADDR: 7ad00 VADDR: 0 PROW: 1 PBANK: 1 CYCLE: 91623
PPREFETCH PADDR: a0140 VADDR: 0 PROW: 2 PBANK: 5 CYCLE: 91631
PREFETCH PADDR: 7af40 VADDR: 0 PROW: 1 PBANK: 7 CYCLE: 91653
PPREFETCH PADDR: 120b80 VADDR: 0 PROW: 4 PBANK: b CYCLE: 91881
NORMAL PADDR: 7ee00 VADDR: 0 PROW: 1 PBANK: 2 CYCLE: 91893
PNORMAL PADDR: 7ee00 VADDR: 0 PROW: 1 PBANK: 2 CYCLE: 91893
NORMAL PADDR: 7ee80 VADDR: 0 PROW: 1 PBANK: a CYCLE: 91900
PNORMAL PADDR: 7ee80 VADDR: 0 PROW: 1 PBANK: a CYCLE: 91900
NORMAL PADDR: 7ed40 VADDR: 0 PROW: 1 PBANK: 5 CYCLE: 91911
PNORMAL PADDR: 7ed40 VADDR: 0 PROW: 1 PBANK: 5 CYCLE: 91911
NORMAL PADDR: 7ed80 VADDR: 0 PROW: 1 PBANK: 9 CYCLE: 91915
PNORMAL PADDR: 7ed80 VADDR: 0 PROW: 1 PBANK: 9 CYCLE: 91915
NORMAL PADDR: 7edc0 VADDR: 0 PROW: 1 PBANK: d CYCLE: 91927
PNORMAL PADDR: 7edc0 VADDR: 0 PROW: 1 PBANK: d CYCLE: 91927
NORMAL PADDR: 56294 VADDR: 0 PROW: 1 PBANK: a CYCLE: 91941
PNORMAL PADDR: 56294 VADDR: 0 PROW: 1 PBANK: a CYCLE: 91941
NORMAL PADDR: 7eec0 VADDR: 0 PROW: 1 PBANK: e CYCLE: 91949
PPREFETCH PADDR: 10ae80 VADDR: 0 PROW: 4 PBANK: a CYCLE: 92112
PREFETCH PADDR: 443c0 VADDR: 0 PROW: 1 PBANK: f CYCLE: 92167
PPREFETCH PADDR: 443c0 VADDR: 0 PROW: 1 PBANK: f CYCLE: 92167
NORMAL PADDR: 444c0 VADDR: 0 PROW: 1 PBANK: c CYCLE: 92182
PNORMAL PADDR: 444c0 VADDR: 0 PROW: 1 PBANK: c CYCLE: 92182
PREFETCH PADDR: 44400 VADDR: 0 PROW: 1 PBANK: 0 CYCLE: 92186
PPREFETCH PADDR: 44400 VADDR: 0 PROW: 1 PBANK: 0 CYCLE: 92186
NORMAL PADDR: 56858 VADDR: 0 PROW: 1 PBANK: 4 CYCLE: 92277
PNORMAL PADDR: 10c1c0 VADDR: 0 PROW: 4 PBANK: d CYCLE: 92561
NORMAL PADDR: 56838 VADDR: 0 PROW: 1 PBANK: 0 CYCLE: 92675
PNORMAL PADDR: 56838 VADDR: 0 PROW: 1 PBANK: 0 CYCLE: 92675
NORMAL PADDR: 58e78 VADDR: 0 PROW: 1 PBANK: 6 CYCLE: 92679
PNORMAL PADDR: 58e78 VADDR: 0 PROW: 1 PBANK: 6 CYCLE: 92679
NORMAL PADDR: 24500 VADDR: 0 PROW: 0 PBANK: 1 CYCLE: 92680
PNORMAL PADDR: 17c9f7 VADDR: 0 PROW: 5 PBANK: d CYCLE: 92850
NORMAL PADDR: 2a058 VADDR: 0 PROW: 0 PBANK: 4 CYCLE: 92950
PPREFETCH PADDR: 10c440 VADDR: 0 PROW: 4 PBANK: 4 CYCLE: 93196
NORMAL PADDR: 107e0 VADDR: 0 PROW: 0 PBANK: f CYCLE: 93205
PPREFETCH PADDR: 182940 VADDR: 0 PROW: 6 PBANK: 5 CYCLE: 93546
NORMAL PADDR: 80d8 VADDR: 0 PROW: 0 PBANK: c CYCLE: 93625
PNORMAL PADDR: d44ec VADDR: 0 PROW: 3 PBANK: c CYCLE: 94264
NORMAL PADDR: 8ab0 VADDR: 0 PROW: 0 PBANK: a CYCLE: 94268
PNORMAL PADDR: e2a70 VADDR: 0 PROW: 3 PBANK: 6 CYCLE: 94410
NORMAL PADDR: 83a8 VADDR: 0 PROW: 0 PBANK: b CYCLE: 94414
PNORMAL PADDR: bcea4 VADDR: 0 PROW: 2 PBANK: a CYCLE: 94417
NORMAL PADDR: 8970 VADDR: 0 PROW: 0 PBANK: 5 CYCLE: 94418
PPREFETCH PADDR: 10c580 VADDR: 0 PROW: 4 PBANK: 9 CYCLE: 94805
NORMAL PADDR: 50ef0 VADDR: 0 PROW: 1 PBANK: e CYCLE: 94809
PNORMAL PADDR: 50ef0 VADDR: 0 PROW: 1 PBANK: e CYCLE: 94809
NORMAL PADDR: 50f01 VADDR: 0 PROW: 1 PBANK: 3 CYCLE: 94813
PNORMAL PADDR: 50f01 VADDR: 0 PROW: 1 PBANK: 3 CYCLE: 94813
NORMAL PADDR: 50f61 VADDR: 0 PROW: 1 PBANK: 7 CYCLE: 94899
PPREFETCH PADDR: 176380 VADDR: 0 PROW: 5 PBANK: b CYCLE: 96087
NORMAL PADDR: 62301 VADDR: 0 PROW: 1 PBANK: 3 CYCLE: 96151
PNORMAL PADDR: 62301 VADDR: 0 PROW: 1 PBANK: 3 CYCLE: 96151
NORMAL PADDR: 62343 VADDR: 0 PROW: 1 PBANK: 7 CYCLE: 96236
PNORMAL PADDR: 62343 VADDR: 0 PROW: 1 PBANK: 7 CYCLE: 96236
NORMAL PADDR: 62394 VADDR: 0 PROW: 1 PBANK: b CYCLE: 96318
PNORMAL PADDR: 176270 VADDR: 0 PROW: 5 PBANK: 6 CYCLE: 96406
PREFETCH PADDR: 7a2c0 VADDR: 0 PROW: 1 PBANK: e CYCLE: 96492
PPREFETCH PADDR: 7a2c0 VADDR: 0 PROW: 1 PBANK: e CYCLE: 96492
NORMAL PADDR: 46d28 VADDR: 0 PROW: 1 PBANK: 1 CYCLE: 96496
PNORMAL PADDR: 46d28 VADDR: 0 PROW: 1 PBANK: 1 CYCLE: 96496
NORMAL PADDR: aa00 VADDR: 0 PROW: 0 PBANK: 2 CYCLE: 96504
PNORMAL PADDR: aa00 VADDR: 0 PROW: 0 PBANK: 2 CYCLE: 96504
NORMAL PADDR: 7a42b VADDR: 0 PROW: 1 PBANK: 0 CYCLE: 96589
PPREFETCH PADDR: 1c6d00 VADDR: 0 PROW: 7 PBANK: 1 CYCLE: 96673
NORMAL PADDR: 7a485 VADDR: 0 PROW: 1 PBANK: 8 CYCLE: 96675
PNORMAL PADDR: 7a485 VADDR: 0 PROW: 1 PBANK: 8 CYCLE: 96675
NORMAL PADDR: a730 VADDR: 0 PROW: 0 PBANK: 3 CYCLE: 96772
PPREFETCH PADDR: 1cad80 VADDR: 0 PROW: 7 PBANK: 9 CYCLE: 97769
NORMAL PADDR: 7a4c2 VADDR: 0 PROW: 1 PBANK: c CYCLE: 97819
PNORMAL PADDR: 7a4c2 VADDR: 0 PROW: 1 PBANK: c CYCLE: 97819
NORMAL PADDR: 24110 VADDR: 0 PROW: 0 PBANK: 1 CYCLE: 97910
PPREFETCH PADDR: 100980 VADDR: 0 PROW: 4 PBANK: 9 CYCLE: 98740
NORMAL PADDR: 50470 VADDR: 0 PROW: 1 PBANK: 4 CYCLE: 98799
PNORMAL PADDR: 50470 VADDR: 0 PROW: 1 PBANK: 4 CYCLE: 98799
NORMAL PADDR: 50482 VADDR: 0 PROW: 1 PBANK: 8 CYCLE: 98803
PNORMAL PADDR: 50482 VADDR: 0 PROW: 1 PBANK: 8 CYCLE: 98803
NORMAL PADDR: 504dd VADDR: 0 PROW: 1 PBANK: c CYCLE: 98889
PNORMAL PADDR: 504dd VADDR: 0 PROW: 1 PBANK: c CYCLE: 98889
NORMAL PADDR: a8b0 VADDR: 0 PROW: 0 PBANK: 8 CYCLE: 98980
PNORMAL PADDR: 1ce8c1 VADDR: 0 PROW: 7 PBANK: c CYCLE: 99145
NORMAL PADDR: 487a8 VADDR: 0 PROW: 1 PBANK: b CYCLE: 99222
PNORMAL PADDR: 92d30 VADDR: 0 PROW: 2 PBANK: 1 CYCLE: 99390
NORMAL PADDR: 62c10 VADDR: 0 PROW: 1 PBANK: 0 CYCLE: 99402
PNORMAL PADDR: 62c10 VADDR: 0 PROW: 1 PBANK: 0 CYCLE: 99402
NORMAL PADDR: af80 VADDR: 0 PROW: 0 PBANK: b CYCLE: 99488
PNORMAL PADDR: 1d2fc0 VADDR: 0 PROW: 7 PBANK: f CYCLE: 99734
NORMAL PADDR: 62c42 VADDR: 0 PROW: 1 PBANK: 4 CYCLE: 99819
PNORMAL PADDR: 0 VADDR: 0 PROW: 1f PBANK: f CYCLE: 99860
NORMAL PADDR: 62c93 VADDR: 0 PROW: 1 PBANK: 8 CYCLE: 100307
PNORMAL PADDR: 62c93 VADDR: 0 PROW: 1 PBANK: 8 CYCLE: 100307
PREFETCH PADDR: 62cc0 VADDR: 0 PROW: 1 PBANK: c CYCLE: 100311
PNORMAL PADDR: 1cc310 VADDR: 0 PROW: 7 PBANK: 3 CYCLE: 100543
NORMAL PADDR: a6f0 VADDR: 0 PROW: 0 PBANK: e CYCLE: 100665
PPREFETCH PADDR: 1d65c0 VADDR: 0 PROW: 7 PBANK: d CYCLE: 100914
NORMAL PADDR: a9b0 VADDR: 0 PROW: 0 PBANK: 9 CYCLE: 100976
PNORMAL PADDR: 9c100 VADDR: 0 PROW: 2 PBANK: 1 CYCLE: 101600
NORMAL PADDR: 3ea08 VADDR: 0 PROW: 0 PBANK: 2 CYCLE: 101603
PNORMAL PADDR: 3ea08 VADDR: 0 PROW: 0 PBANK: 2 CYCLE: 101603
NORMAL PADDR: 56658 VADDR: 0 PROW: 1 PBANK: 6 CYCLE: 101614
PPREFETCH PADDR: 176600 VADDR: 0 PROW: 5 PBANK: 2 CYCLE: 101676
NORMAL PADDR: 3ea90 VADDR: 0 PROW: 0 PBANK: a CYCLE: 101705
PNORMAL PADDR: a2f20 VADDR: 0 PROW: 2 PBANK: 3 CYCLE: 101985
NORMAL PADDR: 3ea48 VADDR: 0 PROW: 0 PBANK: 6 CYCLE: 102028
PNORMAL PADDR: 1dcf20 VADDR: 0 PROW: 7 PBANK: 3 CYCLE: 102146
NORMAL PADDR: 6ab45 VADDR: 0 PROW: 1 PBANK: 7 CYCLE: 102183
PNORMAL PADDR: 6ab45 VADDR: 0 PROW: 1 PBANK: 7 CYCLE: 102183
NORMAL PADDR: 6ab00 VADDR: 0 PROW: 1 PBANK: 3 CYCLE: 102201
PNORMAL PADDR: 1769f8 VADDR: 0 PROW: 5 PBANK: d CYCLE: 102205
NORMAL PADDR: 6aba6 VADDR: 0 PROW: 1 PBANK: b CYCLE: 102266
PPREFETCH PADDR: 176c40 VADDR: 0 PROW: 5 PBANK: 4 CYCLE: 102274
PREFETCH PADDR: 6abc0 VADDR: 0 PROW: 1 PBANK: f CYCLE: 102278
PPREFETCH PADDR: 176cc0 VADDR: 0 PROW: 5 PBANK: c CYCLE: 102356
PREFETCH PADDR: 6ad40 VADDR: 0 PROW: 1 PBANK: 5 CYCLE: 102384
PPREFETCH PADDR: 6ad40 VADDR: 0 PROW: 1 PBANK: 5 CYCLE: 102384
PREFETCH PADDR: 6ac00 VADDR: 0 PROW: 1 PBANK: 0 CYCLE: 102394
PPREFETCH PADDR: 6ac00 VADDR: 0 PROW: 1 PBANK: 0 CYCLE: 102394
NORMAL PADDR: 6acaf VADDR: 0 PROW: 1 PBANK: 8 CYCLE: 102400
PNORMAL PADDR: 6acaf VADDR: 0 PROW: 1 PBANK: 8 CYCLE: 102400
NORMAL PADDR: 6acc1 VADDR: 0 PROW: 1 PBANK: c CYCLE: 102428
PNORMAL PADDR: 6acc1 VADDR: 0 PROW: 1 PBANK: c CYCLE: 102428
NORMAL PADDR: 6adb3 VADDR: 0 PROW: 1 PBANK: 9 CYCLE: 102514
PNORMAL PADDR: 6adb3 VADDR: 0 PROW: 1 PBANK: 9 CYCLE: 102514
PREFETCH PADDR: 6ae80 VADDR: 0 PROW: 1 PBANK: a CYCLE: 102522
PPREFETCH PADDR: 6ae80 VADDR: 0 PROW: 1 PBANK: a CYCLE: 102522
NORMAL PADDR: 6ae5a VADDR: 0 PROW: 1 PBANK: 6 CYCLE: 102595
PPREFETCH PADDR: 1de4c0 VADDR: 0 PROW: 7 PBANK: c CYCLE: 102863
NORMAL PADDR: 5648c VADDR: 0 PROW: 1 PBANK: 8 CYCLE: 102944
PNORMAL PADDR: 5648c VADDR: 0 PROW: 1 PBANK: 8 CYCLE: 102944
NORMAL PADDR: 6cac0 VADDR: 0 PROW: 1 PBANK: e CYCLE: 102945
PNORMAL PADDR: 6cac0 VADDR: 0 PROW: 1 PBANK: e CYCLE: 102945
NORMAL PADDR: 58c30 VADDR: 0 PROW: 1 PBANK: 0 CYCLE: 102949
PNORMAL PADDR: 1e0c30 VADDR: 0 PROW: 7 PBANK: 0 CYCLE: 103110
PREFETCH PADDR: 6cc00 VADDR: 0 PROW: 1 PBANK: 0 CYCLE: 103240
PPREFETCH PADDR: 6cc00 VADDR: 0 PROW: 1 PBANK: 0 CYCLE: 103240
NORMAL PADDR: 6cc79 VADDR: 0 PROW: 1 PBANK: 4 CYCLE: 103282
PNORMAL PADDR: 6cc79 VADDR: 0 PROW: 1 PBANK: 4 CYCLE: 103282
PREFETCH PADDR: 6cd00 VADDR: 0 PROW: 1 PBANK: 1 CYCLE: 103286
PPREFETCH PADDR: 176b00 VADDR: 0 PROW: 5 PBANK: 3 CYCLE: 103537
NORMAL PADDR: 8a20 VADDR: 0 PROW: 0 PBANK: 2 CYCLE: 103668
PNORMAL PADDR: 8a20 VADDR: 0 PROW: 0 PBANK: 2 CYCLE: 103668
PREFETCH PADDR: 6cdc0 VADDR: 0 PROW: 1 PBANK: d CYCLE: 103670
PPREFETCH PADDR: 176ec0 VADDR: 0 PROW: 5 PBANK: e CYCLE: 103678
NORMAL PADDR: 6ce3e VADDR: 0 PROW: 1 PBANK: 2 CYCLE: 103682
PNORMAL PADDR: 6ce3e VADDR: 0 PROW: 1 PBANK: 2 CYCLE: 103682
PREFETCH PADDR: 6cf80 VADDR: 0 PROW: 1 PBANK: b CYCLE: 103746
PNORMAL PADDR: 184550 VADDR: 0 PROW: 6 PBANK: 5 CYCLE: 104796
NORMAL PADDR: 8798 VADDR: 0 PROW: 0 PBANK: b CYCLE: 104837
PNORMAL PADDR: c2541 VADDR: 0 PROW: 3 PBANK: 5 CYCLE: 105831
NORMAL PADDR: 8b00 VADDR: 0 PROW: 0 PBANK: 3 CYCLE: 105979
PNORMAL PADDR: 1bc8b8 VADDR: 0 PROW: 6 PBANK: 8 CYCLE: 110107
NORMAL PADDR: 81a0 VADDR: 0 PROW: 0 PBANK: 9 CYCLE: 110371
PNORMAL PADDR: 1becc0 VADDR: 0 PROW: 6 PBANK: c CYCLE: 111344
NORMAL PADDR: 2233e VADDR: 0 PROW: 0 PBANK: 3 CYCLE: 111707
PNORMAL PADDR: 2233e VADDR: 0 PROW: 0 PBANK: 3 CYCLE: 111707
NORMAL PADDR: 22354 VADDR: 0 PROW: 0 PBANK: 7 CYCLE: 111711
PNORMAL PADDR: 22354 VADDR: 0 PROW: 0 PBANK: 7 CYCLE: 111711
NORMAL PADDR: 222c8 VADDR: 0 PROW: 0 PBANK: e CYCLE: 111715
PNORMAL PADDR: 222c8 VADDR: 0 PROW: 0 PBANK: e CYCLE: 111715
NORMAL PADDR: 22388 VADDR: 0 PROW: 0 PBANK: b CYCLE: 111725
PNORMAL PADDR: 22388 VADDR: 0 PROW: 0 PBANK: b CYCLE: 111725
NORMAL PADDR: 223c8 VADDR: 0 PROW: 0 PBANK: f CYCLE: 111746
PNORMAL PADDR: 223c8 VADDR: 0 PROW: 0 PBANK: f CYCLE: 111746
NORMAL PADDR: 2241c VADDR: 0 PROW: 0 PBANK: 0 CYCLE: 111750
PNORMAL PADDR: 2241c VADDR: 0 PROW: 0 PBANK: 0 CYCLE: 111750
PREFETCH PADDR: 22440 VADDR: 0 PROW: 0 PBANK: 4 CYCLE: 111754
PPREFETCH PADDR: 22440 VADDR: 0 PROW: 0 PBANK: 4 CYCLE: 111754
PREFETCH PADDR: 22480 VADDR: 0 PROW: 0 PBANK: 8 CYCLE: 111759
PPREFETCH PADDR: 22480 VADDR: 0 PROW: 0 PBANK: 8 CYCLE: 111759
PREFETCH PADDR: 224c0 VADDR: 0 PROW: 0 PBANK: c CYCLE: 111780
PPREFETCH PADDR: 224c0 VADDR: 0 PROW: 0 PBANK: c CYCLE: 111780
PREFETCH PADDR: 22500 VADDR: 0 PROW: 0 PBANK: 1 CYCLE: 111784
PPREFETCH PADDR: 22500 VADDR: 0 PROW: 0 PBANK: 1 CYCLE: 111784
PREFETCH PADDR: 22540 VADDR: 0 PROW: 0 PBANK: 5 CYCLE: 111788
PPREFETCH PADDR: 22540 VADDR: 0 PROW: 0 PBANK: 5 CYCLE: 111788
PREFETCH PADDR: 22580 VADDR: 0 PROW: 0 PBANK: 9 CYCLE: 111793
PPREFETCH PADDR: 22580 VADDR: 0 PROW: 0 PBANK: 9 CYCLE: 111793
PREFETCH PADDR: 225c0 VADDR: 0 PROW: 0 PBANK: d CYCLE: 111814
PPREFETCH PADDR: 225c0 VADDR: 0 PROW: 0 PBANK: d CYCLE: 111814
PREFETCH PADDR: 22600 VADDR: 0 PROW: 0 PBANK: 2 CYCLE: 111818
PPREFETCH PADDR: 22600 VADDR: 0 PROW: 0 PBANK: 2 CYCLE: 111818
PREFETCH PADDR: 22640 VADDR: 0 PROW: 0 PBANK: 6 CYCLE: 111822
PNORMAL PADDR: be5d0 VADDR: 0 PROW: 2 PBANK: d CYCLE: 111918
PREFETCH PADDR: 22680 VADDR: 0 PROW: 0 PBANK: a CYCLE: 111937
PNORMAL PADDR: 17c16c VADDR: 0 PROW: 5 PBANK: 5 CYCLE: 114769
NORMAL PADDR: 581a8 VADDR: 0 PROW: 1 PBANK: 9 CYCLE: 114782
PNORMAL PADDR: 17c0a8 VADDR: 0 PROW: 5 PBANK: 8 CYCLE: 114807
NORMAL PADDR: 24558 VADDR: 0 PROW: 0 PBANK: 5 CYCLE: 114841
PNORMAL PADDR: 2304c8 VADDR: 0 PROW: 8 PBANK: c CYCLE: 115653
NORMAL PADDR: 24380 VADDR: 0 PROW: 0 PBANK: b CYCLE: 115663
PPREFETCH PADDR: 1ccc80 VADDR: 0 PROW: 7 PBANK: 8 CYCLE: 116046
NORMAL PADDR: 3eac8 VADDR: 0 PROW: 0 PBANK: e CYCLE: 116050
PNORMAL PADDR: 3eac8 VADDR: 0 PROW: 0 PBANK: e CYCLE: 116050
NORMAL PADDR: 3eb50 VADDR: 0 PROW: 0 PBANK: 7 CYCLE: 116054
PNORMAL PADDR: 3eb50 VADDR: 0 PROW: 0 PBANK: 7 CYCLE: 116054
PREFETCH PADDR: 3eb00 VADDR: 0 PROW: 0 PBANK: 3 CYCLE: 116058
PPREFETCH PADDR: 3eb00 VADDR: 0 PROW: 0 PBANK: 3 CYCLE: 116058
PREFETCH PADDR: 3ebc0 VADDR: 0 PROW: 0 PBANK: f CYCLE: 116079
PNORMAL PADDR: 23a330 VADDR: 0 PROW: 8 PBANK: 3 CYCLE: 116414
NORMAL PADDR: 58400 VADDR: 0 PROW: 1 PBANK: 0 CYCLE: 116501
PNORMAL PADDR: 58400 VADDR: 0 PROW: 1 PBANK: 0 CYCLE: 116501
NORMAL PADDR: 3a8b0 VADDR: 0 PROW: 0 PBANK: 8 CYCLE: 116601
PNORMAL PADDR: 23a340 VADDR: 0 PROW: 8 PBANK: 7 CYCLE: 116721
NORMAL PADDR: 86c8 VADDR: 0 PROW: 0 PBANK: e CYCLE: 117319
PNORMAL PADDR: 1e82a0 VADDR: 0 PROW: 7 PBANK: a CYCLE: 118196
NORMAL PADDR: 3a904 VADDR: 0 PROW: 0 PBANK: 1 CYCLE: 119056
PNORMAL PADDR: b8bc2 VADDR: 0 PROW: 2 PBANK: f CYCLE: 129280
NORMAL PADDR: 6ce90 VADDR: 0 PROW: 1 PBANK: a CYCLE: 129344
PNORMAL PADDR: 6ce90 VADDR: 0 PROW: 1 PBANK: a CYCLE: 129344
PREFETCH PADDR: 6cec0 VADDR: 0 PROW: 1 PBANK: e CYCLE: 129348
PPREFETCH PADDR: 1e4040 VADDR: 0 PROW: 7 PBANK: 4 CYCLE: 129352
PREFETCH PADDR: 6cf00 VADDR: 0 PROW: 1 PBANK: 3 CYCLE: 129420
PNORMAL PADDR: 0 VADDR: 0 PROW: 53 PBANK: f CYCLE: 262099
NORMAL PADDR: 222a0 VADDR: 0 PROW: 0 PBANK: a CYCLE: 266150
PNORMAL PADDR: 222a0 VADDR: 0 PROW: 0 PBANK: a CYCLE: 266150
PREFETCH PADDR: 221c0 VADDR: 0 PROW: 0 PBANK: d CYCLE: 266154
PPREFETCH PADDR: 221c0 VADDR: 0 PROW: 0 PBANK: d CYCLE: 266154
PREFETCH PADDR: 22180 VADDR: 0 PROW: 0 PBANK: 9 CYCLE: 266158
PPREFETCH PADDR: 22180 VADDR: 0 PROW: 0 PBANK: 9 CYCLE: 266158
PREFETCH PADDR: 22240 VADDR: 0 PROW: 0 PBANK: 6 CYCLE: 267814
PPREFETCH PADDR: 22240 VADDR: 0 PROW: 0 PBANK: 6 CYCLE: 267814
PREFETCH PADDR: 22200 VADDR: 0 PROW: 0 PBANK: 2 CYCLE: 267818
PNORMAL PADDR: 0 VADDR: 0 PROW: 5f PBANK: f CYCLE: 299519
PREFETCH PADDR: 22c80 VADDR: 0 PROW: 0 PBANK: 8 CYCLE: 299936
PPREFETCH PADDR: 22c80 VADDR: 0 PROW: 0 PBANK: 8 CYCLE: 299936
PREFETCH PADDR: 22e00 VADDR: 0 PROW: 0 PBANK: 2 CYCLE: 299940
PNORMAL PADDR: 127cb8 VADDR: 0 PROW: 4 PBANK: 8 CYCLE: 12298
NORMAL PADDR: 0 VADDR: 0 PROW: 0 PBANK: 0 CYCLE: 12499
PNORMAL PADDR: 0 VADDR: 0 PROW: 0 PBANK: 0 CYCLE: 12499
NORMAL PADDR: 0 VADDR: 0 PROW: 0 PBANK: 1 CYCLE: 12499
PNORMAL PADDR: 0 VADDR: 0 PROW: 0 PBANK: 1 CYCLE: 12499
NORMAL PADDR: 0 VADDR: 0 PROW: 0 PBANK: 2 CYCLE: 12499
PNORMAL PADDR: 0 VADDR: 0 PROW: 0 PBANK: 2 CYCLE: 12499
NORMAL PADDR: 0 VADDR: 0 PROW: 0 PBANK: 3 CYCLE: 12499
PNORMAL PADDR: 0 VADDR: 0 PROW: 0 PBANK: 3 CYCLE: 12499
NORMAL PADDR: 0 VADDR: 0 PROW: 0 PBANK: 4 CYCLE: 12499
PNORMAL PADDR: 0 VADDR: 0 PROW: 0 PBANK: 4 CYCLE: 12499
NORMAL PADDR: 0 VADDR: 0 PROW: 0 PBANK: 5 CYCLE: 12499
PNORMAL PADDR: 0 VADDR: 0 PROW: 0 PBANK: 5 CYCLE: 12499
NORMAL PADDR: 0 VADDR: 0 PROW: 0 PBANK: 6 CYCLE: 12499
PNORMAL PADDR: 0 VADDR: 0 PROW: 0 PBANK: 6 CYCLE: 12499
NORMAL PADDR: 0 VADDR: 0 PROW: 0 PBANK: 7 CYCLE: 12499
PNORMAL PADDR: 0 VADDR: 0 PROW: 0 PBANK: 7 CYCLE: 12499
NORMAL PADDR: 0 VADDR: 0 PROW: 0 PBANK: 8 CYCLE: 12499
PNORMAL PADDR: 0 VADDR: 0 PROW: 0 PBANK: 8 CYCLE: 12499
NORMAL PADDR: 0 VADDR: 0 PROW: 0 PBANK: 9 CYCLE: 12499
PNORMAL PADDR: 0 VADDR: 0 PROW: 0 PBANK: 9 CYCLE: 12499
NORMAL PADDR: 0 VADDR: 0 PROW: 0 PBANK: a CYCLE: 12499
PNORMAL PADDR: 0 VADDR: 0 PROW: 0 PBANK: a CYCLE: 12499
NORMAL PADDR: 0 VADDR: 0 PROW: 0 PBANK: b CYCLE: 12499
PNORMAL PADDR: 0 VADDR: 0 PROW: 0 PBANK: b CYCLE: 12499
NORMAL PADDR: 0 VADDR: 0 PROW: 0 PBANK: c CYCLE: 12499
PNORMAL PADDR: 0 VADDR: 0 PROW: 0 PBANK: c CYCLE: 12499
NORMAL PADDR: 0 VADDR: 0 PROW: 0 PBANK: d CYCLE: 12499
PNORMAL PADDR: 0 VADDR: 0 PROW: 0 PBANK: d CYCLE: 12499
NORMAL PADDR: 0 VADDR: 0 PROW: 0 PBANK: e CYCLE: 12499
PNORMAL PADDR: 0 VADDR: 0 PROW: 0 PBANK: e CYCLE: 12499
NORMAL PADDR: 0 VADDR: 0 PROW: 0 PBANK: f CYCLE: 12499
PNORMAL PADDR: 0 VADDR: 0 PROW: 0 PBANK: f CYCLE: 12499
NORMAL PADDR: 0 VADDR: 0 PROW: 1 PBANK: 0 CYCLE: 12499
PNORMAL PADDR: 0 VADDR: 0 PROW: 1 PBANK: 0 CYCLE: 12499
NORMAL PADDR: 0 VADDR: 0 PROW: 1 PBANK: 1 CYCLE: 12499
PNORMAL PADDR: 0 VADDR: 0 PROW: 1 PBANK: 1 CYCLE: 12499
NORMAL PADDR: 0 VADDR: 0 PROW: 1 PBANK: 2 CYCLE: 12499
PNORMAL PADDR: 0 VADDR: 0 PROW: 1 PBANK: 2 CYCLE: 12499
NORMAL PADDR: 0 VADDR: 0 PROW: 1 PBANK: 3 CYCLE: 12499
PNORMAL PADDR: 0 VADDR: 0 PROW: 1 PBANK: 3 CYCLE: 12499
NORMAL PADDR: 0 VADDR: 0 PROW: 1 PBANK: 4 CYCLE: 12499
PNORMAL PADDR: 0 VADDR: 0 PROW: 1 PBANK: 4 CYCLE: 12499
NORMAL PADDR: 0 VADDR: 0 PROW: 1 PBANK: 5 CYCLE: 12499
PNORMAL PADDR: 0 VADDR: 0 PROW: 1 PBANK: 5 CYCLE: 12499
NORMAL PADDR: 0 VADDR: 0 PROW: 1 PBANK: 6 CYCLE: 12499
PNORMAL PADDR: 0 VADDR: 0 PROW: 1 PBANK: 6 CYCLE: 12499
NORMAL PADDR: 0 VADDR: 0 PROW: 1 PBANK: 7 CYCLE: 12499
PNORMAL PADDR: 0 VADDR: 0 PROW: 1 PBANK: 7 CYCLE: 12499
NORMAL PADDR: 0 VADDR: 0 PROW: 1 PBANK: 8 CYCLE: 12499
PNORMAL PADDR: 0 VADDR: 0 PROW: 1 PBANK: 8 CYCLE: 12499
NORMAL PADDR: 0 VADDR: 0 PROW: 1 PBANK: 9 CYCLE: 12499
PNORMAL PADDR: 0 VADDR: 0 PROW: 1 PBANK: 9 CYCLE: 12499
NORMAL PADDR: 0 VADDR: 0 PROW: 1 PBANK: a CYCLE: 12499
PNORMAL PADDR: 0 VADDR: 0 PROW: 1 PBANK: a CYCLE: 12499
NORMAL PADDR: 0 VADDR: 0 PROW: 1 PBANK: b CYCLE: 12499
PNORMAL PADDR: 0 VADDR: 0 PROW: 1 PBANK: b CYCLE: 12499
NORMAL PADDR: 0 VADDR: 0 PROW: 1 PBANK: c CYCLE: 12499
PNORMAL PADDR: 0 VADDR: 0 PROW: 1 PBANK: c CYCLE: 12499
NORMAL PADDR: 0 VADDR: 0 PROW: 1 PBANK: d CYCLE: 12499
PNORMAL PADDR: 0 VADDR: 0 PROW: 1 PBANK: d CYCLE: 12499
NORMAL PADDR: 0 VADDR: 0 PROW: 1 PBANK: e CYCLE: 12499
PNORMAL PADDR: 0 VADDR: 0 PROW: 1 PBANK: e CYCLE: 12499
NORMAL PADDR: 0 VADDR: 0 PROW: 1 PBANK: f CYCLE: 12499
PNORMAL PADDR: 0 VADDR: 0 PROW: 3 PBANK: f CYCLE: 12499
NORMAL PADDR: 0 VADDR: 0 PROW: 0 PBANK: 0 CYCLE: 12499
PNORMAL PADDR: 0 VADDR: 0 PROW: 0 PBANK: 0 CYCLE: 12499
NORMAL PADDR: 0 VADDR: 0 PROW: 0 PBANK: 1 CYCLE: 12499
PNORMAL PADDR: 0 VADDR: 0 PROW: 0 PBANK: 1 CYCLE: 12499
NORMAL PADDR: 0 VADDR: 0 PROW: 0 PBANK: 2 CYCLE: 12499
PNORMAL PADDR: 0 VADDR: 0 PROW: 0 PBANK: 2 CYCLE: 12499
NORMAL PADDR: 0 VADDR: 0 PROW: 0 PBANK: 3 CYCLE: 12499
PNORMAL PADDR: 0 VADDR: 0 PROW: 0 PBANK: 3 CYCLE: 12499
NORMAL PADDR: 0 VADDR: 0 PROW: 0 PBANK: 4 CYCLE: 12499
PNORMAL PADDR: 0 VADDR: 0 PROW: 0 PBANK: 4 CYCLE: 12499
NORMAL PADDR: 0 VADDR: 0 PROW: 0 PBANK: 5 CYCLE: 12499
PNORMAL PADDR: 0 VADDR: 0 PROW: 0 PBANK: 5 CYCLE: 12499
NORMAL PADDR: 0 VADDR: 0 PROW: 0 PBANK: 6 CYCLE: 12499
PNORMAL PADDR: 0 VADDR: 0 PROW: 0 PBANK: 6 CYCLE: 12499
NORMAL PADDR: 0 VADDR: 0 PROW: 0 PBANK: 7 CYCLE: 12499
PNORMAL PADDR: 0 VADDR: 0 PROW: 0 PBANK: 7 CYCLE: 12499
NORMAL PADDR: 0 VADDR: 0 PROW: 0 PBANK: 8 CYCLE: 12499
PNORMAL PADDR: 0 VADDR: 0 PROW: 0 PBANK: 8 CYCLE: 12499
NORMAL PADDR: 0 VADDR: 0 PROW: 0 PBANK: 9 CYCLE: 12499
PNORMAL PADDR: 0 VADDR: 0 PROW: 0 PBANK: 9 CYCLE: 12499
NORMAL PADDR: 0 VADDR: 0 PROW: 0 PBANK: a CYCLE: 12499
PNORMAL PADDR: 0 VADDR: 0 PROW: 0 PBANK: a CYCLE: 12499
NORMAL PADDR: 0 VADDR: 0 PROW: 0 PBANK: b CYCLE: 12499
PNORMAL PADDR: 0 VADDR: 0 PROW: 0 PBANK: b CYCLE: 12499
NORMAL PADDR: 0 VADDR: 0 PROW: 0 PBANK: c CYCLE: 12499
PNORMAL PADDR: 0 VADDR: 0 PROW: 0 PBANK: c CYCLE: 12499
NORMAL PADDR: 0 VADDR: 0 PROW: 0 PBANK: d CYCLE: 12499
PNORMAL PADDR: 0 VADDR: 0 PROW: 0 PBANK: d CYCLE: 12499
NORMAL PADDR: 0 VADDR: 0 PROW: 0 PBANK: e CYCLE: 12499
PNORMAL PADDR: 0 VADDR: 0 PROW: 0 PBANK: e CYCLE: 12499
NORMAL PADDR: 0 VADDR: 0 PROW: 0 PBANK: f CYCLE: 12499
PNORMAL PADDR: 0 VADDR: 0 PROW: 0 PBANK: f CYCLE: 12499
NORMAL PADDR: 0 VADDR: 0 PROW: 1 PBANK: 0 CYCLE: 12499
PNORMAL PADDR: 0 VADDR: 0 PROW: 1 PBANK: 0 CYCLE: 12499
NORMAL PADDR: 0 VADDR: 0 PROW: 1 PBANK: 1 CYCLE: 12499
PNORMAL PADDR: 0 VADDR: 0 PROW: 1 PBANK: 1 CYCLE: 12499
NORMAL PADDR: 0 VADDR: 0 PROW: 1 PBANK: 2 CYCLE: 12499
PNORMAL PADDR: 0 VADDR: 0 PROW: 1 PBANK: 2 CYCLE: 12499
NORMAL PADDR: 0 VADDR: 0 PROW: 1 PBANK: 3 CYCLE: 12499
PNORMAL PADDR: 0 VADDR: 0 PROW: 1 PBANK: 3 CYCLE: 12499
NORMAL PADDR: 0 VADDR: 0 PROW: 1 PBANK: 4 CYCLE: 12499
PNORMAL PADDR: 0 VADDR: 0 PROW: 1 PBANK: 4 CYCLE: 12499
NORMAL PADDR: 0 VADDR: 0 PROW: 1 PBANK: 5 CYCLE: 12499
PNORMAL PADDR: 0 VADDR: 0 PROW: 1 PBANK: 5 CYCLE: 12499
NORMAL PADDR: 0 VADDR: 0 PROW: 1 PBANK: 6 CYCLE: 12499
PNORMAL PADDR: 0 VADDR: 0 PROW: 1 PBANK: 6 CYCLE: 12499
NORMAL PADDR: 0 VADDR: 0 PROW: 1 PBANK: 7 CYCLE: 12499
PNORMAL PADDR: 0 VADDR: 0 PROW: 1 PBANK: 7 CYCLE: 12499
NORMAL PADDR: 0 VADDR: 0 PROW: 1 PBANK: 8 CYCLE: 12499
PNORMAL PADDR: 0 VADDR: 0 PROW: 1 PBANK: 8 CYCLE: 12499
NORMAL PADDR: 0 VADDR: 0 PROW: 1 PBANK: 9 CYCLE: 12499
PNORMAL PADDR: 0 VADDR: 0 PROW: 1 PBANK: 9 CYCLE: 12499
NORMAL PADDR: 0 VADDR: 0 PROW: 1 PBANK: a CYCLE: 12499
PNORMAL PADDR: 0 VADDR: 0 PROW: 1 PBANK: a CYCLE: 12499
NORMAL PADDR: 0 VADDR: 0 PROW: 1 PBANK: b CYCLE: 12499
PNORMAL PADDR: 0 VADDR: 0 PROW: 1 PBANK: b CYCLE: 12499
NORMAL PADDR: 0 VADDR: 0 PROW: 1 PBANK: c CYCLE: 12499
PNORMAL PADDR: 0 VADDR: 0 PROW: 1 PBANK: c CYCLE: 12499
NORMAL PADDR: 0 VADDR: 0 PROW: 1 PBANK: d CYCLE: 12499
PNORMAL PADDR: 0 VADDR: 0 PROW: 1 PBANK: d CYCLE: 12499
NORMAL PADDR: 0 VADDR: 0 PROW: 1 PBANK: e CYCLE: 12499
PNORMAL PADDR: 0 VADDR: 0 PROW: 1 PBANK: e CYCLE: 12499
NORMAL PADDR: 0 VADDR: 0 PROW: 1 PBANK: f CYCLE: 12499
PNORMAL PADDR: 127cb8 VADDR: 0 PROW: 4 PBANK: 8 CYCLE: 12298
NORMAL PADDR: 0 VADDR: 0 PROW: 0 PBANK: 0 CYCLE: 12499
PNORMAL PADDR: 0 VADDR: 0 PROW: 0 PBANK: 0 CYCLE: 12499
NORMAL PADDR: 0 VADDR: 0 PROW: 0 PBANK: 1 CYCLE: 12499
PNORMAL PADDR: 0 VADDR: 0 PROW: 0 PBANK: 1 CYCLE: 12499
NORMAL PADDR: 0 VADDR: 0 PROW: 0 PBANK: 2 CYCLE: 12499
PNORMAL PADDR: 0 VADDR: 0 PROW: 0 PBANK: 2 CYCLE: 12499
NORMAL PADDR: 0 VADDR: 0 PROW: 0 PBANK: 3 CYCLE: 12499
PNORMAL PADDR: 0 VADDR: 0 PROW: 0 PBANK: 3 CYCLE: 12499
NORMAL PADDR: 0 VADDR: 0 PROW: 0 PBANK: 4 CYCLE: 12499
PNORMAL PADDR: 0 VADDR: 0 PROW: 0 PBANK: 4 CYCLE: 12499
NORMAL PADDR: 0 VADDR: 0 PROW: 0 PBANK: 5 CYCLE: 12499
PNORMAL PADDR: 0 VADDR: 0 PROW: 0 PBANK: 5 CYCLE: 12499
NORMAL PADDR: 0 VADDR: 0 PROW: 0 PBANK: 6 CYCLE: 12499
PNORMAL PADDR: 0 VADDR: 0 PROW: 0 PBANK: 6 CYCLE: 12499
NORMAL PADDR: 0 VADDR: 0 PROW: 0 PBANK: 7 CYCLE: 12499
PNORMAL PADDR: 0 VADDR: 0 PROW: 0 PBANK: 7 CYCLE: 12499
NORMAL PADDR: 0 VADDR: 0 PROW: 0 PBANK: 8 CYCLE: 12499
PNORMAL PADDR: 0 VADDR: 0 PROW: 0 PBANK: 8 CYCLE: 12499
NORMAL PADDR: 0 VADDR: 0 PROW: 0 PBANK: 9 CYCLE: 12499
PNORMAL PADDR: 0 VADDR: 0 PROW: 0 PBANK: 9 CYCLE: 12499
NORMAL PADDR: 0 VADDR: 0 PROW: 0 PBANK: a CYCLE: 12499
PNORMAL PADDR: 0 VADDR: 0 PROW: 0 PBANK: a CYCLE: 12499
NORMAL PADDR: 0 VADDR: 0 PROW: 0 PBANK: b CYCLE: 12499
PNORMAL PADDR: 0 VADDR: 0 PROW: 0 PBANK: b CYCLE: 12499
NORMAL PADDR: 0 VADDR: 0 PROW: 0 PBANK: c CYCLE: 12499
PNORMAL PADDR: 0 VADDR: 0 PROW: 0 PBANK: c CYCLE: 12499
NORMAL PADDR: 0 VADDR: 0 PROW: 0 PBANK: d CYCLE: 12499
PNORMAL PADDR: 0 VADDR: 0 PROW: 0 PBANK: d CYCLE: 12499
NORMAL PADDR: 0 VADDR: 0 PROW: 0 PBANK: e CYCLE: 12499
PNORMAL PADDR: 0 VADDR: 0 PROW: 0 PBANK: e CYCLE: 12499
NORMAL PADDR: 0 VADDR: 0 PROW: 0 PBANK: f CYCLE: 12499
PNORMAL PADDR: 0 VADDR: 0 PROW: 0 PBANK: f CYCLE: 12499
NORMAL PADDR: 0 VADDR: 0 PROW: 1 PBANK: 0 CYCLE: 12499
PNORMAL PADDR: 0 VADDR: 0 PROW: 1 PBANK: 0 CYCLE: 12499
NORMAL PADDR: 0 VADDR: 0 PROW: 1 PBANK: 1 CYCLE: 12499
PNORMAL PADDR: 0 VADDR: 0 PROW: 1 PBANK: 1 CYCLE: 12499
NORMAL PADDR: 0 VADDR: 0 PROW: 1 PBANK: 2 CYCLE: 12499
PNORMAL PADDR: 0 VADDR: 0 PROW: 1 PBANK: 2 CYCLE: 12499
NORMAL PADDR: 0 VADDR: 0 PROW: 1 PBANK: 3 CYCLE: 12499
PNORMAL PADDR: 0 VADDR: 0 PROW: 1 PBANK: 3 CYCLE: 12499
NORMAL PADDR: 0 VADDR: 0 PROW: 1 PBANK: 4 CYCLE: 12499
PNORMAL PADDR: 0 VADDR: 0 PROW: 1 PBANK: 4 CYCLE: 12499
NORMAL PADDR: 0 VADDR: 0 PROW: 1 PBANK: 5 CYCLE: 12499
PNORMAL PADDR: 0 VADDR: 0 PROW: 1 PBANK: 5 CYCLE: 12499
NORMAL PADDR: 0 VADDR: 0 PROW: 1 PBANK: 6 CYCLE: 12499
PNORMAL PADDR: 0 VADDR: 0 PROW: 1 PBANK: 6 CYCLE: 12499
NORMAL PADDR: 0 VADDR: 0 PROW: 1 PBANK: 7 CYCLE: 12499
PNORMAL PADDR: 0 VADDR: 0 PROW: 1 PBANK: 7 CYCLE: 12499
NORMAL PADDR: 0 VADDR: 0 PROW: 1 PBANK: 8 CYCLE: 12499
PNORMAL PADDR: 0 VADDR: 0 PROW: 1 PBANK: 8 CYCLE: 12499
NORMAL PADDR: 0 VADDR: 0 PROW: 1 PBANK: 9 CYCLE: 12499
PNORMAL PADDR: 0 VADDR: 0 PROW: 1 PBANK: 9 CYCLE: 12499
NORMAL PADDR: 0 VADDR: 0 PROW: 1 PBANK: a CYCLE: 12499
PNORMAL PADDR: 0 VADDR: 0 PROW: 1 PBANK: a CYCLE: 12499
NORMAL PADDR: 0 VADDR: 0 PROW: 1 PBANK: b CYCLE: 12499
PNORMAL PADDR: 0 VADDR: 0 PROW: 1 PBANK: b CYCLE: 12499
NORMAL PADDR: 0 VADDR: 0 PROW: 1 PBANK: c CYCLE: 12499
PNORMAL PADDR: 0 VADDR: 0 PROW: 1 PBANK: c CYCLE: 12499
NORMAL PADDR: 0 VADDR: 0 PROW: 1 PBANK: d CYCLE: 12499
PNORMAL PADDR: 0 VADDR: 0 PROW: 1 PBANK: d CYCLE: 12499
NORMAL PADDR: 0 VADDR: 0 PROW: 1 PBANK: e CYCLE: 12499
PNORMAL PADDR: 0 VADDR: 0 PROW: 1 PBANK: e CYCLE: 12499
NORMAL PADDR: 0 VADDR: 0 PROW: 1 PBANK: f CYCLE: 12499
PNORMAL PADDR: 0 VADDR: 0 PROW: 3 PBANK: f CYCLE: 12499
NORMAL PADDR: 0 VADDR: 0 PROW: 0 PBANK: 0 CYCLE: 12499
PNORMAL PADDR: 0 VADDR: 0 PROW: 0 PBANK: 0 CYCLE: 12499
NORMAL PADDR: 0 VADDR: 0 PROW: 0 PBANK: 1 CYCLE: 12499
PNORMAL PADDR: 0 VADDR: 0 PROW: 0 PBANK: 1 CYCLE: 12499
NORMAL PADDR: 0 VADDR: 0 PROW: 0 PBANK: 2 CYCLE: 12499
PNORMAL PADDR: 0 VADDR: 0 PROW: 0 PBANK: 2 CYCLE: 12499
NORMAL PADDR: 0 VADDR: 0 PROW: 0 PBANK: 3 CYCLE: 12499
PNORMAL PADDR: 0 VADDR: 0 PROW: 0 PBANK: 3 CYCLE: 12499
NORMAL PADDR: 0 VADDR: 0 PROW: 0 PBANK: 4 CYCLE: 12499
PNORMAL PADDR: 0 VADDR: 0 PROW: 0 PBANK: 4 CYCLE: 12499
NORMAL PADDR: 0 VADDR: 0 PROW: 0 PBANK: 5 CYCLE: 12499
PNORMAL PADDR: 0 VADDR: 0 PROW: 0 PBANK: 5 CYCLE: 12499
NORMAL PADDR: 0 VADDR: 0 PROW: 0 PBANK: 6 CYCLE: 12499
PNORMAL PADDR: 0 VADDR: 0 PROW: 0 PBANK: 6 CYCLE: 12499
NORMAL PADDR: 0 VADDR: 0 PROW: 0 PBANK: 7 CYCLE: 12499
PNORMAL PADDR: 0 VADDR: 0 PROW: 0 PBANK: 7 CYCLE: 12499
NORMAL PADDR: 0 VADDR: 0 PROW: 0 PBANK: 8 CYCLE: 12499
PNORMAL PADDR: 0 VADDR: 0 PROW: 0 PBANK: 8 CYCLE: 12499
NORMAL PADDR: 0 VADDR: 0 PROW: 0 PBANK: 9 CYCLE: 12499
PNORMAL PADDR: 0 VADDR: 0 PROW: 0 PBANK: 9 CYCLE: 12499
NORMAL PADDR: 0 VADDR: 0 PROW: 0 PBANK: a CYCLE: 12499
PNORMAL PADDR: 0 VADDR: 0 PROW: 0 PBANK: a CYCLE: 12499
NORMAL PADDR: 0 VADDR: 0 PROW: 0 PBANK: b CYCLE: 12499
PNORMAL PADDR: 0 VADDR: 0 PROW: 0 PBANK: b CYCLE: 12499
NORMAL PADDR: 0 VADDR: 0 PROW: 0 PBANK: c CYCLE: 12499
PNORMAL PADDR: 0 VADDR: 0 PROW: 0 PBANK: c CYCLE: 12499
NORMAL PADDR: 0 VADDR: 0 PROW: 0 PBANK: d CYCLE: 12499
PNORMAL PADDR: 0 VADDR: 0 PROW: 0 PBANK: d CYCLE: 12499
NORMAL PADDR: 0 VADDR: 0 PROW: 0 PBANK: e CYCLE: 12499
PNORMAL PADDR: 0 VADDR: 0 PROW: 0 PBANK: e CYCLE: 12499
NORMAL PADDR: 0 VADDR: 0 PROW: 0 PBANK: f CYCLE: 12499
PNORMAL PADDR: 0 VADDR: 0 PROW: 0 PBANK: f CYCLE: 12499
NORMAL PADDR: 0 VADDR: 0 PROW: 1 PBANK: 0 CYCLE: 12499
PNORMAL PADDR: 0 VADDR: 0 PROW: 1 PBANK: 0 CYCLE: 12499
NORMAL PADDR: 0 VADDR: 0 PROW: 1 PBANK: 1 CYCLE: 12499
PNORMAL PADDR: 0 VADDR: 0 PROW: 1 PBANK: 1 CYCLE: 12499
NORMAL PADDR: 0 VADDR: 0 PROW: 1 PBANK: 2 CYCLE: 12499
PNORMAL PADDR: 0 VADDR: 0 PROW: 1 PBANK: 2 CYCLE: 12499
NORMAL PADDR: 0 VADDR: 0 PROW: 1 PBANK: 3 CYCLE: 12499
PNORMAL PADDR: 0 VADDR: 0 PROW: 1 PBANK: 3 CYCLE: 12499
NORMAL PADDR: 0 VADDR: 0 PROW: 1 PBANK: 4 CYCLE: 12499
PNORMAL PADDR: 0 VADDR: 0 PROW: 1 PBANK: 4 CYCLE: 12499
NORMAL PADDR: 0 VADDR: 0 PROW: 1 PBANK: 5 CYCLE: 12499
PNORMAL PADDR: 0 VADDR: 0 PROW: 1 PBANK: 5 CYCLE: 12499
NORMAL PADDR: 0 VADDR: 0 PROW: 1 PBANK: 6 CYCLE: 12499
PNORMAL PADDR: 0 VADDR: 0 PROW: 1 PBANK: 6 CYCLE: 12499
NORMAL PADDR: 0 VADDR: 0 PROW: 1 PBANK: 7 CYCLE: 12499
PNORMAL PADDR: 0 VADDR: 0 PROW: 1 PBANK: 7 CYCLE: 12499
NORMAL PADDR: 0 VADDR: 0 PROW: 1 PBANK: 8 CYCLE: 12499
PNORMAL PADDR: 0 VADDR: 0 PROW: 1 PBANK: 8 CYCLE: 12499
NORMAL PADDR: 0 VADDR: 0 PROW: 1 PBANK: 9 CYCLE: 12499
PNORMAL PADDR: 0 VADDR: 0 PROW: 1 PBANK: 9 CYCLE: 12499
NORMAL PADDR: 0 VADDR: 0 PROW: 1 PBANK: a CYCLE: 12499
PNORMAL PADDR: 0 VADDR: 0 PROW: 1 PBANK: a CYCLE: 12499
NORMAL PADDR: 0 VADDR: 0 PROW: 1 PBANK: b CYCLE: 12499
PNORMAL PADDR: 0 VADDR: 0 PROW: 1 PBANK: b CYCLE: 12499
NORMAL PADDR: 0 VADDR: 0 PROW: 1 PBANK: c CYCLE: 12499
PNORMAL PADDR: 0 VADDR: 0 PROW: 1 PBANK: c CYCLE: 12499
NORMAL PADDR: 0 VADDR: 0 PROW: 1 PBANK: d CYCLE: 12499
PNORMAL PADDR: 0 VADDR: 0 PROW: 1 PBANK: d CYCLE: 12499
NORMAL PADDR: 0 VADDR: 0 PROW: 1 PBANK: e CYCLE: 12499
PNORMAL PADDR: 0 VADDR: 0 PROW: 1 PBANK: e CYCLE: 12499
NORMAL PADDR: 0 VADDR: 0 PROW: 1 PBANK: f CYCLE: 12499
PNORMAL PADDR: 127cb8 VADDR: 0 PROW: 4 PBANK: 8 CYCLE: 12298
NORMAL PADDR: 0 VADDR: 0 PROW: 0 PBANK: 0 CYCLE: 12499
PNORMAL PADDR: 0 VADDR: 0 PROW: 0 PBANK: 0 CYCLE: 12499
NORMAL PADDR: 0 VADDR: 0 PROW: 0 PBANK: 1 CYCLE: 12499
PNORMAL PADDR: 0 VADDR: 0 PROW: 0 PBANK: 1 CYCLE: 12499
NORMAL PADDR: 0 VADDR: 0 PROW: 0 PBANK: 2 CYCLE: 12499
PNORMAL PADDR: 0 VADDR: 0 PROW: 0 PBANK: 2 CYCLE: 12499
NORMAL PADDR: 0 VADDR: 0 PROW: 0 PBANK: 3 CYCLE: 12499
PNORMAL PADDR: 0 VADDR: 0 PROW: 0 PBANK: 3 CYCLE: 12499
NORMAL PADDR: 0 VADDR: 0 PROW: 0 PBANK: 4 CYCLE: 12499
PNORMAL PADDR: 0 VADDR: 0 PROW: 0 PBANK: 4 CYCLE: 12499
NORMAL PADDR: 0 VADDR: 0 PROW: 0 PBANK: 5 CYCLE: 12499
PNORMAL PADDR: 0 VADDR: 0 PROW: 0 PBANK: 5 CYCLE: 12499
NORMAL PADDR: 0 VADDR: 0 PROW: 0 PBANK: 6 CYCLE: 12499
PNORMAL PADDR: 0 VADDR: 0 PROW: 0 PBANK: 6 CYCLE: 12499
NORMAL PADDR: 0 VADDR: 0 PROW: 0 PBANK: 7 CYCLE: 12499
PNORMAL PADDR: 0 VADDR: 0 PROW: 0 PBANK: 7 CYCLE: 12499
NORMAL PADDR: 0 VADDR: 0 PROW: 0 PBANK: 8 CYCLE: 12499
PNORMAL PADDR: 0 VADDR: 0 PROW: 0 PBANK: 8 CYCLE: 12499
NORMAL PADDR: 0 VADDR: 0 PROW: 0 PBANK: 9 CYCLE: 12499
PNORMAL PADDR: 0 VADDR: 0 PROW: 0 PBANK: 9 CYCLE: 12499
NORMAL PADDR: 0 VADDR: 0 PROW: 0 PBANK: a CYCLE: 12499
PNORMAL PADDR: 0 VADDR: 0 PROW: 0 PBANK: a CYCLE: 12499
NORMAL PADDR: 0 VADDR: 0 PROW: 0 PBANK: b CYCLE: 12499
PNORMAL PADDR: 0 VADDR: 0 PROW: 0 PBANK: b CYCLE: 12499
NORMAL PADDR: 0 VADDR: 0 PROW: 0 PBANK: c CYCLE: 12499
PNORMAL PADDR: 0 VADDR: 0 PROW: 0 PBANK: c CYCLE: 12499
NORMAL PADDR: 0 VADDR: 0 PROW: 0 PBANK: d CYCLE: 12499
PNORMAL PADDR: 0 VADDR: 0 PROW: 0 PBANK: d CYCLE: 12499
NORMAL PADDR: 0 VADDR: 0 PROW: 0 PBANK: e CYCLE: 12499
PNORMAL PADDR: 0 VADDR: 0 PROW: 0 PBANK: e CYCLE: 12499
NORMAL PADDR: 0 VADDR: 0 PROW: 0 PBANK: f CYCLE: 12499
PNORMAL PADDR: 0 VADDR: 0 PROW: 0 PBANK: f CYCLE: 12499
NORMAL PADDR: 0 VADDR: 0 PROW: 1 PBANK: 0 CYCLE: 12499
PNORMAL PADDR: 0 VADDR: 0 PROW: 1 PBANK: 0 CYCLE: 12499
NORMAL PADDR: 0 VADDR: 0 PROW: 1 PBANK: 1 CYCLE: 12499
PNORMAL PADDR: 0 VADDR: 0 PROW: 1 PBANK: 1 CYCLE: 12499
NORMAL PADDR: 0 VADDR: 0 PROW: 1 PBANK: 2 CYCLE: 12499
PNORMAL PADDR: 0 VADDR: 0 PROW: 1 PBANK: 2 CYCLE: 12499
NORMAL PADDR: 0 VADDR: 0 PROW: 1 PBANK: 3 CYCLE: 12499
PNORMAL PADDR: 0 VADDR: 0 PROW: 1 PBANK: 3 CYCLE: 12499
NORMAL PADDR: 0 VADDR: 0 PROW: 1 PBANK: 4 CYCLE: 12499
PNORMAL PADDR: 0 VADDR: 0 PROW: 1 PBANK: 4 CYCLE: 12499
NORMAL PADDR: 0 VADDR: 0 PROW: 1 PBANK: 5 CYCLE: 12499
PNORMAL PADDR: 0 VADDR: 0 PROW: 1 PBANK: 5 CYCLE: 12499
NORMAL PADDR: 0 VADDR: 0 PROW: 1 PBANK: 6 CYCLE: 12499
PNORMAL PADDR: 0 VADDR: 0 PROW: 1 PBANK: 6 CYCLE: 12499
NORMAL PADDR: 0 VADDR: 0 PROW: 1 PBANK: 7 CYCLE: 12499
PNORMAL PADDR: 0 VADDR: 0 PROW: 1 PBANK: 7 CYCLE: 12499
NORMAL PADDR: 0 VADDR: 0 PROW: 1 PBANK: 8 CYCLE: 12499
PNORMAL PADDR: 0 VADDR: 0 PROW: 1 PBANK: 8 CYCLE: 12499
NORMAL PADDR: 0 VADDR: 0 PROW: 1 PBANK: 9 CYCLE: 12499
PNORMAL PADDR: 0 VADDR: 0 PROW: 1 PBANK: 9 CYCLE: 12499
NORMAL PADDR: 0 VADDR: 0 PROW: 1 PBANK: a CYCLE: 12499
PNORMAL PADDR: 0 VADDR: 0 PROW: 1 PBANK: a CYCLE: 12499
NORMAL PADDR: 0 VADDR: 0 PROW: 1 PBANK: b CYCLE: 12499
PNORMAL PADDR: 0 VADDR: 0 PROW: 1 PBANK: b CYCLE: 12499
NORMAL PADDR: 0 VADDR: 0 PROW: 1 PBANK: c CYCLE: 12499
PNORMAL PADDR: 0 VADDR: 0 PROW: 1 PBANK: c CYCLE: 12499
NORMAL PADDR: 0 VADDR: 0 PROW: 1 PBANK: d CYCLE: 12499
PNORMAL PADDR: 0 VADDR: 0 PROW: 1 PBANK: d CYCLE: 12499
NORMAL PADDR: 0 VADDR: 0 PROW: 1 PBANK: e CYCLE: 12499
PNORMAL PADDR: 0 VADDR: 0 PROW: 1 PBANK: e CYCLE: 12499
NORMAL PADDR: 0 VADDR: 0 PROW: 1 PBANK: f CYCLE: 12499
PNORMAL PADDR: 0 VADDR: 0 PROW: 3 PBANK: f CYCLE: 12499
NORMAL PADDR: 0 VADDR: 0 PROW: 0 PBANK: 0 CYCLE: 12499
PNORMAL PADDR: 0 VADDR: 0 PROW: 0 PBANK: 0 CYCLE: 12499
NORMAL PADDR: 0 VADDR: 0 PROW: 0 PBANK: 1 CYCLE: 12499
PNORMAL PADDR: 0 VADDR: 0 PROW: 0 PBANK: 1 CYCLE: 12499
NORMAL PADDR: 0 VADDR: 0 PROW: 0 PBANK: 2 CYCLE: 12499
PNORMAL PADDR: 0 VADDR: 0 PROW: 0 PBANK: 2 CYCLE: 12499
NORMAL PADDR: 0 VADDR: 0 PROW: 0 PBANK: 3 CYCLE: 12499
PNORMAL PADDR: 0 VADDR: 0 PROW: 0 PBANK: 3 CYCLE: 12499
NORMAL PADDR: 0 VADDR: 0 PROW: 0 PBANK: 4 CYCLE: 12499
PNORMAL PADDR: 0 VADDR: 0 PROW: 0 PBANK: 4 CYCLE: 12499
NORMAL PADDR: 0 VADDR: 0 PROW: 0 PBANK: 5 CYCLE: 12499
PNORMAL PADDR: 0 VADDR: 0 PROW: 0 PBANK: 5 CYCLE: 12499
NORMAL PADDR: 0 VADDR: 0 PROW: 0 PBANK: 6 CYCLE: 12499
PNORMAL PADDR: 0 VADDR: 0 PROW: 0 PBANK: 6 CYCLE: 12499
NORMAL PADDR: 0 VADDR: 0 PROW: 0 PBANK: 7 CYCLE: 12499
PNORMAL PADDR: 0 VADDR: 0 PROW: 0 PBANK: 7 CYCLE: 12499
NORMAL PADDR: 0 VADDR: 0 PROW: 0 PBANK: 8 CYCLE: 12499
PNORMAL PADDR: 0 VADDR: 0 PROW: 0 PBANK: 8 CYCLE: 12499
NORMAL PADDR: 0 VADDR: 0 PROW: 0 PBANK: 9 CYCLE: 12499
PNORMAL PADDR: 0 VADDR: 0 PROW: 0 PBANK: 9 CYCLE: 12499
NORMAL PADDR: 0 VADDR: 0 PROW: 0 PBANK: a CYCLE: 12499
PNORMAL PADDR: 0 VADDR: 0 PROW: 0 PBANK: a CYCLE: 12499
NORMAL PADDR: 0 VADDR: 0 PROW: 0 PBANK: b CYCLE: 12499
PNORMAL PADDR: 0 VADDR: 0 PROW: 0 PBANK: b CYCLE: 12499
NORMAL PADDR: 0 VADDR: 0 PROW: 0 PBANK: c CYCLE: 12499
PNORMAL PADDR: 0 VADDR: 0 PROW: 0 PBANK: c CYCLE: 12499
NORMAL PADDR: 0 VADDR: 0 PROW: 0 PBANK: d CYCLE: 12499
PNORMAL PADDR: 0 VADDR: 0 PROW: 0 PBANK: d CYCLE: 12499
NORMAL PADDR: 0 VADDR: 0 PROW: 0 PBANK: e CYCLE: 12499
PNORMAL PADDR: 0 VADDR: 0 PROW: 0 PBANK: e CYCLE: 12499
NORMAL PADDR: 0 VADDR: 0 PROW: 0 PBANK: f CYCLE: 12499
PNORMAL PADDR: 0 VADDR: 0 PROW: 0 PBANK: f CYCLE: 12499
NORMAL PADDR: 0 VADDR: 0 PROW: 1 PBANK: 0 CYCLE: 12499
PNORMAL PADDR: 0 VADDR: 0 PROW: 1 PBANK: 0 CYCLE: 12499
NORMAL PADDR: 0 VADDR: 0 PROW: 1 PBANK: 1 CYCLE: 12499
PNORMAL PADDR: 0 VADDR: 0 PROW: 1 PBANK: 1 CYCLE: 12499
NORMAL PADDR: 0 VADDR: 0 PROW: 1 PBANK: 2 CYCLE: 12499
PNORMAL PADDR: 0 VADDR: 0 PROW: 1 PBANK: 2 CYCLE: 12499
NORMAL PADDR: 0 VADDR: 0 PROW: 1 PBANK: 3 CYCLE: 12499
PNORMAL PADDR: 0 VADDR: 0 PROW: 1 PBANK: 3 CYCLE: 12499
NORMAL PADDR: 0 VADDR: 0 PROW: 1 PBANK: 4 CYCLE: 12499
PNORMAL PADDR: 0 VADDR: 0 PROW: 1 PBANK: 4 CYCLE: 12499
NORMAL PADDR: 0 VADDR: 0 PROW: 1 PBANK: 5 CYCLE: 12499
PNORMAL PADDR: 0 VADDR: 0 PROW: 1 PBANK: 5 CYCLE: 12499
NORMAL PADDR: 0 VADDR: 0 PROW: 1 PBANK: 6 CYCLE: 12499
PNORMAL PADDR: 0 VADDR: 0 PROW: 1 PBANK: 6 CYCLE: 12499
NORMAL PADDR: 0 VADDR: 0 PROW: 1 PBANK: 7 CYCLE: 12499
PNORMAL PADDR: 0 VADDR: 0 PROW: 1 PBANK: 7 CYCLE: 12499
NORMAL PADDR: 0 VADDR: 0 PROW: 1 PBANK: 8 CYCLE: 12499
PNORMAL PADDR: 0 VADDR: 0 PROW: 1 PBANK: 8 CYCLE: 12499
NORMAL PADDR: 0 VADDR: 0 PROW: 1 PBANK: 9 CYCLE: 12499
PNORMAL PADDR: 0 VADDR: 0 PROW: 1 PBANK: 9 CYCLE: 12499
NORMAL PADDR: 0 VADDR: 0 PROW: 1 PBANK: a CYCLE: 12499
PNORMAL PADDR: 0 VADDR: 0 PROW: 1 PBANK: a CYCLE: 12499
NORMAL PADDR: 0 VADDR: 0 PROW: 1 PBANK: b CYCLE: 12499
PNORMAL PADDR: 0 VADDR: 0 PROW: 1 PBANK: b CYCLE: 12499
NORMAL PADDR: 0 VADDR: 0 PROW: 1 PBANK: c CYCLE: 12499
PNORMAL PADDR: 0 VADDR: 0 PROW: 1 PBANK: c CYCLE: 12499
NORMAL PADDR: 0 VADDR: 0 PROW: 1 PBANK: d CYCLE: 12499
PNORMAL PADDR: 0 VADDR: 0 PROW: 1 PBANK: d CYCLE: 12499
NORMAL PADDR: 0 VADDR: 0 PROW: 1 PBANK: e CYCLE: 12499
PNORMAL PADDR: 0 VADDR: 0 PROW: 1 PBANK: e CYCLE: 12499
NORMAL PADDR: 0 VADDR: 0 PROW: 1 PBANK: f CYCLE: 12499
PNORMAL PADDR: 127cb8 VADDR: 0 PROW: 4 PBANK: 8 CYCLE: 12298
NORMAL PADDR: 0 VADDR: 0 PROW: 0 PBANK: 0 CYCLE: 12499
PNORMAL PADDR: 0 VADDR: 0 PROW: 0 PBANK: 0 CYCLE: 12499
NORMAL PADDR: 0 VADDR: 0 PROW: 0 PBANK: 1 CYCLE: 12499
PNORMAL PADDR: 0 VADDR: 0 PROW: 0 PBANK: 1 CYCLE: 12499
NORMAL PADDR: 0 VADDR: 0 PROW: 0 PBANK: 2 CYCLE: 12499
PNORMAL PADDR: 0 VADDR: 0 PROW: 0 PBANK: 2 CYCLE: 12499
NORMAL PADDR: 0 VADDR: 0 PROW: 0 PBANK: 3 CYCLE: 12499
PNORMAL PADDR: 0 VADDR: 0 PROW: 0 PBANK: 3 CYCLE: 12499
NORMAL PADDR: 0 VADDR: 0 PROW: 0 PBANK: 4 CYCLE: 12499
PNORMAL PADDR: 0 VADDR: 0 PROW: 0 PBANK: 4 CYCLE: 12499
NORMAL PADDR: 0 VADDR: 0 PROW: 0 PBANK: 5 CYCLE: 12499
PNORMAL PADDR: 0 VADDR: 0 PROW: 0 PBANK: 5 CYCLE: 12499
NORMAL PADDR: 0 VADDR: 0 PROW: 0 PBANK: 6 CYCLE: 12499
PNORMAL PADDR: 0 VADDR: 0 PROW: 0 PBANK: 6 CYCLE: 12499
NORMAL PADDR: 0 VADDR: 0 PROW: 0 PBANK: 7 CYCLE: 12499
PNORMAL PADDR: 0 VADDR: 0 PROW: 0 PBANK: 7 CYCLE: 12499
NORMAL PADDR: 0 VADDR: 0 PROW: 0 PBANK: 8 CYCLE: 12499
PNORMAL PADDR: 0 VADDR: 0 PROW: 0 PBANK: 8 CYCLE: 12499
NORMAL PADDR: 0 VADDR: 0 PROW: 0 PBANK: 9 CYCLE: 12499
PNORMAL PADDR: 0 VADDR: 0 PROW: 0 PBANK: 9 CYCLE: 12499
NORMAL PADDR: 0 VADDR: 0 PROW: 0 PBANK: a CYCLE: 12499
PNORMAL PADDR: 0 VADDR: 0 PROW: 0 PBANK: a CYCLE: 12499
NORMAL PADDR: 0 VADDR: 0 PROW: 0 PBANK: b CYCLE: 12499
PNORMAL PADDR: 0 VADDR: 0 PROW: 0 PBANK: b CYCLE: 12499
NORMAL PADDR: 0 VADDR: 0 PROW: 0 PBANK: c CYCLE: 12499
PNORMAL PADDR: 0 VADDR: 0 PROW: 0 PBANK: c CYCLE: 12499
NORMAL PADDR: 0 VADDR: 0 PROW: 0 PBANK: d CYCLE: 12499
PNORMAL PADDR: 0 VADDR: 0 PROW: 0 PBANK: d CYCLE: 12499
NORMAL PADDR: 0 VADDR: 0 PROW: 0 PBANK: e CYCLE: 12499
PNORMAL PADDR: 0 VADDR: 0 PROW: 0 PBANK: e CYCLE: 12499
NORMAL PADDR: 0 VADDR: 0 PROW: 0 PBANK: f CYCLE: 12499
PNORMAL PADDR: 0 VADDR: 0 PROW: 0 PBANK: f CYCLE: 12499
NORMAL PADDR: 0 VADDR: 0 PROW: 1 PBANK: 0 CYCLE: 12499
PNORMAL PADDR: 0 VADDR: 0 PROW: 1 PBANK: 0 CYCLE: 12499
NORMAL PADDR: 0 VADDR: 0 PROW: 1 PBANK: 1 CYCLE: 12499
PNORMAL PADDR: 0 VADDR: 0 PROW: 1 PBANK: 1 CYCLE: 12499
NORMAL PADDR: 0 VADDR: 0 PROW: 1 PBANK: 2 CYCLE: 12499
PNORMAL PADDR: 0 VADDR: 0 PROW: 1 PBANK: 2 CYCLE: 12499
NORMAL PADDR: 0 VADDR: 0 PROW: 1 PBANK: 3 CYCLE: 12499
PNORMAL PADDR: 0 VADDR: 0 PROW: 1 PBANK: 3 CYCLE: 12499
NORMAL PADDR: 0 VADDR: 0 PROW: 1 PBANK: 4 CYCLE: 12499
PNORMAL PADDR: 0 VADDR: 0 PROW: 1 PBANK: 4 CYCLE: 12499
NORMAL PADDR: 0 VADDR: 0 PROW: 1 PBANK: 5 CYCLE: 12499
PNORMAL PADDR: 0 VADDR: 0 PROW: 1 PBANK: 5 CYCLE: 12499
NORMAL PADDR: 0 VADDR: 0 PROW: 1 PBANK: 6 CYCLE: 12499
PNORMAL PADDR: 0 VADDR: 0 PROW: 1 PBANK: 6 CYCLE: 12499
NORMAL PADDR: 0 VADDR: 0 PROW: 1 PBANK: 7 CYCLE: 12499
PNORMAL PADDR: 0 VADDR: 0 PROW: 1 PBANK: 7 CYCLE: 12499
NORMAL PADDR: 0 VADDR: 0 PROW: 1 PBANK: 8 CYCLE: 12499
PNORMAL PADDR: 0 VADDR: 0 PROW: 1 PBANK: 8 CYCLE: 12499
NORMAL PADDR: 0 VADDR: 0 PROW: 1 PBANK: 9 CYCLE: 12499
PNORMAL PADDR: 0 VADDR: 0 PROW: 1 PBANK: 9 CYCLE: 12499
NORMAL PADDR: 0 VADDR: 0 PROW: 1 PBANK: a CYCLE: 12499
PNORMAL PADDR: 0 VADDR: 0 PROW: 1 PBANK: a CYCLE: 12499
NORMAL PADDR: 0 VADDR: 0 PROW: 1 PBANK: b CYCLE: 12499
PNORMAL PADDR: 0 VADDR: 0 PROW: 1 PBANK: b CYCLE: 12499
NORMAL PADDR: 0 VADDR: 0 PROW: 1 PBANK: c CYCLE: 12499
PNORMAL PADDR: 0 VADDR: 0 PROW: 1 PBANK: c CYCLE: 12499
NORMAL PADDR: 0 VADDR: 0 PROW: 1 PBANK: d CYCLE: 12499
PNORMAL PADDR: 0 VADDR: 0 PROW: 1 PBANK: d CYCLE: 12499
NORMAL PADDR: 0 VADDR: 0 PROW: 1 PBANK: e CYCLE: 12499
PNORMAL PADDR: 0 VADDR: 0 PROW: 1 PBANK: e CYCLE: 12499
NORMAL PADDR: 0 VADDR: 0 PROW: 1 PBANK: f CYCLE: 12499
PNORMAL PADDR: 0 VADDR: 0 PROW: 3 PBANK: f CYCLE: 12499
NORMAL PADDR: 0 VADDR: 0 PROW: 0 PBANK: 0 CYCLE: 12499
PNORMAL PADDR: 0 VADDR: 0 PROW: 0 PBANK: 0 CYCLE: 12499
NORMAL PADDR: 0 VADDR: 0 PROW: 0 PBANK: 1 CYCLE: 12499
PNORMAL PADDR: 0 VADDR: 0 PROW: 0 PBANK: 1 CYCLE: 12499
NORMAL PADDR: 0 VADDR: 0 PROW: 0 PBANK: 2 CYCLE: 12499
PNORMAL PADDR: 0 VADDR: 0 PROW: 0 PBANK: 2 CYCLE: 12499
NORMAL PADDR: 0 VADDR: 0 PROW: 0 PBANK: 3 CYCLE: 12499
PNORMAL PADDR: 0 VADDR: 0 PROW: 0 PBANK: 3 CYCLE: 12499
NORMAL PADDR: 0 VADDR: 0 PROW: 0 PBANK: 4 CYCLE: 12499
PNORMAL PADDR: 0 VADDR: 0 PROW: 0 PBANK: 4 CYCLE: 12499
NORMAL PADDR: 0 VADDR: 0 PROW: 0 PBANK: 5 CYCLE: 12499
PNORMAL PADDR: 0 VADDR: 0 PROW: 0 PBANK: 5 CYCLE: 12499
NORMAL PADDR: 0 VADDR: 0 PROW: 0 PBANK: 6 CYCLE: 12499
PNORMAL PADDR: 0 VADDR: 0 PROW: 0 PBANK: 6 CYCLE: 12499
NORMAL PADDR: 0 VADDR: 0 PROW: 0 PBANK: 7 CYCLE: 12499
PNORMAL PADDR: 0 VADDR: 0 PROW: 0 PBANK: 7 CYCLE: 12499
NORMAL PADDR: 0 VADDR: 0 PROW: 0 PBANK: 8 CYCLE: 12499
PNORMAL PADDR: 0 VADDR: 0 PROW: 0 PBANK: 8 CYCLE: 12499
NORMAL PADDR: 0 VADDR: 0 PROW: 0 PBANK: 9 CYCLE: 12499
PNORMAL PADDR: 0 VADDR: 0 PROW: 0 PBANK: 9 CYCLE: 12499
NORMAL PADDR: 0 VADDR: 0 PROW: 0 PBANK: a CYCLE: 12499
PNORMAL PADDR: 0 VADDR: 0 PROW: 0 PBANK: a CYCLE: 12499
NORMAL PADDR: 0 VADDR: 0 PROW: 0 PBANK: b CYCLE: 12499
PNORMAL PADDR: 0 VADDR: 0 PROW: 0 PBANK: b CYCLE: 12499
NORMAL PADDR: 0 VADDR: 0 PROW: 0 PBANK: c CYCLE: 12499
PNORMAL PADDR: 0 VADDR: 0 PROW: 0 PBANK: c CYCLE: 12499
NORMAL PADDR: 0 VADDR: 0 PROW: 0 PBANK: d CYCLE: 12499
PNORMAL PADDR: 0 VADDR: 0 PROW: 0 PBANK: d CYCLE: 12499
NORMAL PADDR: 0 VADDR: 0 PROW: 0 PBANK: e CYCLE: 12499
PNORMAL PADDR: 0 VADDR: 0 PROW: 0 PBANK: e CYCLE: 12499
NORMAL PADDR: 0 VADDR: 0 PROW: 0 PBANK: f CYCLE: 12499
PNORMAL PADDR: 0 VADDR: 0 PROW: 0 PBANK: f CYCLE: 12499
NORMAL PADDR: 0 VADDR: 0 PROW: 1 PBANK: 0 CYCLE: 12499
PNORMAL PADDR: 0 VADDR: 0 PROW: 1 PBANK: 0 CYCLE: 12499
NORMAL PADDR: 0 VADDR: 0 PROW: 1 PBANK: 1 CYCLE: 12499
PNORMAL PADDR: 0 VADDR: 0 PROW: 1 PBANK: 1 CYCLE: 12499
NORMAL PADDR: 0 VADDR: 0 PROW: 1 PBANK: 2 CYCLE: 12499
PNORMAL PADDR: 0 VADDR: 0 PROW: 1 PBANK: 2 CYCLE: 12499
NORMAL PADDR: 0 VADDR: 0 PROW: 1 PBANK: 3 CYCLE: 12499
PNORMAL PADDR: 0 VADDR: 0 PROW: 1 PBANK: 3 CYCLE: 12499
NORMAL PADDR: 0 VADDR: 0 PROW: 1 PBANK: 4 CYCLE: 12499
PNORMAL PADDR: 0 VADDR: 0 PROW: 1 PBANK: 4 CYCLE: 12499
NORMAL PADDR: 0 VADDR: 0 PROW: 1 PBANK: 5 CYCLE: 12499
PNORMAL PADDR: 0 VADDR: 0 PROW: 1 PBANK: 5 CYCLE: 12499
NORMAL PADDR: 0 VADDR: 0 PROW: 1 PBANK: 6 CYCLE: 12499
PNORMAL PADDR: 0 VADDR: 0 PROW: 1 PBANK: 6 CYCLE: 12499
NORMAL PADDR: 0 VADDR: 0 PROW: 1 PBANK: 7 CYCLE: 12499
PNORMAL PADDR: 0 VADDR: 0 PROW: 1 PBANK: 7 CYCLE: 12499
NORMAL PADDR: 0 VADDR: 0 PROW: 1 PBANK: 8 CYCLE: 12499
PNORMAL PADDR: 0 VADDR: 0 PROW: 1 PBANK: 8 CYCLE: 12499
NORMAL PADDR: 0 VADDR: 0 PROW: 1 PBANK: 9 CYCLE: 12499
PNORMAL PADDR: 0 VADDR: 0 PROW: 1 PBANK: 9 CYCLE: 12499
NORMAL PADDR: 0 VADDR: 0 PROW: 1 PBANK: a CYCLE: 12499
PNORMAL PADDR: 0 VADDR: 0 PROW: 1 PBANK: a CYCLE: 12499
NORMAL PADDR: 0 VADDR: 0 PROW: 1 PBANK: b CYCLE: 12499
PNORMAL PADDR: 0 VADDR: 0 PROW: 1 PBANK: b CYCLE: 12499
NORMAL PADDR: 0 VADDR: 0 PROW: 1 PBANK: c CYCLE: 12499
PNORMAL PADDR: 0 VADDR: 0 PROW: 1 PBANK: c CYCLE: 12499
NORMAL PADDR: 0 VADDR: 0 PROW: 1 PBANK: d CYCLE: 12499
PNORMAL PADDR: 0 VADDR: 0 PROW: 1 PBANK: d CYCLE: 12499
NORMAL PADDR: 0 VADDR: 0 PROW: 1 PBANK: e CYCLE: 12499
PNORMAL PADDR: 0 VADDR: 0 PROW: 1 PBANK: e CYCLE: 12499
NORMAL PADDR: 0 VADDR: 0 PROW: 1 PBANK: f CYCLE: 12499
PNORMAL PADDR: 127cb8 VADDR: 0 PROW: 4 PBANK: 8 CYCLE: 12298
NORMAL PADDR: 0 VADDR: 0 PROW: 0 PBANK: 0 CYCLE: 12499
PNORMAL PADDR: 0 VADDR: 0 PROW: 0 PBANK: 0 CYCLE: 12499
NORMAL PADDR: 0 VADDR: 0 PROW: 0 PBANK: 1 CYCLE: 12499
PNORMAL PADDR: 0 VADDR: 0 PROW: 0 PBANK: 1 CYCLE: 12499
NORMAL PADDR: 0 VADDR: 0 PROW: 0 PBANK: 2 CYCLE: 12499
PNORMAL PADDR: 0 VADDR: 0 PROW: 0 PBANK: 2 CYCLE: 12499
NORMAL PADDR: 0 VADDR: 0 PROW: 0 PBANK: 3 CYCLE: 12499
PNORMAL PADDR: 0 VADDR: 0 PROW: 0 PBANK: 3 CYCLE: 12499
NORMAL PADDR: 0 VADDR: 0 PROW: 0 PBANK: 4 CYCLE: 12499
PNORMAL PADDR: 0 VADDR: 0 PROW: 0 PBANK: 4 CYCLE: 12499
NORMAL PADDR: 0 VADDR: 0 PROW: 0 PBANK: 5 CYCLE: 12499
PNORMAL PADDR: 0 VADDR: 0 PROW: 0 PBANK: 5 CYCLE: 12499
NORMAL PADDR: 0 VADDR: 0 PROW: 0 PBANK: 6 CYCLE: 12499
PNORMAL PADDR: 0 VADDR: 0 PROW: 0 PBANK: 6 CYCLE: 12499
NORMAL PADDR: 0 VADDR: 0 PROW: 0 PBANK: 7 CYCLE: 12499
PNORMAL PADDR: 0 VADDR: 0 PROW: 0 PBANK: 7 CYCLE: 12499
NORMAL PADDR: 0 VADDR: 0 PROW: 0 PBANK: 8 CYCLE: 12499
PNORMAL PADDR: 0 VADDR: 0 PROW: 0 PBANK: 8 CYCLE: 12499
NORMAL PADDR: 0 VADDR: 0 PROW: 0 PBANK: 9 CYCLE: 12499
PNORMAL PADDR: 0 VADDR: 0 PROW: 0 PBANK: 9 CYCLE: 12499
NORMAL PADDR: 0 VADDR: 0 PROW: 0 PBANK: a CYCLE: 12499
PNORMAL PADDR: 0 VADDR: 0 PROW: 0 PBANK: a CYCLE: 12499
NORMAL PADDR: 0 VADDR: 0 PROW: 0 PBANK: b CYCLE: 12499
PNORMAL PADDR: 0 VADDR: 0 PROW: 0 PBANK: b CYCLE: 12499
NORMAL PADDR: 0 VADDR: 0 PROW: 0 PBANK: c CYCLE: 12499
PNORMAL PADDR: 0 VADDR: 0 PROW: 0 PBANK: c CYCLE: 12499
NORMAL PADDR: 0 VADDR: 0 PROW: 0 PBANK: d CYCLE: 12499
PNORMAL PADDR: 0 VADDR: 0 PROW: 0 PBANK: d CYCLE: 12499
NORMAL PADDR: 0 VADDR: 0 PROW: 0 PBANK: e CYCLE: 12499
PNORMAL PADDR: 0 VADDR: 0 PROW: 0 PBANK: e CYCLE: 12499
NORMAL PADDR: 0 VADDR: 0 PROW: 0 PBANK: f CYCLE: 12499
PNORMAL PADDR: 0 VADDR: 0 PROW: 0 PBANK: f CYCLE: 12499
NORMAL PADDR: 0 VADDR: 0 PROW: 1 PBANK: 0 CYCLE: 12499
PNORMAL PADDR: 0 VADDR: 0 PROW: 1 PBANK: 0 CYCLE: 12499
NORMAL PADDR: 0 VADDR: 0 PROW: 1 PBANK: 1 CYCLE: 12499
PNORMAL PADDR: 0 VADDR: 0 PROW: 1 PBANK: 1 CYCLE: 12499
NORMAL PADDR: 0 VADDR: 0 PROW: 1 PBANK: 2 CYCLE: 12499
PNORMAL PADDR: 0 VADDR: 0 PROW: 1 PBANK: 2 CYCLE: 12499
NORMAL PADDR: 0 VADDR: 0 PROW: 1 PBANK: 3 CYCLE: 12499
PNORMAL PADDR: 0 VADDR: 0 PROW: 1 PBANK: 3 CYCLE: 12499
NORMAL PADDR: 0 VADDR: 0 PROW: 1 PBANK: 4 CYCLE: 12499
PNORMAL PADDR: 0 VADDR: 0 PROW: 1 PBANK: 4 CYCLE: 12499
NORMAL PADDR: 0 VADDR: 0 PROW: 1 PBANK: 5 CYCLE: 12499
PNORMAL PADDR: 0 VADDR: 0 PROW: 1 PBANK: 5 CYCLE: 12499
NORMAL PADDR: 0 VADDR: 0 PROW: 1 PBANK: 6 CYCLE: 12499
PNORMAL PADDR: 0 VADDR: 0 PROW: 1 PBANK: 6 CYCLE: 12499
NORMAL PADDR: 0 VADDR: 0 PROW: 1 PBANK: 7 CYCLE: 12499
PNORMAL PADDR: 0 VADDR: 0 PROW: 1 PBANK: 7 CYCLE: 12499
NORMAL PADDR: 0 VADDR: 0 PROW: 1 PBANK: 8 CYCLE: 12499
PNORMAL PADDR: 0 VADDR: 0 PROW: 1 PBANK: 8 CYCLE: 12499
NORMAL PADDR: 0 VADDR: 0 PROW: 1 PBANK: 9 CYCLE: 12499
PNORMAL PADDR: 0 VADDR: 0 PROW: 1 PBANK: 9 CYCLE: 12499
NORMAL PADDR: 0 VADDR: 0 PROW: 1 PBANK: a CYCLE: 12499
PNORMAL PADDR: 0 VADDR: 0 PROW: 1 PBANK: a CYCLE: 12499
NORMAL PADDR: 0 VADDR: 0 PROW: 1 PBANK: b CYCLE: 12499
PNORMAL PADDR: 0 VADDR: 0 PROW: 1 PBANK: b CYCLE: 12499
NORMAL PADDR: 0 VADDR: 0 PROW: 1 PBANK: c CYCLE: 12499
PNORMAL PADDR: 0 VADDR: 0 PROW: 1 PBANK: c CYCLE: 12499
NORMAL PADDR: 0 VADDR: 0 PROW: 1 PBANK: d CYCLE: 12499
PNORMAL PADDR: 0 VADDR: 0 PROW: 1 PBANK: d CYCLE: 12499
NORMAL PADDR: 0 VADDR: 0 PROW: 1 PBANK: e CYCLE: 12499
PNORMAL PADDR: 0 VADDR: 0 PROW: 1 PBANK: e CYCLE: 12499
NORMAL PADDR: 0 VADDR: 0 PROW: 1 PBANK: f CYCLE: 12499
PNORMAL PADDR: 0 VADDR: 0 PROW: 3 PBANK: f CYCLE: 12499
NORMAL PADDR: 0 VADDR: 0 PROW: 0 PBANK: 0 CYCLE: 12499
PNORMAL PADDR: 0 VADDR: 0 PROW: 0 PBANK: 0 CYCLE: 12499
NORMAL PADDR: 0 VADDR: 0 PROW: 0 PBANK: 1 CYCLE: 12499
PNORMAL PADDR: 0 VADDR: 0 PROW: 0 PBANK: 1 CYCLE: 12499
NORMAL PADDR: 0 VADDR: 0 PROW: 0 PBANK: 2 CYCLE: 12499
PNORMAL PADDR: 0 VADDR: 0 PROW: 0 PBANK: 2 CYCLE: 12499
NORMAL PADDR: 0 VADDR: 0 PROW: 0 PBANK: 3 CYCLE: 12499
PNORMAL PADDR: 0 VADDR: 0 PROW: 0 PBANK: 3 CYCLE: 12499
NORMAL PADDR: 0 VADDR: 0 PROW: 0 PBANK: 4 CYCLE: 12499
PNORMAL PADDR: 0 VADDR: 0 PROW: 0 PBANK: 4 CYCLE: 12499
NORMAL PADDR: 0 VADDR: 0 PROW: 0 PBANK: 5 CYCLE: 12499
PNORMAL PADDR: 0 VADDR: 0 PROW: 0 PBANK: 5 CYCLE: 12499
NORMAL PADDR: 0 VADDR: 0 PROW: 0 PBANK: 6 CYCLE: 12499
PNORMAL PADDR: 0 VADDR: 0 PROW: 0 PBANK: 6 CYCLE: 12499
NORMAL PADDR: 0 VADDR: 0 PROW: 0 PBANK: 7 CYCLE: 12499
PNORMAL PADDR: 0 VADDR: 0 PROW: 0 PBANK: 7 CYCLE: 12499
NORMAL PADDR: 0 VADDR: 0 PROW: 0 PBANK: 8 CYCLE: 12499
PNORMAL PADDR: 0 VADDR: 0 PROW: 0 PBANK: 8 CYCLE: 12499
NORMAL PADDR: 0 VADDR: 0 PROW: 0 PBANK: 9 CYCLE: 12499
PNORMAL PADDR: 0 VADDR: 0 PROW: 0 PBANK: 9 CYCLE: 12499
NORMAL PADDR: 0 VADDR: 0 PROW: 0 PBANK: a CYCLE: 12499
PNORMAL PADDR: 0 VADDR: 0 PROW: 0 PBANK: a CYCLE: 12499
NORMAL PADDR: 0 VADDR: 0 PROW: 0 PBANK: b CYCLE: 12499
PNORMAL PADDR: 0 VADDR: 0 PROW: 0 PBANK: b CYCLE: 12499
NORMAL PADDR: 0 VADDR: 0 PROW: 0 PBANK: c CYCLE: 12499
PNORMAL PADDR: 0 VADDR: 0 PROW: 0 PBANK: c CYCLE: 12499
NORMAL PADDR: 0 VADDR: 0 PROW: 0 PBANK: d CYCLE: 12499
PNORMAL PADDR: 0 VADDR: 0 PROW: 0 PBANK: d CYCLE: 12499
NORMAL PADDR: 0 VADDR: 0 PROW: 0 PBANK: e CYCLE: 12499
PNORMAL PADDR: 0 VADDR: 0 PROW: 0 PBANK: e CYCLE: 12499
NORMAL PADDR: 0 VADDR: 0 PROW: 0 PBANK: f CYCLE: 12499
PNORMAL PADDR: 0 VADDR: 0 PROW: 0 PBANK: f CYCLE: 12499
NORMAL PADDR: 0 VADDR: 0 PROW: 1 PBANK: 0 CYCLE: 12499
PNORMAL PADDR: 0 VADDR: 0 PROW: 1 PBANK: 0 CYCLE: 12499
NORMAL PADDR: 0 VADDR: 0 PROW: 1 PBANK: 1 CYCLE: 12499
PNORMAL PADDR: 0 VADDR: 0 PROW: 1 PBANK: 1 CYCLE: 12499
NORMAL PADDR: 0 VADDR: 0 PROW: 1 PBANK: 2 CYCLE: 12499
PNORMAL PADDR: 0 VADDR: 0 PROW: 1 PBANK: 2 CYCLE: 12499
NORMAL PADDR: 0 VADDR: 0 PROW: 1 PBANK: 3 CYCLE: 12499
PNORMAL PADDR: 0 VADDR: 0 PROW: 1 PBANK: 3 CYCLE: 12499
NORMAL PADDR: 0 VADDR: 0 PROW: 1 PBANK: 4 CYCLE: 12499
PNORMAL PADDR: 0 VADDR: 0 PROW: 1 PBANK: 4 CYCLE: 12499
NORMAL PADDR: 0 VADDR: 0 PROW: 1 PBANK: 5 CYCLE: 12499
PNORMAL PADDR: 0 VADDR: 0 PROW: 1 PBANK: 5 CYCLE: 12499
NORMAL PADDR: 0 VADDR: 0 PROW: 1 PBANK: 6 CYCLE: 12499
PNORMAL PADDR: 0 VADDR: 0 PROW: 1 PBANK: 6 CYCLE: 12499
NORMAL PADDR: 0 VADDR: 0 PROW: 1 PBANK: 7 CYCLE: 12499
PNORMAL PADDR: 0 VADDR: 0 PROW: 1 PBANK: 7 CYCLE: 12499
NORMAL PADDR: 0 VADDR: 0 PROW: 1 PBANK: 8 CYCLE: 12499
PNORMAL PADDR: 0 VADDR: 0 PROW: 1 PBANK: 8 CYCLE: 12499
NORMAL PADDR: 0 VADDR: 0 PROW: 1 PBANK: 9 CYCLE: 12499
PNORMAL PADDR: 0 VADDR: 0 PROW: 1 PBANK: 9 CYCLE: 12499
NORMAL PADDR: 0 VADDR: 0 PROW: 1 PBANK: a CYCLE: 12499
PNORMAL PADDR: 0 VADDR: 0 PROW: 1 PBANK: a CYCLE: 12499
NORMAL PADDR: 0 VADDR: 0 PROW: 1 PBANK: b CYCLE: 12499
PNORMAL PADDR: 0 VADDR: 0 PROW: 1 PBANK: b CYCLE: 12499
NORMAL PADDR: 0 VADDR: 0 PROW: 1 PBANK: c CYCLE: 12499
PNORMAL PADDR: 0 VADDR: 0 PROW: 1 PBANK: c CYCLE: 12499
NORMAL PADDR: 0 VADDR: 0 PROW: 1 PBANK: d CYCLE: 12499
PNORMAL PADDR: 0 VADDR: 0 PROW: 1 PBANK: d CYCLE: 12499
NORMAL PADDR: 0 VADDR: 0 PROW: 1 PBANK: e CYCLE: 12499
PNORMAL PADDR: 0 VADDR: 0 PROW: 1 PBANK: e CYCLE: 12499
NORMAL PADDR: 0 VADDR: 0 PROW: 1 PBANK: f CYCLE: 12499
PNORMAL PADDR: 127cb8 VADDR: 0 PROW: 4 PBANK: 8 CYCLE: 12298
NORMAL PADDR: 0 VADDR: 0 PROW: 0 PBANK: 0 CYCLE: 12499
PNORMAL PADDR: 0 VADDR: 0 PROW: 0 PBANK: 0 CYCLE: 12499
NORMAL PADDR: 0 VADDR: 0 PROW: 0 PBANK: 1 CYCLE: 12499
PNORMAL PADDR: 0 VADDR: 0 PROW: 0 PBANK: 1 CYCLE: 12499
NORMAL PADDR: 0 VADDR: 0 PROW: 0 PBANK: 2 CYCLE: 12499
PNORMAL PADDR: 0 VADDR: 0 PROW: 0 PBANK: 2 CYCLE: 12499
NORMAL PADDR: 0 VADDR: 0 PROW: 0 PBANK: 3 CYCLE: 12499
PNORMAL PADDR: 0 VADDR: 0 PROW: 0 PBANK: 3 CYCLE: 12499
NORMAL PADDR: 0 VADDR: 0 PROW: 0 PBANK: 4 CYCLE: 12499
PNORMAL PADDR: 0 VADDR: 0 PROW: 0 PBANK: 4 CYCLE: 12499
NORMAL PADDR: 0 VADDR: 0 PROW: 0 PBANK: 5 CYCLE: 12499
PNORMAL PADDR: 0 VADDR: 0 PROW: 0 PBANK: 5 CYCLE: 12499
NORMAL PADDR: 0 VADDR: 0 PROW: 0 PBANK: 6 CYCLE: 12499
PNORMAL PADDR: 0 VADDR: 0 PROW: 0 PBANK: 6 CYCLE: 12499
NORMAL PADDR: 0 VADDR: 0 PROW: 0 PBANK: 7 CYCLE: 12499
PNORMAL PADDR: 0 VADDR: 0 PROW: 0 PBANK: 7 CYCLE: 12499
NORMAL PADDR: 0 VADDR: 0 PROW: 0 PBANK: 8 CYCLE: 12499
PNORMAL PADDR: 0 VADDR: 0 PROW: 0 PBANK: 8 CYCLE: 12499
NORMAL PADDR: 0 VADDR: 0 PROW: 0 PBANK: 9 CYCLE: 12499
PNORMAL PADDR: 0 VADDR: 0 PROW: 0 PBANK: 9 CYCLE: 12499
NORMAL PADDR: 0 VADDR: 0 PROW: 0 PBANK: a CYCLE: 12499
PNORMAL PADDR: 0 VADDR: 0 PROW: 0 PBANK: a CYCLE: 12499
NORMAL PADDR: 0 VADDR: 0 PROW: 0 PBANK: b CYCLE: 12499
PNORMAL PADDR: 0 VADDR: 0 PROW: 0 PBANK: b CYCLE: 12499
NORMAL PADDR: 0 VADDR: 0 PROW: 0 PBANK: c CYCLE: 12499
PNORMAL PADDR: 0 VADDR: 0 PROW: 0 PBANK: c CYCLE: 12499
NORMAL PADDR: 0 VADDR: 0 PROW: 0 PBANK: d CYCLE: 12499
PNORMAL PADDR: 0 VADDR: 0 PROW: 0 PBANK: d CYCLE: 12499
NORMAL PADDR: 0 VADDR: 0 PROW: 0 PBANK: e CYCLE: 12499
PNORMAL PADDR: 0 VADDR: 0 PROW: 0 PBANK: e CYCLE: 12499
NORMAL PADDR: 0 VADDR: 0 PROW: 0 PBANK: f CYCLE: 12499
PNORMAL PADDR: 0 VADDR: 0 PROW: 0 PBANK: f CYCLE: 12499
NORMAL PADDR: 0 VADDR: 0 PROW: 1 PBANK: 0 CYCLE: 12499
PNORMAL PADDR: 0 VADDR: 0 PROW: 1 PBANK: 0 CYCLE: 12499
NORMAL PADDR: 0 VADDR: 0 PROW: 1 PBANK: 1 CYCLE: 12499
PNORMAL PADDR: 0 VADDR: 0 PROW: 1 PBANK: 1 CYCLE: 12499
NORMAL PADDR: 0 VADDR: 0 PROW: 1 PBANK: 2 CYCLE: 12499
PNORMAL PADDR: 0 VADDR: 0 PROW: 1 PBANK: 2 CYCLE: 12499
NORMAL PADDR: 0 VADDR: 0 PROW: 1 PBANK: 3 CYCLE: 12499
PNORMAL PADDR: 0 VADDR: 0 PROW: 1 PBANK: 3 CYCLE: 12499
NORMAL PADDR: 0 VADDR: 0 PROW: 1 PBANK: 4 CYCLE: 12499
PNORMAL PADDR: 0 VADDR: 0 PROW: 1 PBANK: 4 CYCLE: 12499
NORMAL PADDR: 0 VADDR: 0 PROW: 1 PBANK: 5 CYCLE: 12499
PNORMAL PADDR: 0 VADDR: 0 PROW: 1 PBANK: 5 CYCLE: 12499
NORMAL PADDR: 0 VADDR: 0 PROW: 1 PBANK: 6 CYCLE: 12499
PNORMAL PADDR: 0 VADDR: 0 PROW: 1 PBANK: 6 CYCLE: 12499
NORMAL PADDR: 0 VADDR: 0 PROW: 1 PBANK: 7 CYCLE: 12499
PNORMAL PADDR: 0 VADDR: 0 PROW: 1 PBANK: 7 CYCLE: 12499
NORMAL PADDR: 0 VADDR: 0 PROW: 1 PBANK: 8 CYCLE: 12499
PNORMAL PADDR: 0 VADDR: 0 PROW: 1 PBANK: 8 CYCLE: 12499
NORMAL PADDR: 0 VADDR: 0 PROW: 1 PBANK: 9 CYCLE: 12499
PNORMAL PADDR: 0 VADDR: 0 PROW: 1 PBANK: 9 CYCLE: 12499
NORMAL PADDR: 0 VADDR: 0 PROW: 1 PBANK: a CYCLE: 12499
PNORMAL PADDR: 0 VADDR: 0 PROW: 1 PBANK: a CYCLE: 12499
NORMAL PADDR: 0 VADDR: 0 PROW: 1 PBANK: b CYCLE: 12499
PNORMAL PADDR: 0 VADDR: 0 PROW: 1 PBANK: b CYCLE: 12499
NORMAL PADDR: 0 VADDR: 0 PROW: 1 PBANK: c CYCLE: 12499
PNORMAL PADDR: 0 VADDR: 0 PROW: 1 PBANK: c CYCLE: 12499
NORMAL PADDR: 0 VADDR: 0 PROW: 1 PBANK: d CYCLE: 12499
PNORMAL PADDR: 0 VADDR: 0 PROW: 1 PBANK: d CYCLE: 12499
NORMAL PADDR: 0 VADDR: 0 PROW: 1 PBANK: e CYCLE: 12499
PNORMAL PADDR: 0 VADDR: 0 PROW: 1 PBANK: e CYCLE: 12499
NORMAL PADDR: 0 VADDR: 0 PROW: 1 PBANK: f CYCLE: 12499
PNORMAL PADDR: 0 VADDR: 0 PROW: 3 PBANK: f CYCLE: 12499
NORMAL PADDR: 0 VADDR: 0 PROW: 0 PBANK: 0 CYCLE: 12499
PNORMAL PADDR: 0 VADDR: 0 PROW: 0 PBANK: 0 CYCLE: 12499
NORMAL PADDR: 0 VADDR: 0 PROW: 0 PBANK: 1 CYCLE: 12499
PNORMAL PADDR: 0 VADDR: 0 PROW: 0 PBANK: 1 CYCLE: 12499
NORMAL PADDR: 0 VADDR: 0 PROW: 0 PBANK: 2 CYCLE: 12499
PNORMAL PADDR: 0 VADDR: 0 PROW: 0 PBANK: 2 CYCLE: 12499
NORMAL PADDR: 0 VADDR: 0 PROW: 0 PBANK: 3 CYCLE: 12499
PNORMAL PADDR: 0 VADDR: 0 PROW: 0 PBANK: 3 CYCLE: 12499
NORMAL PADDR: 0 VADDR: 0 PROW: 0 PBANK: 4 CYCLE: 12499
PNORMAL PADDR: 0 VADDR: 0 PROW: 0 PBANK: 4 CYCLE: 12499
NORMAL PADDR: 0 VADDR: 0 PROW: 0 PBANK: 5 CYCLE: 12499
PNORMAL PADDR: 0 VADDR: 0 PROW: 0 PBANK: 5 CYCLE: 12499
NORMAL PADDR: 0 VADDR: 0 PROW: 0 PBANK: 6 CYCLE: 12499
PNORMAL PADDR: 0 VADDR: 0 PROW: 0 PBANK: 6 CYCLE: 12499
NORMAL PADDR: 0 VADDR: 0 PROW: 0 PBANK: 7 CYCLE: 12499
PNORMAL PADDR: 0 VADDR: 0 PROW: 0 PBANK: 7 CYCLE: 12499
NORMAL PADDR: 0 VADDR: 0 PROW: 0 PBANK: 8 CYCLE: 12499
PNORMAL PADDR: 0 VADDR: 0 PROW: 0 PBANK: 8 CYCLE: 12499
NORMAL PADDR: 0 VADDR: 0 PROW: 0 PBANK: 9 CYCLE: 12499
PNORMAL PADDR: 0 VADDR: 0 PROW: 0 PBANK: 9 CYCLE: 12499
NORMAL PADDR: 0 VADDR: 0 PROW: 0 PBANK: a CYCLE: 12499
PNORMAL PADDR: 0 VADDR: 0 PROW: 0 PBANK: a CYCLE: 12499
NORMAL PADDR: 0 VADDR: 0 PROW: 0 PBANK: b CYCLE: 12499
PNORMAL PADDR: 0 VADDR: 0 PROW: 0 PBANK: b CYCLE: 12499
NORMAL PADDR: 0 VADDR: 0 PROW: 0 PBANK: c CYCLE: 12499
PNORMAL PADDR: 0 VADDR: 0 PROW: 0 PBANK: c CYCLE: 12499
NORMAL PADDR: 0 VADDR: 0 PROW: 0 PBANK: d CYCLE: 12499
PNORMAL PADDR: 0 VADDR: 0 PROW: 0 PBANK: d CYCLE: 12499
NORMAL PADDR: 0 VADDR: 0 PROW: 0 PBANK: e CYCLE: 12499
PNORMAL PADDR: 0 VADDR: 0 PROW: 0 PBANK: e CYCLE: 12499
NORMAL PADDR: 0 VADDR: 0 PROW: 0 PBANK: f CYCLE: 12499
PNORMAL PADDR: 0 VADDR: 0 PROW: 0 PBANK: f CYCLE: 12499
NORMAL PADDR: 0 VADDR: 0 PROW: 1 PBANK: 0 CYCLE: 12499
PNORMAL PADDR: 0 VADDR: 0 PROW: 1 PBANK: 0 CYCLE: 12499
NORMAL PADDR: 0 VADDR: 0 PROW: 1 PBANK: 1 CYCLE: 12499
PNORMAL PADDR: 0 VADDR: 0 PROW: 1 PBANK: 1 CYCLE: 12499
NORMAL PADDR: 0 VADDR: 0 PROW: 1 PBANK: 2 CYCLE: 12499
PNORMAL PADDR: 0 VADDR: 0 PROW: 1 PBANK: 2 CYCLE: 12499
NORMAL PADDR: 0 VADDR: 0 PROW: 1 PBANK: 3 CYCLE: 12499
PNORMAL PADDR: 0 VADDR: 0 PROW: 1 PBANK: 3 CYCLE: 12499
NORMAL PADDR: 0 VADDR: 0 PROW: 1 PBANK: 4 CYCLE: 12499
PNORMAL PADDR: 0 VADDR: 0 PROW: 1 PBANK: 4 CYCLE: 12499
NORMAL PADDR: 0 VADDR: 0 PROW: 1 PBANK: 5 CYCLE: 12499
PNORMAL PADDR: 0 VADDR: 0 PROW: 1 PBANK: 5 CYCLE: 12499
NORMAL PADDR: 0 VADDR: 0 PROW: 1 PBANK: 6 CYCLE: 12499
PNORMAL PADDR: 0 VADDR: 0 PROW: 1 PBANK: 6 CYCLE: 12499
NORMAL PADDR: 0 VADDR: 0 PROW: 1 PBANK: 7 CYCLE: 12499
PNORMAL PADDR: 0 VADDR: 0 PROW: 1 PBANK: 7 CYCLE: 12499
NORMAL PADDR: 0 VADDR: 0 PROW: 1 PBANK: 8 CYCLE: 12499
PNORMAL PADDR: 0 VADDR: 0 PROW: 1 PBANK: 8 CYCLE: 12499
NORMAL PADDR: 0 VADDR: 0 PROW: 1 PBANK: 9 CYCLE: 12499
PNORMAL PADDR: 0 VADDR: 0 PROW: 1 PBANK: 9 CYCLE: 12499
NORMAL PADDR: 0 VADDR: 0 PROW: 1 PBANK: a CYCLE: 12499
PNORMAL PADDR: 0 VADDR: 0 PROW: 1 PBANK: a CYCLE: 12499
NORMAL PADDR: 0 VADDR: 0 PROW: 1 PBANK: b CYCLE: 12499
PNORMAL PADDR: 0 VADDR: 0 PROW: 1 PBANK: b CYCLE: 12499
NORMAL PADDR: 0 VADDR: 0 PROW: 1 PBANK: c CYCLE: 12499
PNORMAL PADDR: 0 VADDR: 0 PROW: 1 PBANK: c CYCLE: 12499
NORMAL PADDR: 0 VADDR: 0 PROW: 1 PBANK: d CYCLE: 12499
PNORMAL PADDR: 0 VADDR: 0 PROW: 1 PBANK: d CYCLE: 12499
NORMAL PADDR: 0 VADDR: 0 PROW: 1 PBANK: e CYCLE: 12499
PNORMAL PADDR: 0 VADDR: 0 PROW: 1 PBANK: e CYCLE: 12499
NORMAL PADDR: 0 VADDR: 0 PROW: 1 PBANK: f CYCLE: 12499
PNORMAL PADDR: 127cb8 VADDR: 0 PROW: 4 PBANK: 8 CYCLE: 12298
NORMAL PADDR: 0 VADDR: 0 PROW: 0 PBANK: 0 CYCLE: 12499
PNORMAL PADDR: 0 VADDR: 0 PROW: 0 PBANK: 0 CYCLE: 12499
NORMAL PADDR: 0 VADDR: 0 PROW: 0 PBANK: 1 CYCLE: 12499
PNORMAL PADDR: 0 VADDR: 0 PROW: 0 PBANK: 1 CYCLE: 12499
NORMAL PADDR: 0 VADDR: 0 PROW: 0 PBANK: 2 CYCLE: 12499
PNORMAL PADDR: 0 VADDR: 0 PROW: 0 PBANK: 2 CYCLE: 12499
NORMAL PADDR: 0 VADDR: 0 PROW: 0 PBANK: 3 CYCLE: 12499
PNORMAL PADDR: 0 VADDR: 0 PROW: 0 PBANK: 3 CYCLE: 12499
NORMAL PADDR: 0 VADDR: 0 PROW: 0 PBANK: 4 CYCLE: 12499
PNORMAL PADDR: 0 VADDR: 0 PROW: 0 PBANK: 4 CYCLE: 12499
NORMAL PADDR: 0 VADDR: 0 PROW: 0 PBANK: 5 CYCLE: 12499
PNORMAL PADDR: 0 VADDR: 0 PROW: 0 PBANK: 5 CYCLE: 12499
NORMAL PADDR: 0 VADDR: 0 PROW: 0 PBANK: 6 CYCLE: 12499
PNORMAL PADDR: 0 VADDR: 0 PROW: 0 PBANK: 6 CYCLE: 12499
NORMAL PADDR: 0 VADDR: 0 PROW: 0 PBANK: 7 CYCLE: 12499
PNORMAL PADDR: 0 VADDR: 0 PROW: 0 PBANK: 7 CYCLE: 12499
NORMAL PADDR: 0 VADDR: 0 PROW: 0 PBANK: 8 CYCLE: 12499
PNORMAL PADDR: 0 VADDR: 0 PROW: 0 PBANK: 8 CYCLE: 12499
NORMAL PADDR: 0 VADDR: 0 PROW: 0 PBANK: 9 CYCLE: 12499
PNORMAL PADDR: 0 VADDR: 0 PROW: 0 PBANK: 9 CYCLE: 12499
NORMAL PADDR: 0 VADDR: 0 PROW: 0 PBANK: a CYCLE: 12499
PNORMAL PADDR: 0 VADDR: 0 PROW: 0 PBANK: a CYCLE: 12499
NORMAL PADDR: 0 VADDR: 0 PROW: 0 PBANK: b CYCLE: 12499
PNORMAL PADDR: 0 VADDR: 0 PROW: 0 PBANK: b CYCLE: 12499
NORMAL PADDR: 0 VADDR: 0 PROW: 0 PBANK: c CYCLE: 12499
PNORMAL PADDR: 0 VADDR: 0 PROW: 0 PBANK: c CYCLE: 12499
NORMAL PADDR: 0 VADDR: 0 PROW: 0 PBANK: d CYCLE: 12499
PNORMAL PADDR: 0 VADDR: 0 PROW: 0 PBANK: d CYCLE: 12499
NORMAL PADDR: 0 VADDR: 0 PROW: 0 PBANK: e CYCLE: 12499
PNORMAL PADDR: 0 VADDR: 0 PROW: 0 PBANK: e CYCLE: 12499
NORMAL PADDR: 0 VADDR: 0 PROW: 0 PBANK: f CYCLE: 12499
PNORMAL PADDR: 0 VADDR: 0 PROW: 0 PBANK: f CYCLE: 12499
NORMAL PADDR: 0 VADDR: 0 PROW: 1 PBANK: 0 CYCLE: 12499
PNORMAL PADDR: 0 VADDR: 0 PROW: 1 PBANK: 0 CYCLE: 12499
NORMAL PADDR: 0 VADDR: 0 PROW: 1 PBANK: 1 CYCLE: 12499
PNORMAL PADDR: 0 VADDR: 0 PROW: 1 PBANK: 1 CYCLE: 12499
NORMAL PADDR: 0 VADDR: 0 PROW: 1 PBANK: 2 CYCLE: 12499
PNORMAL PADDR: 0 VADDR: 0 PROW: 1 PBANK: 2 CYCLE: 12499
NORMAL PADDR: 0 VADDR: 0 PROW: 1 PBANK: 3 CYCLE: 12499
PNORMAL PADDR: 0 VADDR: 0 PROW: 1 PBANK: 3 CYCLE: 12499
NORMAL PADDR: 0 VADDR: 0 PROW: 1 PBANK: 4 CYCLE: 12499
PNORMAL PADDR: 0 VADDR: 0 PROW: 1 PBANK: 4 CYCLE: 12499
NORMAL PADDR: 0 VADDR: 0 PROW: 1 PBANK: 5 CYCLE: 12499
PNORMAL PADDR: 0 VADDR: 0 PROW: 1 PBANK: 5 CYCLE: 12499
NORMAL PADDR: 0 VADDR: 0 PROW: 1 PBANK: 6 CYCLE: 12499
PNORMAL PADDR: 0 VADDR: 0 PROW: 1 PBANK: 6 CYCLE: 12499
NORMAL PADDR: 0 VADDR: 0 PROW: 1 PBANK: 7 CYCLE: 12499
PNORMAL PADDR: 0 VADDR: 0 PROW: 1 PBANK: 7 CYCLE: 12499
NORMAL PADDR: 0 VADDR: 0 PROW: 1 PBANK: 8 CYCLE: 12499
PNORMAL PADDR: 0 VADDR: 0 PROW: 1 PBANK: 8 CYCLE: 12499
NORMAL PADDR: 0 VADDR: 0 PROW: 1 PBANK: 9 CYCLE: 12499
PNORMAL PADDR: 0 VADDR: 0 PROW: 1 PBANK: 9 CYCLE: 12499
NORMAL PADDR: 0 VADDR: 0 PROW: 1 PBANK: a CYCLE: 12499
PNORMAL PADDR: 0 VADDR: 0 PROW: 1 PBANK: a CYCLE: 12499
NORMAL PADDR: 0 VADDR: 0 PROW: 1 PBANK: b CYCLE: 12499
PNORMAL PADDR: 0 VADDR: 0 PROW: 1 PBANK: b CYCLE: 12499
NORMAL PADDR: 0 VADDR: 0 PROW: 1 PBANK: c CYCLE: 12499
PNORMAL PADDR: 0 VADDR: 0 PROW: 1 PBANK: c CYCLE: 12499
NORMAL PADDR: 0 VADDR: 0 PROW: 1 PBANK: d CYCLE: 12499
PNORMAL PADDR: 0 VADDR: 0 PROW: 1 PBANK: d CYCLE: 12499
NORMAL PADDR: 0 VADDR: 0 PROW: 1 PBANK: e CYCLE: 12499
PNORMAL PADDR: 0 VADDR: 0 PROW: 1 PBANK: e CYCLE: 12499
NORMAL PADDR: 0 VADDR: 0 PROW: 1 PBANK: f CYCLE: 12499
PNORMAL PADDR: 0 VADDR: 0 PROW: 3 PBANK: f CYCLE: 12499
NORMAL PADDR: 0 VADDR: 0 PROW: 0 PBANK: 0 CYCLE: 12499
PNORMAL PADDR: 0 VADDR: 0 PROW: 0 PBANK: 0 CYCLE: 12499
NORMAL PADDR: 0 VADDR: 0 PROW: 0 PBANK: 1 CYCLE: 12499
PNORMAL PADDR: 0 VADDR: 0 PROW: 0 PBANK: 1 CYCLE: 12499
NORMAL PADDR: 0 VADDR: 0 PROW: 0 PBANK: 2 CYCLE: 12499
PNORMAL PADDR: 0 VADDR: 0 PROW: 0 PBANK: 2 CYCLE: 12499
NORMAL PADDR: 0 VADDR: 0 PROW: 0 PBANK: 3 CYCLE: 12499
PNORMAL PADDR: 0 VADDR: 0 PROW: 0 PBANK: 3 CYCLE: 12499
NORMAL PADDR: 0 VADDR: 0 PROW: 0 PBANK: 4 CYCLE: 12499
PNORMAL PADDR: 0 VADDR: 0 PROW: 0 PBANK: 4 CYCLE: 12499
NORMAL PADDR: 0 VADDR: 0 PROW: 0 PBANK: 5 CYCLE: 12499
PNORMAL PADDR: 0 VADDR: 0 PROW: 0 PBANK: 5 CYCLE: 12499
NORMAL PADDR: 0 VADDR: 0 PROW: 0 PBANK: 6 CYCLE: 12499
PNORMAL PADDR: 0 VADDR: 0 PROW: 0 PBANK: 6 CYCLE: 12499
NORMAL PADDR: 0 VADDR: 0 PROW: 0 PBANK: 7 CYCLE: 12499
PNORMAL PADDR: 0 VADDR: 0 PROW: 0 PBANK: 7 CYCLE: 12499
NORMAL PADDR: 0 VADDR: 0 PROW: 0 PBANK: 8 CYCLE: 12499
PNORMAL PADDR: 0 VADDR: 0 PROW: 0 PBANK: 8 CYCLE: 12499
NORMAL PADDR: 0 VADDR: 0 PROW: 0 PBANK: 9 CYCLE: 12499
PNORMAL PADDR: 0 VADDR: 0 PROW: 0 PBANK: 9 CYCLE: 12499
NORMAL PADDR: 0 VADDR: 0 PROW: 0 PBANK: a CYCLE: 12499
PNORMAL PADDR: 0 VADDR: 0 PROW: 0 PBANK: a CYCLE: 12499
NORMAL PADDR: 0 VADDR: 0 PROW: 0 PBANK: b CYCLE: 12499
PNORMAL PADDR: 0 VADDR: 0 PROW: 0 PBANK: b CYCLE: 12499
NORMAL PADDR: 0 VADDR: 0 PROW: 0 PBANK: c CYCLE: 12499
PNORMAL PADDR: 0 VADDR: 0 PROW: 0 PBANK: c CYCLE: 12499
NORMAL PADDR: 0 VADDR: 0 PROW: 0 PBANK: d CYCLE: 12499
PNORMAL PADDR: 0 VADDR: 0 PROW: 0 PBANK: d CYCLE: 12499
NORMAL PADDR: 0 VADDR: 0 PROW: 0 PBANK: e CYCLE: 12499
PNORMAL PADDR: 0 VADDR: 0 PROW: 0 PBANK: e CYCLE: 12499
NORMAL PADDR: 0 VADDR: 0 PROW: 0 PBANK: f CYCLE: 12499
PNORMAL PADDR: 0 VADDR: 0 PROW: 0 PBANK: f CYCLE: 12499
NORMAL PADDR: 0 VADDR: 0 PROW: 1 PBANK: 0 CYCLE: 12499
PNORMAL PADDR: 0 VADDR: 0 PROW: 1 PBANK: 0 CYCLE: 12499
NORMAL PADDR: 0 VADDR: 0 PROW: 1 PBANK: 1 CYCLE: 12499
PNORMAL PADDR: 0 VADDR: 0 PROW: 1 PBANK: 1 CYCLE: 12499
NORMAL PADDR: 0 VADDR: 0 PROW: 1 PBANK: 2 CYCLE: 12499
PNORMAL PADDR: 0 VADDR: 0 PROW: 1 PBANK: 2 CYCLE: 12499
NORMAL PADDR: 0 VADDR: 0 PROW: 1 PBANK: 3 CYCLE: 12499
PNORMAL PADDR: 0 VADDR: 0 PROW: 1 PBANK: 3 CYCLE: 12499
NORMAL PADDR: 0 VADDR: 0 PROW: 1 PBANK: 4 CYCLE: 12499
PNORMAL PADDR: 0 VADDR: 0 PROW: 1 PBANK: 4 CYCLE: 12499
NORMAL PADDR: 0 VADDR: 0 PROW: 1 PBANK: 5 CYCLE: 12499
PNORMAL PADDR: 0 VADDR: 0 PROW: 1 PBANK: 5 CYCLE: 12499
NORMAL PADDR: 0 VADDR: 0 PROW: 1 PBANK: 6 CYCLE: 12499
PNORMAL PADDR: 0 VADDR: 0 PROW: 1 PBANK: 6 CYCLE: 12499
NORMAL PADDR: 0 VADDR: 0 PROW: 1 PBANK: 7 CYCLE: 12499
PNORMAL PADDR: 0 VADDR: 0 PROW: 1 PBANK: 7 CYCLE: 12499
NORMAL PADDR: 0 VADDR: 0 PROW: 1 PBANK: 8 CYCLE: 12499
PNORMAL PADDR: 0 VADDR: 0 PROW: 1 PBANK: 8 CYCLE: 12499
NORMAL PADDR: 0 VADDR: 0 PROW: 1 PBANK: 9 CYCLE: 12499
PNORMAL PADDR: 0 VADDR: 0 PROW: 1 PBANK: 9 CYCLE: 12499
NORMAL PADDR: 0 VADDR: 0 PROW: 1 PBANK: a CYCLE: 12499
PNORMAL PADDR: 0 VADDR: 0 PROW: 1 PBANK: a CYCLE: 12499
NORMAL PADDR: 0 VADDR: 0 PROW: 1 PBANK: b CYCLE: 12499
PNORMAL PADDR: 0 VADDR: 0 PROW: 1 PBANK: b CYCLE: 12499
NORMAL PADDR: 0 VADDR: 0 PROW: 1 PBANK: c CYCLE: 12499
PNORMAL PADDR: 0 VADDR: 0 PROW: 1 PBANK: c CYCLE: 12499
NORMAL PADDR: 0 VADDR: 0 PROW: 1 PBANK: d CYCLE: 12499
PNORMAL PADDR: 0 VADDR: 0 PROW: 1 PBANK: d CYCLE: 12499
NORMAL PADDR: 0 VADDR: 0 PROW: 1 PBANK: e CYCLE: 12499
PNORMAL PADDR: 0 VADDR: 0 PROW: 1 PBANK: e CYCLE: 12499
NORMAL PADDR: 0 VADDR: 0 PROW: 1 PBANK: f CYCLE: 12499
PNORMAL PADDR: 117110 VADDR: 0 PROW: 13 PBANK: 2 CYCLE: 5512
NORMAL PADDR: 0 VADDR: 0 PROW: 0 PBANK: 0 CYCLE: 12499
PNORMAL PADDR: 0 VADDR: 0 PROW: 0 PBANK: 0 CYCLE: 12499
NORMAL PADDR: 0 VADDR: 0 PROW: 0 PBANK: 1 CYCLE: 12499
PNORMAL PADDR: 0 VADDR: 0 PROW: 0 PBANK: 1 CYCLE: 12499
NORMAL PADDR: 0 VADDR: 0 PROW: 0 PBANK: 2 CYCLE: 12499
PNORMAL PADDR: 0 VADDR: 0 PROW: 0 PBANK: 2 CYCLE: 12499
NORMAL PADDR: 0 VADDR: 0 PROW: 0 PBANK: 3 CYCLE: 12499
PNORMAL PADDR: 0 VADDR: 0 PROW: 0 PBANK: 3 CYCLE: 12499
NORMAL PADDR: 0 VADDR: 0 PROW: 0 PBANK: 4 CYCLE: 12499
PNORMAL PADDR: 0 VADDR: 0 PROW: 0 PBANK: 4 CYCLE: 12499
NORMAL PADDR: 0 VADDR: 0 PROW: 0 PBANK: 5 CYCLE: 12499
PNORMAL PADDR: 0 VADDR: 0 PROW: 0 PBANK: 5 CYCLE: 12499
NORMAL PADDR: 0 VADDR: 0 PROW: 0 PBANK: 6 CYCLE: 12499
PNORMAL PADDR: 0 VADDR: 0 PROW: 0 PBANK: 6 CYCLE: 12499
NORMAL PADDR: 0 VADDR: 0 PROW: 0 PBANK: 7 CYCLE: 12499
PNORMAL PADDR: 0 VADDR: 0 PROW: 0 PBANK: 7 CYCLE: 12499
NORMAL PADDR: 0 VADDR: 0 PROW: 0 PBANK: 8 CYCLE: 12499
PNORMAL PADDR: 0 VADDR: 0 PROW: 0 PBANK: 8 CYCLE: 12499
NORMAL PADDR: 0 VADDR: 0 PROW: 0 PBANK: 9 CYCLE: 12499
PNORMAL PADDR: 0 VADDR: 0 PROW: 0 PBANK: 9 CYCLE: 12499
NORMAL PADDR: 0 VADDR: 0 PROW: 0 PBANK: a CYCLE: 12499
PNORMAL PADDR: 0 VADDR: 0 PROW: 0 PBANK: a CYCLE: 12499
NORMAL PADDR: 0 VADDR: 0 PROW: 0 PBANK: b CYCLE: 12499
PNORMAL PADDR: 0 VADDR: 0 PROW: 0 PBANK: b CYCLE: 12499
NORMAL PADDR: 0 VADDR: 0 PROW: 0 PBANK: c CYCLE: 12499
PNORMAL PADDR: 0 VADDR: 0 PROW: 0 PBANK: c CYCLE: 12499
NORMAL PADDR: 0 VADDR: 0 PROW: 0 PBANK: d CYCLE: 12499
PNORMAL PADDR: 0 VADDR: 0 PROW: 0 PBANK: d CYCLE: 12499
NORMAL PADDR: 0 VADDR: 0 PROW: 0 PBANK: e CYCLE: 12499
PNORMAL PADDR: 0 VADDR: 0 PROW: 0 PBANK: e CYCLE: 12499
NORMAL PADDR: 0 VADDR: 0 PROW: 0 PBANK: f CYCLE: 12499
PNORMAL PADDR: 0 VADDR: 0 PROW: 0 PBANK: f CYCLE: 12499
NORMAL PADDR: 0 VADDR: 0 PROW: 1 PBANK: 0 CYCLE: 12499
PNORMAL PADDR: 0 VADDR: 0 PROW: 1 PBANK: 0 CYCLE: 12499
NORMAL PADDR: 0 VADDR: 0 PROW: 1 PBANK: 1 CYCLE: 12499
PNORMAL PADDR: 0 VADDR: 0 PROW: 1 PBANK: 1 CYCLE: 12499
NORMAL PADDR: 0 VADDR: 0 PROW: 1 PBANK: 2 CYCLE: 12499
PNORMAL PADDR: 0 VADDR: 0 PROW: 1 PBANK: 2 CYCLE: 12499
NORMAL PADDR: 0 VADDR: 0 PROW: 1 PBANK: 3 CYCLE: 12499
PNORMAL PADDR: 0 VADDR: 0 PROW: 1 PBANK: 3 CYCLE: 12499
NORMAL PADDR: 0 VADDR: 0 PROW: 1 PBANK: 4 CYCLE: 12499
PNORMAL PADDR: 0 VADDR: 0 PROW: 1 PBANK: 4 CYCLE: 12499
NORMAL PADDR: 0 VADDR: 0 PROW: 1 PBANK: 5 CYCLE: 12499
PNORMAL PADDR: 0 VADDR: 0 PROW: 1 PBANK: 5 CYCLE: 12499
NORMAL PADDR: 0 VADDR: 0 PROW: 1 PBANK: 6 CYCLE: 12499
PNORMAL PADDR: 0 VADDR: 0 PROW: 1 PBANK: 6 CYCLE: 12499
NORMAL PADDR: 0 VADDR: 0 PROW: 1 PBANK: 7 CYCLE: 12499
PNORMAL PADDR: 0 VADDR: 0 PROW: 1 PBANK: 7 CYCLE: 12499
NORMAL PADDR: 0 VADDR: 0 PROW: 1 PBANK: 8 CYCLE: 12499
PNORMAL PADDR: 0 VADDR: 0 PROW: 1 PBANK: 8 CYCLE: 12499
NORMAL PADDR: 0 VADDR: 0 PROW: 1 PBANK: 9 CYCLE: 12499
PNORMAL PADDR: 0 VADDR: 0 PROW: 1 PBANK: 9 CYCLE: 12499
NORMAL PADDR: 0 VADDR: 0 PROW: 1 PBANK: a CYCLE: 12499
PNORMAL PADDR: 0 VADDR: 0 PROW: 1 PBANK: a CYCLE: 12499
NORMAL PADDR: 0 VADDR: 0 PROW: 1 PBANK: b CYCLE: 12499
PNORMAL PADDR: 0 VADDR: 0 PROW: 1 PBANK: b CYCLE: 12499
NORMAL PADDR: 0 VADDR: 0 PROW: 1 PBANK: c CYCLE: 12499
PNORMAL PADDR: 0 VADDR: 0 PROW: 1 PBANK: c CYCLE: 12499
NORMAL PADDR: 0 VADDR: 0 PROW: 1 PBANK: d CYCLE: 12499
PNORMAL PADDR: 0 VADDR: 0 PROW: 1 PBANK: d CYCLE: 12499
NORMAL PADDR: 0 VADDR: 0 PROW: 1 PBANK: e CYCLE: 12499
PNORMAL PADDR: 0 VADDR: 0 PROW: 1 PBANK: e CYCLE: 12499
NORMAL PADDR: 0 VADDR: 0 PROW: 1 PBANK: f CYCLE: 12499
PNORMAL PADDR: 0 VADDR: 0 PROW: 3 PBANK: f CYCLE: 12499
NORMAL PADDR: 0 VADDR: 0 PROW: 0 PBANK: 0 CYCLE: 12499
PNORMAL PADDR: 0 VADDR: 0 PROW: 0 PBANK: 0 CYCLE: 12499
NORMAL PADDR: 0 VADDR: 0 PROW: 0 PBANK: 1 CYCLE: 12499
PNORMAL PADDR: 0 VADDR: 0 PROW: 0 PBANK: 1 CYCLE: 12499
NORMAL PADDR: 0 VADDR: 0 PROW: 0 PBANK: 2 CYCLE: 12499
PNORMAL PADDR: 0 VADDR: 0 PROW: 0 PBANK: 2 CYCLE: 12499
NORMAL PADDR: 0 VADDR: 0 PROW: 0 PBANK: 3 CYCLE: 12499
PNORMAL PADDR: 0 VADDR: 0 PROW: 0 PBANK: 3 CYCLE: 12499
NORMAL PADDR: 0 VADDR: 0 PROW: 0 PBANK: 4 CYCLE: 12499
PNORMAL PADDR: 0 VADDR: 0 PROW: 0 PBANK: 4 CYCLE: 12499
NORMAL PADDR: 0 VADDR: 0 PROW: 0 PBANK: 5 CYCLE: 12499
PNORMAL PADDR: 0 VADDR: 0 PROW: 0 PBANK: 5 CYCLE: 12499
NORMAL PADDR: 0 VADDR: 0 PROW: 0 PBANK: 6 CYCLE: 12499
PNORMAL PADDR: 0 VADDR: 0 PROW: 0 PBANK: 6 CYCLE: 12499
NORMAL PADDR: 0 VADDR: 0 PROW: 0 PBANK: 7 CYCLE: 12499
PNORMAL PADDR: 0 VADDR: 0 PROW: 0 PBANK: 7 CYCLE: 12499
NORMAL PADDR: 0 VADDR: 0 PROW: 0 PBANK: 8 CYCLE: 12499
PNORMAL PADDR: 0 VADDR: 0 PROW: 0 PBANK: 8 CYCLE: 12499
NORMAL PADDR: 0 VADDR: 0 PROW: 0 PBANK: 9 CYCLE: 12499
PNORMAL PADDR: 0 VADDR: 0 PROW: 0 PBANK: 9 CYCLE: 12499
NORMAL PADDR: 0 VADDR: 0 PROW: 0 PBANK: a CYCLE: 12499
PNORMAL PADDR: 0 VADDR: 0 PROW: 0 PBANK: a CYCLE: 12499
NORMAL PADDR: 0 VADDR: 0 PROW: 0 PBANK: b CYCLE: 12499
PNORMAL PADDR: 0 VADDR: 0 PROW: 0 PBANK: b CYCLE: 12499
NORMAL PADDR: 0 VADDR: 0 PROW: 0 PBANK: c CYCLE: 12499
PNORMAL PADDR: 0 VADDR: 0 PROW: 0 PBANK: c CYCLE: 12499
NORMAL PADDR: 0 VADDR: 0 PROW: 0 PBANK: d CYCLE: 12499
PNORMAL PADDR: 0 VADDR: 0 PROW: 0 PBANK: d CYCLE: 12499
NORMAL PADDR: 0 VADDR: 0 PROW: 0 PBANK: e CYCLE: 12499
PNORMAL PADDR: 0 VADDR: 0 PROW: 0 PBANK: e CYCLE: 12499
NORMAL PADDR: 0 VADDR: 0 PROW: 0 PBANK: f CYCLE: 12499
PNORMAL PADDR: 0 VADDR: 0 PROW: 0 PBANK: f CYCLE: 12499
NORMAL PADDR: 0 VADDR: 0 PROW: 1 PBANK: 0 CYCLE: 12499
PNORMAL PADDR: 0 VADDR: 0 PROW: 1 PBANK: 0 CYCLE: 12499
NORMAL PADDR: 0 VADDR: 0 PROW: 1 PBANK: 1 CYCLE: 12499
PNORMAL PADDR: 0 VADDR: 0 PROW: 1 PBANK: 1 CYCLE: 12499
NORMAL PADDR: 0 VADDR: 0 PROW: 1 PBANK: 2 CYCLE: 12499
PNORMAL PADDR: 0 VADDR: 0 PROW: 1 PBANK: 2 CYCLE: 12499
NORMAL PADDR: 0 VADDR: 0 PROW: 1 PBANK: 3 CYCLE: 12499
PNORMAL PADDR: 0 VADDR: 0 PROW: 1 PBANK: 3 CYCLE: 12499
NORMAL PADDR: 0 VADDR: 0 PROW: 1 PBANK: 4 CYCLE: 12499
PNORMAL PADDR: 0 VADDR: 0 PROW: 1 PBANK: 4 CYCLE: 12499
NORMAL PADDR: 0 VADDR: 0 PROW: 1 PBANK: 5 CYCLE: 12499
PNORMAL PADDR: 0 VADDR: 0 PROW: 1 PBANK: 5 CYCLE: 12499
NORMAL PADDR: 0 VADDR: 0 PROW: 1 PBANK: 6 CYCLE: 12499
PNORMAL PADDR: 0 VADDR: 0 PROW: 1 PBANK: 6 CYCLE: 12499
NORMAL PADDR: 0 VADDR: 0 PROW: 1 PBANK: 7 CYCLE: 12499
PNORMAL PADDR: 0 VADDR: 0 PROW: 1 PBANK: 7 CYCLE: 12499
NORMAL PADDR: 0 VADDR: 0 PROW: 1 PBANK: 8 CYCLE: 12499
PNORMAL PADDR: 0 VADDR: 0 PROW: 1 PBANK: 8 CYCLE: 12499
NORMAL PADDR: 0 VADDR: 0 PROW: 1 PBANK: 9 CYCLE: 12499
PNORMAL PADDR: 0 VADDR: 0 PROW: 1 PBANK: 9 CYCLE: 12499
NORMAL PADDR: 0 VADDR: 0 PROW: 1 PBANK: a CYCLE: 12499
PNORMAL PADDR: 0 VADDR: 0 PROW: 1 PBANK: a CYCLE: 12499
NORMAL PADDR: 0 VADDR: 0 PROW: 1 PBANK: b CYCLE: 12499
PNORMAL PADDR: 0 VADDR: 0 PROW: 1 PBANK: b CYCLE: 12499
NORMAL PADDR: 0 VADDR: 0 PROW: 1 PBANK: c CYCLE: 12499
PNORMAL PADDR: 0 VADDR: 0 PROW: 1 PBANK: c CYCLE: 12499
NORMAL PADDR: 0 VADDR: 0 PROW: 1 PBANK: d CYCLE: 12499
PNORMAL PADDR: 0 VADDR: 0 PROW: 1 PBANK: d CYCLE: 12499
NORMAL PADDR: 0 VADDR: 0 PROW: 1 PBANK: e CYCLE: 12499
PNORMAL PADDR: 0 VADDR: 0 PROW: 1 PBANK: e CYCLE: 12499
NORMAL PADDR: 0 VADDR: 0 PROW: 1 PBANK: f CYCLE: 12499
PNORMAL PADDR: 127cb8 VADDR: 0 PROW: 4 PBANK: 8 CYCLE: 12298
NORMAL PADDR: 0 VADDR: 0 PROW: 0 PBANK: 0 CYCLE: 12499
PNORMAL PADDR: 0 VADDR: 0 PROW: 0 PBANK: 0 CYCLE: 12499
NORMAL PADDR: 0 VADDR: 0 PROW: 0 PBANK: 1 CYCLE: 12499
PNORMAL PADDR: 0 VADDR: 0 PROW: 0 PBANK: 1 CYCLE: 12499
NORMAL PADDR: 0 VADDR: 0 PROW: 0 PBANK: 2 CYCLE: 12499
PNORMAL PADDR: 0 VADDR: 0 PROW: 0 PBANK: 2 CYCLE: 12499
NORMAL PADDR: 0 VADDR: 0 PROW: 0 PBANK: 3 CYCLE: 12499
PNORMAL PADDR: 0 VADDR: 0 PROW: 0 PBANK: 3 CYCLE: 12499
NORMAL PADDR: 0 VADDR: 0 PROW: 0 PBANK: 4 CYCLE: 12499
PNORMAL PADDR: 0 VADDR: 0 PROW: 0 PBANK: 4 CYCLE: 12499
NORMAL PADDR: 0 VADDR: 0 PROW: 0 PBANK: 5 CYCLE: 12499
PNORMAL PADDR: 0 VADDR: 0 PROW: 0 PBANK: 5 CYCLE: 12499
NORMAL PADDR: 0 VADDR: 0 PROW: 0 PBANK: 6 CYCLE: 12499
PNORMAL PADDR: 0 VADDR: 0 PROW: 0 PBANK: 6 CYCLE: 12499
NORMAL PADDR: 0 VADDR: 0 PROW: 0 PBANK: 7 CYCLE: 12499
PNORMAL PADDR: 0 VADDR: 0 PROW: 0 PBANK: 7 CYCLE: 12499
NORMAL PADDR: 0 VADDR: 0 PROW: 0 PBANK: 8 CYCLE: 12499
PNORMAL PADDR: 0 VADDR: 0 PROW: 0 PBANK: 8 CYCLE: 12499
NORMAL PADDR: 0 VADDR: 0 PROW: 0 PBANK: 9 CYCLE: 12499
PNORMAL PADDR: 0 VADDR: 0 PROW: 0 PBANK: 9 CYCLE: 12499
NORMAL PADDR: 0 VADDR: 0 PROW: 0 PBANK: a CYCLE: 12499
PNORMAL PADDR: 0 VADDR: 0 PROW: 0 PBANK: a CYCLE: 12499
NORMAL PADDR: 0 VADDR: 0 PROW: 0 PBANK: b CYCLE: 12499
PNORMAL PADDR: 0 VADDR: 0 PROW: 0 PBANK: b CYCLE: 12499
NORMAL PADDR: 0 VADDR: 0 PROW: 0 PBANK: c CYCLE: 12499
PNORMAL PADDR: 0 VADDR: 0 PROW: 0 PBANK: c CYCLE: 12499
NORMAL PADDR: 0 VADDR: 0 PROW: 0 PBANK: d CYCLE: 12499
PNORMAL PADDR: 0 VADDR: 0 PROW: 0 PBANK: d CYCLE: 12499
NORMAL PADDR: 0 VADDR: 0 PROW: 0 PBANK: e CYCLE: 12499
PNORMAL PADDR: 0 VADDR: 0 PROW: 0 PBANK: e CYCLE: 12499
NORMAL PADDR: 0 VADDR: 0 PROW: 0 PBANK: f CYCLE: 12499
PNORMAL PADDR: 0 VADDR: 0 PROW: 0 PBANK: f CYCLE: 12499
NORMAL PADDR: 0 VADDR: 0 PROW: 1 PBANK: 0 CYCLE: 12499
PNORMAL PADDR: 0 VADDR: 0 PROW: 1 PBANK: 0 CYCLE: 12499
NORMAL PADDR: 0 VADDR: 0 PROW: 1 PBANK: 1 CYCLE: 12499
PNORMAL PADDR: 0 VADDR: 0 PROW: 1 PBANK: 1 CYCLE: 12499
NORMAL PADDR: 0 VADDR: 0 PROW: 1 PBANK: 2 CYCLE: 12499
PNORMAL PADDR: 0 VADDR: 0 PROW: 1 PBANK: 2 CYCLE: 12499
NORMAL PADDR: 0 VADDR: 0 PROW: 1 PBANK: 3 CYCLE: 12499
PNORMAL PADDR: 0 VADDR: 0 PROW: 1 PBANK: 3 CYCLE: 12499
NORMAL PADDR: 0 VADDR: 0 PROW: 1 PBANK: 4 CYCLE: 12499
PNORMAL PADDR: 0 VADDR: 0 PROW: 1 PBANK: 4 CYCLE: 12499
NORMAL PADDR: 0 VADDR: 0 PROW: 1 PBANK: 5 CYCLE: 12499
PNORMAL PADDR: 0 VADDR: 0 PROW: 1 PBANK: 5 CYCLE: 12499
NORMAL PADDR: 0 VADDR: 0 PROW: 1 PBANK: 6 CYCLE: 12499
PNORMAL PADDR: 0 VADDR: 0 PROW: 1 PBANK: 6 CYCLE: 12499
NORMAL PADDR: 0 VADDR: 0 PROW: 1 PBANK: 7 CYCLE: 12499
PNORMAL PADDR: 0 VADDR: 0 PROW: 1 PBANK: 7 CYCLE: 12499
NORMAL PADDR: 0 VADDR: 0 PROW: 1 PBANK: 8 CYCLE: 12499
PNORMAL PADDR: 0 VADDR: 0 PROW: 1 PBANK: 8 CYCLE: 12499
NORMAL PADDR: 0 VADDR: 0 PROW: 1 PBANK: 9 CYCLE: 12499
PNORMAL PADDR: 0 VADDR: 0 PROW: 1 PBANK: 9 CYCLE: 12499
NORMAL PADDR: 0 VADDR: 0 PROW: 1 PBANK: a CYCLE: 12499
PNORMAL PADDR: 0 VADDR: 0 PROW: 1 PBANK: a CYCLE: 12499
NORMAL PADDR: 0 VADDR: 0 PROW: 1 PBANK: b CYCLE: 12499
PNORMAL PADDR: 0 VADDR: 0 PROW: 1 PBANK: b CYCLE: 12499
NORMAL PADDR: 0 VADDR: 0 PROW: 1 PBANK: c CYCLE: 12499
PNORMAL PADDR: 0 VADDR: 0 PROW: 1 PBANK: c CYCLE: 12499
NORMAL PADDR: 0 VADDR: 0 PROW: 1 PBANK: d CYCLE: 12499
PNORMAL PADDR: 0 VADDR: 0 PROW: 1 PBANK: d CYCLE: 12499
NORMAL PADDR: 0 VADDR: 0 PROW: 1 PBANK: e CYCLE: 12499
PNORMAL PADDR: 0 VADDR: 0 PROW: 1 PBANK: e CYCLE: 12499
NORMAL PADDR: 0 VADDR: 0 PROW: 1 PBANK: f CYCLE: 12499
PNORMAL PADDR: 0 VADDR: 0 PROW: 3 PBANK: f CYCLE: 12499
NORMAL PADDR: 0 VADDR: 0 PROW: 0 PBANK: 0 CYCLE: 12499
PNORMAL PADDR: 0 VADDR: 0 PROW: 0 PBANK: 0 CYCLE: 12499
NORMAL PADDR: 0 VADDR: 0 PROW: 0 PBANK: 1 CYCLE: 12499
PNORMAL PADDR: 0 VADDR: 0 PROW: 0 PBANK: 1 CYCLE: 12499
NORMAL PADDR: 0 VADDR: 0 PROW: 0 PBANK: 2 CYCLE: 12499
PNORMAL PADDR: 0 VADDR: 0 PROW: 0 PBANK: 2 CYCLE: 12499
NORMAL PADDR: 0 VADDR: 0 PROW: 0 PBANK: 3 CYCLE: 12499
PNORMAL PADDR: 0 VADDR: 0 PROW: 0 PBANK: 3 CYCLE: 12499
NORMAL PADDR: 0 VADDR: 0 PROW: 0 PBANK: 4 CYCLE: 12499
PNORMAL PADDR: 0 VADDR: 0 PROW: 0 PBANK: 4 CYCLE: 12499
NORMAL PADDR: 0 VADDR: 0 PROW: 0 PBANK: 5 CYCLE: 12499
PNORMAL PADDR: 0 VADDR: 0 PROW: 0 PBANK: 5 CYCLE: 12499
NORMAL PADDR: 0 VADDR: 0 PROW: 0 PBANK: 6 CYCLE: 12499
PNORMAL PADDR: 0 VADDR: 0 PROW: 0 PBANK: 6 CYCLE: 12499
NORMAL PADDR: 0 VADDR: 0 PROW: 0 PBANK: 7 CYCLE: 12499
PNORMAL PADDR: 0 VADDR: 0 PROW: 0 PBANK: 7 CYCLE: 12499
NORMAL PADDR: 0 VADDR: 0 PROW: 0 PBANK: 8 CYCLE: 12499
PNORMAL PADDR: 0 VADDR: 0 PROW: 0 PBANK: 8 CYCLE: 12499
NORMAL PADDR: 0 VADDR: 0 PROW: 0 PBANK: 9 CYCLE: 12499
PNORMAL PADDR: 0 VADDR: 0 PROW: 0 PBANK: 9 CYCLE: 12499
NORMAL PADDR: 0 VADDR: 0 PROW: 0 PBANK: a CYCLE: 12499
PNORMAL PADDR: 0 VADDR: 0 PROW: 0 PBANK: a CYCLE: 12499
NORMAL PADDR: 0 VADDR: 0 PROW: 0 PBANK: b CYCLE: 12499
PNORMAL PADDR: 0 VADDR: 0 PROW: 0 PBANK: b CYCLE: 12499
NORMAL PADDR: 0 VADDR: 0 PROW: 0 PBANK: c CYCLE: 12499
PNORMAL PADDR: 0 VADDR: 0 PROW: 0 PBANK: c CYCLE: 12499
NORMAL PADDR: 0 VADDR: 0 PROW: 0 PBANK: d CYCLE: 12499
PNORMAL PADDR: 0 VADDR: 0 PROW: 0 PBANK: d CYCLE: 12499
NORMAL PADDR: 0 VADDR: 0 PROW: 0 PBANK: e CYCLE: 12499
PNORMAL PADDR: 0 VADDR: 0 PROW: 0 PBANK: e CYCLE: 12499
NORMAL PADDR: 0 VADDR: 0 PROW: 0 PBANK: f CYCLE: 12499
PNORMAL PADDR: 0 VADDR: 0 PROW: 0 PBANK: f CYCLE: 12499
NORMAL PADDR: 0 VADDR: 0 PROW: 1 PBANK: 0 CYCLE: 12499
PNORMAL PADDR: 0 VADDR: 0 PROW: 1 PBANK: 0 CYCLE: 12499
NORMAL PADDR: 0 VADDR: 0 PROW: 1 PBANK: 1 CYCLE: 12499
PNORMAL PADDR: 0 VADDR: 0 PROW: 1 PBANK: 1 CYCLE: 12499
NORMAL PADDR: 0 VADDR: 0 PROW: 1 PBANK: 2 CYCLE: 12499
PNORMAL PADDR: 0 VADDR: 0 PROW: 1 PBANK: 2 CYCLE: 12499
NORMAL PADDR: 0 VADDR: 0 PROW: 1 PBANK: 3 CYCLE: 12499
PNORMAL PADDR: 0 VADDR: 0 PROW: 1 PBANK: 3 CYCLE: 12499
NORMAL PADDR: 0 VADDR: 0 PROW: 1 PBANK: 4 CYCLE: 12499
PNORMAL PADDR: 0 VADDR: 0 PROW: 1 PBANK: 4 CYCLE: 12499
NORMAL PADDR: 0 VADDR: 0 PROW: 1 PBANK: 5 CYCLE: 12499
PNORMAL PADDR: 0 VADDR: 0 PROW: 1 PBANK: 5 CYCLE: 12499
NORMAL PADDR: 0 VADDR: 0 PROW: 1 PBANK: 6 CYCLE: 12499
PNORMAL PADDR: 0 VADDR: 0 PROW: 1 PBANK: 6 CYCLE: 12499
NORMAL PADDR: 0 VADDR: 0 PROW: 1 PBANK: 7 CYCLE: 12499
PNORMAL PADDR: 0 VADDR: 0 PROW: 1 PBANK: 7 CYCLE: 12499
NORMAL PADDR: 0 VADDR: 0 PROW: 1 PBANK: 8 CYCLE: 12499
PNORMAL PADDR: 0 VADDR: 0 PROW: 1 PBANK: 8 CYCLE: 12499
NORMAL PADDR: 0 VADDR: 0 PROW: 1 PBANK: 9 CYCLE: 12499
PNORMAL PADDR: 0 VADDR: 0 PROW: 1 PBANK: 9 CYCLE: 12499
NORMAL PADDR: 0 VADDR: 0 PROW: 1 PBANK: a CYCLE: 12499
PNORMAL PADDR: 0 VADDR: 0 PROW: 1 PBANK: a CYCLE: 12499
NORMAL PADDR: 0 VADDR: 0 PROW: 1 PBANK: b CYCLE: 12499
PNORMAL PADDR: 0 VADDR: 0 PROW: 1 PBANK: b CYCLE: 12499
NORMAL PADDR: 0 VADDR: 0 PROW: 1 PBANK: c CYCLE: 12499
PNORMAL PADDR: 0 VADDR: 0 PROW: 1 PBANK: c CYCLE: 12499
NORMAL PADDR: 0 VADDR: 0 PROW: 1 PBANK: d CYCLE: 12499
PNORMAL PADDR: 0 VADDR: 0 PROW: 1 PBANK: d CYCLE: 12499
NORMAL PADDR: 0 VADDR: 0 PROW: 1 PBANK: e CYCLE: 12499
PNORMAL PADDR: 0 VADDR: 0 PROW: 1 PBANK: e CYCLE: 12499
NORMAL PADDR: 0 VADDR: 0 PROW: 1 PBANK: f CYCLE: 12499
PNORMAL PADDR: 127cb8 VADDR: 0 PROW: 4 PBANK: 8 CYCLE: 12298
NORMAL PADDR: 0 VADDR: 0 PROW: 0 PBANK: 0 CYCLE: 12499
PNORMAL PADDR: 0 VADDR: 0 PROW: 0 PBANK: 0 CYCLE: 12499
NORMAL PADDR: 0 VADDR: 0 PROW: 0 PBANK: 1 CYCLE: 12499
PNORMAL PADDR: 0 VADDR: 0 PROW: 0 PBANK: 1 CYCLE: 12499
NORMAL PADDR: 0 VADDR: 0 PROW: 0 PBANK: 2 CYCLE: 12499
PNORMAL PADDR: 0 VADDR: 0 PROW: 0 PBANK: 2 CYCLE: 12499
NORMAL PADDR: 0 VADDR: 0 PROW: 0 PBANK: 3 CYCLE: 12499
PNORMAL PADDR: 0 VADDR: 0 PROW: 0 PBANK: 3 CYCLE: 12499
NORMAL PADDR: 0 VADDR: 0 PROW: 0 PBANK: 4 CYCLE: 12499
PNORMAL PADDR: 0 VADDR: 0 PROW: 0 PBANK: 4 CYCLE: 12499
NORMAL PADDR: 0 VADDR: 0 PROW: 0 PBANK: 5 CYCLE: 12499
PNORMAL PADDR: 0 VADDR: 0 PROW: 0 PBANK: 5 CYCLE: 12499
NORMAL PADDR: 0 VADDR: 0 PROW: 0 PBANK: 6 CYCLE: 12499
PNORMAL PADDR: 0 VADDR: 0 PROW: 0 PBANK: 6 CYCLE: 12499
NORMAL PADDR: 0 VADDR: 0 PROW: 0 PBANK: 7 CYCLE: 12499
PNORMAL PADDR: 0 VADDR: 0 PROW: 0 PBANK: 7 CYCLE: 12499
NORMAL PADDR: 0 VADDR: 0 PROW: 0 PBANK: 8 CYCLE: 12499
PNORMAL PADDR: 0 VADDR: 0 PROW: 0 PBANK: 8 CYCLE: 12499
NORMAL PADDR: 0 VADDR: 0 PROW: 0 PBANK: 9 CYCLE: 12499
PNORMAL PADDR: 0 VADDR: 0 PROW: 0 PBANK: 9 CYCLE: 12499
NORMAL PADDR: 0 VADDR: 0 PROW: 0 PBANK: a CYCLE: 12499
PNORMAL PADDR: 0 VADDR: 0 PROW: 0 PBANK: a CYCLE: 12499
NORMAL PADDR: 0 VADDR: 0 PROW: 0 PBANK: b CYCLE: 12499
PNORMAL PADDR: 0 VADDR: 0 PROW: 0 PBANK: b CYCLE: 12499
NORMAL PADDR: 0 VADDR: 0 PROW: 0 PBANK: c CYCLE: 12499
PNORMAL PADDR: 0 VADDR: 0 PROW: 0 PBANK: c CYCLE: 12499
NORMAL PADDR: 0 VADDR: 0 PROW: 0 PBANK: d CYCLE: 12499
PNORMAL PADDR: 0 VADDR: 0 PROW: 0 PBANK: d CYCLE: 12499
NORMAL PADDR: 0 VADDR: 0 PROW: 0 PBANK: e CYCLE: 12499
PNORMAL PADDR: 0 VADDR: 0 PROW: 0 PBANK: e CYCLE: 12499
NORMAL PADDR: 0 VADDR: 0 PROW: 0 PBANK: f CYCLE: 12499
PNORMAL PADDR: 0 VADDR: 0 PROW: 0 PBANK: f CYCLE: 12499
NORMAL PADDR: 0 VADDR: 0 PROW: 1 PBANK: 0 CYCLE: 12499
PNORMAL PADDR: 0 VADDR: 0 PROW: 1 PBANK: 0 CYCLE: 12499
NORMAL PADDR: 0 VADDR: 0 PROW: 1 PBANK: 1 CYCLE: 12499
PNORMAL PADDR: 0 VADDR: 0 PROW: 1 PBANK: 1 CYCLE: 12499
NORMAL PADDR: 0 VADDR: 0 PROW: 1 PBANK: 2 CYCLE: 12499
PNORMAL PADDR: 0 VADDR: 0 PROW: 1 PBANK: 2 CYCLE: 12499
NORMAL PADDR: 0 VADDR: 0 PROW: 1 PBANK: 3 CYCLE: 12499
PNORMAL PADDR: 0 VADDR: 0 PROW: 1 PBANK: 3 CYCLE: 12499
NORMAL PADDR: 0 VADDR: 0 PROW: 1 PBANK: 4 CYCLE: 12499
PNORMAL PADDR: 0 VADDR: 0 PROW: 1 PBANK: 4 CYCLE: 12499
NORMAL PADDR: 0 VADDR: 0 PROW: 1 PBANK: 5 CYCLE: 12499
PNORMAL PADDR: 0 VADDR: 0 PROW: 1 PBANK: 5 CYCLE: 12499
NORMAL PADDR: 0 VADDR: 0 PROW: 1 PBANK: 6 CYCLE: 12499
PNORMAL PADDR: 0 VADDR: 0 PROW: 1 PBANK: 6 CYCLE: 12499
NORMAL PADDR: 0 VADDR: 0 PROW: 1 PBANK: 7 CYCLE: 12499
PNORMAL PADDR: 0 VADDR: 0 PROW: 1 PBANK: 7 CYCLE: 12499
NORMAL PADDR: 0 VADDR: 0 PROW: 1 PBANK: 8 CYCLE: 12499
PNORMAL PADDR: 0 VADDR: 0 PROW: 1 PBANK: 8 CYCLE: 12499
NORMAL PADDR: 0 VADDR: 0 PROW: 1 PBANK: 9 CYCLE: 12499
PNORMAL PADDR: 0 VADDR: 0 PROW: 1 PBANK: 9 CYCLE: 12499
NORMAL PADDR: 0 VADDR: 0 PROW: 1 PBANK: a CYCLE: 12499
PNORMAL PADDR: 0 VADDR: 0 PROW: 1 PBANK: a CYCLE: 12499
NORMAL PADDR: 0 VADDR: 0 PROW: 1 PBANK: b CYCLE: 12499
PNORMAL PADDR: 0 VADDR: 0 PROW: 1 PBANK: b CYCLE: 12499
NORMAL PADDR: 0 VADDR: 0 PROW: 1 PBANK: c CYCLE: 12499
PNORMAL PADDR: 0 VADDR: 0 PROW: 1 PBANK: c CYCLE: 12499
NORMAL PADDR: 0 VADDR: 0 PROW: 1 PBANK: d CYCLE: 12499
PNORMAL PADDR: 0 VADDR: 0 PROW: 1 PBANK: d CYCLE: 12499
NORMAL PADDR: 0 VADDR: 0 PROW: 1 PBANK: e CYCLE: 12499
PNORMAL PADDR: 0 VADDR: 0 PROW: 1 PBANK: e CYCLE: 12499
NORMAL PADDR: 0 VADDR: 0 PROW: 1 PBANK: f CYCLE: 12499
PNORMAL PADDR: 0 VADDR: 0 PROW: 3 PBANK: f CYCLE: 12499
NORMAL PADDR: 0 VADDR: 0 PROW: 0 PBANK: 0 CYCLE: 12499
PNORMAL PADDR: 0 VADDR: 0 PROW: 0 PBANK: 0 CYCLE: 12499
NORMAL PADDR: 0 VADDR: 0 PROW: 0 PBANK: 1 CYCLE: 12499
PNORMAL PADDR: 0 VADDR: 0 PROW: 0 PBANK: 1 CYCLE: 12499
NORMAL PADDR: 0 VADDR: 0 PROW: 0 PBANK: 2 CYCLE: 12499
PNORMAL PADDR: 0 VADDR: 0 PROW: 0 PBANK: 2 CYCLE: 12499
NORMAL PADDR: 0 VADDR: 0 PROW: 0 PBANK: 3 CYCLE: 12499
PNORMAL PADDR: 0 VADDR: 0 PROW: 0 PBANK: 3 CYCLE: 12499
NORMAL PADDR: 0 VADDR: 0 PROW: 0 PBANK: 4 CYCLE: 12499
PNORMAL PADDR: 0 VADDR: 0 PROW: 0 PBANK: 4 CYCLE: 12499
NORMAL PADDR: 0 VADDR: 0 PROW: 0 PBANK: 5 CYCLE: 12499
PNORMAL PADDR: 0 VADDR: 0 PROW: 0 PBANK: 5 CYCLE: 12499
NORMAL PADDR: 0 VADDR: 0 PROW: 0 PBANK: 6 CYCLE: 12499
PNORMAL PADDR: 0 VADDR: 0 PROW: 0 PBANK: 6 CYCLE: 12499
NORMAL PADDR: 0 VADDR: 0 PROW: 0 PBANK: 7 CYCLE: 12499
PNORMAL PADDR: 0 VADDR: 0 PROW: 0 PBANK: 7 CYCLE: 12499
NORMAL PADDR: 0 VADDR: 0 PROW: 0 PBANK: 8 CYCLE: 12499
PNORMAL PADDR: 0 VADDR: 0 PROW: 0 PBANK: 8 CYCLE: 12499
NORMAL PADDR: 0 VADDR: 0 PROW: 0 PBANK: 9 CYCLE: 12499
PNORMAL PADDR: 0 VADDR: 0 PROW: 0 PBANK: 9 CYCLE: 12499
NORMAL PADDR: 0 VADDR: 0 PROW: 0 PBANK: a CYCLE: 12499
PNORMAL PADDR: 0 VADDR: 0 PROW: 0 PBANK: a CYCLE: 12499
NORMAL PADDR: 0 VADDR: 0 PROW: 0 PBANK: b CYCLE: 12499
PNORMAL PADDR: 0 VADDR: 0 PROW: 0 PBANK: b CYCLE: 12499
NORMAL PADDR: 0 VADDR: 0 PROW: 0 PBANK: c CYCLE: 12499
PNORMAL PADDR: 0 VADDR: 0 PROW: 0 PBANK: c CYCLE: 12499
NORMAL PADDR: 0 VADDR: 0 PROW: 0 PBANK: d CYCLE: 12499
PNORMAL PADDR: 0 VADDR: 0 PROW: 0 PBANK: d CYCLE: 12499
NORMAL PADDR: 0 VADDR: 0 PROW: 0 PBANK: e CYCLE: 12499
PNORMAL PADDR: 0 VADDR: 0 PROW: 0 PBANK: e CYCLE: 12499
NORMAL PADDR: 0 VADDR: 0 PROW: 0 PBANK: f CYCLE: 12499
PNORMAL PADDR: 0 VADDR: 0 PROW: 0 PBANK: f CYCLE: 12499
NORMAL PADDR: 0 VADDR: 0 PROW: 1 PBANK: 0 CYCLE: 12499
PNORMAL PADDR: 0 VADDR: 0 PROW: 1 PBANK: 0 CYCLE: 12499
NORMAL PADDR: 0 VADDR: 0 PROW: 1 PBANK: 1 CYCLE: 12499
PNORMAL PADDR: 0 VADDR: 0 PROW: 1 PBANK: 1 CYCLE: 12499
NORMAL PADDR: 0 VADDR: 0 PROW: 1 PBANK: 2 CYCLE: 12499
PNORMAL PADDR: 0 VADDR: 0 PROW: 1 PBANK: 2 CYCLE: 12499
NORMAL PADDR: 0 VADDR: 0 PROW: 1 PBANK: 3 CYCLE: 12499
PNORMAL PADDR: 0 VADDR: 0 PROW: 1 PBANK: 3 CYCLE: 12499
NORMAL PADDR: 0 VADDR: 0 PROW: 1 PBANK: 4 CYCLE: 12499
PNORMAL PADDR: 0 VADDR: 0 PROW: 1 PBANK: 4 CYCLE: 12499
NORMAL PADDR: 0 VADDR: 0 PROW: 1 PBANK: 5 CYCLE: 12499
PNORMAL PADDR: 0 VADDR: 0 PROW: 1 PBANK: 5 CYCLE: 12499
NORMAL PADDR: 0 VADDR: 0 PROW: 1 PBANK: 6 CYCLE: 12499
PNORMAL PADDR: 0 VADDR: 0 PROW: 1 PBANK: 6 CYCLE: 12499
NORMAL PADDR: 0 VADDR: 0 PROW: 1 PBANK: 7 CYCLE: 12499
PNORMAL PADDR: 0 VADDR: 0 PROW: 1 PBANK: 7 CYCLE: 12499
NORMAL PADDR: 0 VADDR: 0 PROW: 1 PBANK: 8 CYCLE: 12499
PNORMAL PADDR: 0 VADDR: 0 PROW: 1 PBANK: 8 CYCLE: 12499
NORMAL PADDR: 0 VADDR: 0 PROW: 1 PBANK: 9 CYCLE: 12499
PNORMAL PADDR: 0 VADDR: 0 PROW: 1 PBANK: 9 CYCLE: 12499
NORMAL PADDR: 0 VADDR: 0 PROW: 1 PBANK: a CYCLE: 12499
PNORMAL PADDR: 0 VADDR: 0 PROW: 1 PBANK: a CYCLE: 12499
NORMAL PADDR: 0 VADDR: 0 PROW: 1 PBANK: b CYCLE: 12499
PNORMAL PADDR: 0 VADDR: 0 PROW: 1 PBANK: b CYCLE: 12499
NORMAL PADDR: 0 VADDR: 0 PROW: 1 PBANK: c CYCLE: 12499
PNORMAL PADDR: 0 VADDR: 0 PROW: 1 PBANK: c CYCLE: 12499
NORMAL PADDR: 0 VADDR: 0 PROW: 1 PBANK: d CYCLE: 12499
PNORMAL PADDR: 0 VADDR: 0 PROW: 1 PBANK: d CYCLE: 12499
NORMAL PADDR: 0 VADDR: 0 PROW: 1 PBANK: e CYCLE: 12499
PNORMAL PADDR: 0 VADDR: 0 PROW: 1 PBANK: e CYCLE: 12499
NORMAL PADDR: 0 VADDR: 0 PROW: 1 PBANK: f CYCLE: 12499
PNORMAL PADDR: 127cb8 VADDR: 0 PROW: 4 PBANK: 8 CYCLE: 12298
NORMAL PADDR: 0 VADDR: 0 PROW: 0 PBANK: 0 CYCLE: 12499
PNORMAL PADDR: 0 VADDR: 0 PROW: 0 PBANK: 0 CYCLE: 12499
NORMAL PADDR: 0 VADDR: 0 PROW: 0 PBANK: 1 CYCLE: 12499
PNORMAL PADDR: 0 VADDR: 0 PROW: 0 PBANK: 1 CYCLE: 12499
NORMAL PADDR: 0 VADDR: 0 PROW: 0 PBANK: 2 CYCLE: 12499
PNORMAL PADDR: 0 VADDR: 0 PROW: 0 PBANK: 2 CYCLE: 12499
NORMAL PADDR: 0 VADDR: 0 PROW: 0 PBANK: 3 CYCLE: 12499
PNORMAL PADDR: 0 VADDR: 0 PROW: 0 PBANK: 3 CYCLE: 12499
NORMAL PADDR: 0 VADDR: 0 PROW: 0 PBANK: 4 CYCLE: 12499
PNORMAL PADDR: 0 VADDR: 0 PROW: 0 PBANK: 4 CYCLE: 12499
NORMAL PADDR: 0 VADDR: 0 PROW: 0 PBANK: 5 CYCLE: 12499
PNORMAL PADDR: 0 VADDR: 0 PROW: 0 PBANK: 5 CYCLE: 12499
NORMAL PADDR: 0 VADDR: 0 PROW: 0 PBANK: 6 CYCLE: 12499
PNORMAL PADDR: 0 VADDR: 0 PROW: 0 PBANK: 6 CYCLE: 12499
NORMAL PADDR: 0 VADDR: 0 PROW: 0 PBANK: 7 CYCLE: 12499
PNORMAL PADDR: 0 VADDR: 0 PROW: 0 PBANK: 7 CYCLE: 12499
NORMAL PADDR: 0 VADDR: 0 PROW: 0 PBANK: 8 CYCLE: 12499
PNORMAL PADDR: 0 VADDR: 0 PROW: 0 PBANK: 8 CYCLE: 12499
NORMAL PADDR: 0 VADDR: 0 PROW: 0 PBANK: 9 CYCLE: 12499
PNORMAL PADDR: 0 VADDR: 0 PROW: 0 PBANK: 9 CYCLE: 12499
NORMAL PADDR: 0 VADDR: 0 PROW: 0 PBANK: a CYCLE: 12499
PNORMAL PADDR: 0 VADDR: 0 PROW: 0 PBANK: a CYCLE: 12499
NORMAL PADDR: 0 VADDR: 0 PROW: 0 PBANK: b CYCLE: 12499
PNORMAL PADDR: 0 VADDR: 0 PROW: 0 PBANK: b CYCLE: 12499
NORMAL PADDR: 0 VADDR: 0 PROW: 0 PBANK: c CYCLE: 12499
PNORMAL PADDR: 0 VADDR: 0 PROW: 0 PBANK: c CYCLE: 12499
NORMAL PADDR: 0 VADDR: 0 PROW: 0 PBANK: d CYCLE: 12499
PNORMAL PADDR: 0 VADDR: 0 PROW: 0 PBANK: d CYCLE: 12499
NORMAL PADDR: 0 VADDR: 0 PROW: 0 PBANK: e CYCLE: 12499
PNORMAL PADDR: 0 VADDR: 0 PROW: 0 PBANK: e CYCLE: 12499
NORMAL PADDR: 0 VADDR: 0 PROW: 0 PBANK: f CYCLE: 12499
PNORMAL PADDR: 0 VADDR: 0 PROW: 0 PBANK: f CYCLE: 12499
NORMAL PADDR: 0 VADDR: 0 PROW: 1 PBANK: 0 CYCLE: 12499
PNORMAL PADDR: 0 VADDR: 0 PROW: 1 PBANK: 0 CYCLE: 12499
NORMAL PADDR: 0 VADDR: 0 PROW: 1 PBANK: 1 CYCLE: 12499
PNORMAL PADDR: 0 VADDR: 0 PROW: 1 PBANK: 1 CYCLE: 12499
NORMAL PADDR: 0 VADDR: 0 PROW: 1 PBANK: 2 CYCLE: 12499
PNORMAL PADDR: 0 VADDR: 0 PROW: 1 PBANK: 2 CYCLE: 12499
NORMAL PADDR: 0 VADDR: 0 PROW: 1 PBANK: 3 CYCLE: 12499
PNORMAL PADDR: 0 VADDR: 0 PROW: 1 PBANK: 3 CYCLE: 12499
NORMAL PADDR: 0 VADDR: 0 PROW: 1 PBANK: 4 CYCLE: 12499
PNORMAL PADDR: 0 VADDR: 0 PROW: 1 PBANK: 4 CYCLE: 12499
NORMAL PADDR: 0 VADDR: 0 PROW: 1 PBANK: 5 CYCLE: 12499
PNORMAL PADDR: 0 VADDR: 0 PROW: 1 PBANK: 5 CYCLE: 12499
NORMAL PADDR: 0 VADDR: 0 PROW: 1 PBANK: 6 CYCLE: 12499
PNORMAL PADDR: 0 VADDR: 0 PROW: 1 PBANK: 6 CYCLE: 12499
NORMAL PADDR: 0 VADDR: 0 PROW: 1 PBANK: 7 CYCLE: 12499
PNORMAL PADDR: 0 VADDR: 0 PROW: 1 PBANK: 7 CYCLE: 12499
NORMAL PADDR: 0 VADDR: 0 PROW: 1 PBANK: 8 CYCLE: 12499
PNORMAL PADDR: 0 VADDR: 0 PROW: 1 PBANK: 8 CYCLE: 12499
NORMAL PADDR: 0 VADDR: 0 PROW: 1 PBANK: 9 CYCLE: 12499
PNORMAL PADDR: 0 VADDR: 0 PROW: 1 PBANK: 9 CYCLE: 12499
NORMAL PADDR: 0 VADDR: 0 PROW: 1 PBANK: a CYCLE: 12499
PNORMAL PADDR: 0 VADDR: 0 PROW: 1 PBANK: a CYCLE: 12499
NORMAL PADDR: 0 VADDR: 0 PROW: 1 PBANK: b CYCLE: 12499
PNORMAL PADDR: 0 VADDR: 0 PROW: 1 PBANK: b CYCLE: 12499
NORMAL PADDR: 0 VADDR: 0 PROW: 1 PBANK: c CYCLE: 12499
PNORMAL PADDR: 0 VADDR: 0 PROW: 1 PBANK: c CYCLE: 12499
NORMAL PADDR: 0 VADDR: 0 PROW: 1 PBANK: d CYCLE: 12499
PNORMAL PADDR: 0 VADDR: 0 PROW: 1 PBANK: d CYCLE: 12499
NORMAL PADDR: 0 VADDR: 0 PROW: 1 PBANK: e CYCLE: 12499
PNORMAL PADDR: 0 VADDR: 0 PROW: 1 PBANK: e CYCLE: 12499
NORMAL PADDR: 0 VADDR: 0 PROW: 1 PBANK: f CYCLE: 12499
PNORMAL PADDR: 0 VADDR: 0 PROW: 3 PBANK: f CYCLE: 12499
NORMAL PADDR: 0 VADDR: 0 PROW: 0 PBANK: 0 CYCLE: 12499
PNORMAL PADDR: 0 VADDR: 0 PROW: 0 PBANK: 0 CYCLE: 12499
NORMAL PADDR: 0 VADDR: 0 PROW: 0 PBANK: 1 CYCLE: 12499
PNORMAL PADDR: 0 VADDR: 0 PROW: 0 PBANK: 1 CYCLE: 12499
NORMAL PADDR: 0 VADDR: 0 PROW: 0 PBANK: 2 CYCLE: 12499
PNORMAL PADDR: 0 VADDR: 0 PROW: 0 PBANK: 2 CYCLE: 12499
NORMAL PADDR: 0 VADDR: 0 PROW: 0 PBANK: 3 CYCLE: 12499
PNORMAL PADDR: 0 VADDR: 0 PROW: 0 PBANK: 3 CYCLE: 12499
NORMAL PADDR: 0 VADDR: 0 PROW: 0 PBANK: 4 CYCLE: 12499
PNORMAL PADDR: 0 VADDR: 0 PROW: 0 PBANK: 4 CYCLE: 12499
NORMAL PADDR: 0 VADDR: 0 PROW: 0 PBANK: 5 CYCLE: 12499
PNORMAL PADDR: 0 VADDR: 0 PROW: 0 PBANK: 5 CYCLE: 12499
NORMAL PADDR: 0 VADDR: 0 PROW: 0 PBANK: 6 CYCLE: 12499
PNORMAL PADDR: 0 VADDR: 0 PROW: 0 PBANK: 6 CYCLE: 12499
NORMAL PADDR: 0 VADDR: 0 PROW: 0 PBANK: 7 CYCLE: 12499
PNORMAL PADDR: 0 VADDR: 0 PROW: 0 PBANK: 7 CYCLE: 12499
NORMAL PADDR: 0 VADDR: 0 PROW: 0 PBANK: 8 CYCLE: 12499
PNORMAL PADDR: 0 VADDR: 0 PROW: 0 PBANK: 8 CYCLE: 12499
NORMAL PADDR: 0 VADDR: 0 PROW: 0 PBANK: 9 CYCLE: 12499
PNORMAL PADDR: 0 VADDR: 0 PROW: 0 PBANK: 9 CYCLE: 12499
NORMAL PADDR: 0 VADDR: 0 PROW: 0 PBANK: a CYCLE: 12499
PNORMAL PADDR: 0 VADDR: 0 PROW: 0 PBANK: a CYCLE: 12499
NORMAL PADDR: 0 VADDR: 0 PROW: 0 PBANK: b CYCLE: 12499
PNORMAL PADDR: 0 VADDR: 0 PROW: 0 PBANK: b CYCLE: 12499
NORMAL PADDR: 0 VADDR: 0 PROW: 0 PBANK: c CYCLE: 12499
PNORMAL PADDR: 0 VADDR: 0 PROW: 0 PBANK: c CYCLE: 12499
NORMAL PADDR: 0 VADDR: 0 PROW: 0 PBANK: d CYCLE: 12499
PNORMAL PADDR: 0 VADDR: 0 PROW: 0 PBANK: d CYCLE: 12499
NORMAL PADDR: 0 VADDR: 0 PROW: 0 PBANK: e CYCLE: 12499
PNORMAL PADDR: 0 VADDR: 0 PROW: 0 PBANK: e CYCLE: 12499
NORMAL PADDR: 0 VADDR: 0 PROW: 0 PBANK: f CYCLE: 12499
PNORMAL PADDR: 0 VADDR: 0 PROW: 0 PBANK: f CYCLE: 12499
NORMAL PADDR: 0 VADDR: 0 PROW: 1 PBANK: 0 CYCLE: 12499
PNORMAL PADDR: 0 VADDR: 0 PROW: 1 PBANK: 0 CYCLE: 12499
NORMAL PADDR: 0 VADDR: 0 PROW: 1 PBANK: 1 CYCLE: 12499
PNORMAL PADDR: 0 VADDR: 0 PROW: 1 PBANK: 1 CYCLE: 12499
NORMAL PADDR: 0 VADDR: 0 PROW: 1 PBANK: 2 CYCLE: 12499
PNORMAL PADDR: 0 VADDR: 0 PROW: 1 PBANK: 2 CYCLE: 12499
NORMAL PADDR: 0 VADDR: 0 PROW: 1 PBANK: 3 CYCLE: 12499
PNORMAL PADDR: 0 VADDR: 0 PROW: 1 PBANK: 3 CYCLE: 12499
NORMAL PADDR: 0 VADDR: 0 PROW: 1 PBANK: 4 CYCLE: 12499
PNORMAL PADDR: 0 VADDR: 0 PROW: 1 PBANK: 4 CYCLE: 12499
NORMAL PADDR: 0 VADDR: 0 PROW: 1 PBANK: 5 CYCLE: 12499
PNORMAL PADDR: 0 VADDR: 0 PROW: 1 PBANK: 5 CYCLE: 12499
NORMAL PADDR: 0 VADDR: 0 PROW: 1 PBANK: 6 CYCLE: 12499
PNORMAL PADDR: 0 VADDR: 0 PROW: 1 PBANK: 6 CYCLE: 12499
NORMAL PADDR: 0 VADDR: 0 PROW: 1 PBANK: 7 CYCLE: 12499
PNORMAL PADDR: 0 VADDR: 0 PROW: 1 PBANK: 7 CYCLE: 12499
NORMAL PADDR: 0 VADDR: 0 PROW: 1 PBANK: 8 CYCLE: 12499
PNORMAL PADDR: 0 VADDR: 0 PROW: 1 PBANK: 8 CYCLE: 12499
NORMAL PADDR: 0 VADDR: 0 PROW: 1 PBANK: 9 CYCLE: 12499
PNORMAL PADDR: 0 VADDR: 0 PROW: 1 PBANK: 9 CYCLE: 12499
NORMAL PADDR: 0 VADDR: 0 PROW: 1 PBANK: a CYCLE: 12499
PNORMAL PADDR: 0 VADDR: 0 PROW: 1 PBANK: a CYCLE: 12499
NORMAL PADDR: 0 VADDR: 0 PROW: 1 PBANK: b CYCLE: 12499
PNORMAL PADDR: 0 VADDR: 0 PROW: 1 PBANK: b CYCLE: 12499
NORMAL PADDR: 0 VADDR: 0 PROW: 1 PBANK: c CYCLE: 12499
PNORMAL PADDR: 0 VADDR: 0 PROW: 1 PBANK: c CYCLE: 12499
NORMAL PADDR: 0 VADDR: 0 PROW: 1 PBANK: d CYCLE: 12499
PNORMAL PADDR: 0 VADDR: 0 PROW: 1 PBANK: d CYCLE: 12499
NORMAL PADDR: 0 VADDR: 0 PROW: 1 PBANK: e CYCLE: 12499
PNORMAL PADDR: 0 VADDR: 0 PROW: 1 PBANK: e CYCLE: 12499
NORMAL PADDR: 0 VADDR: 0 PROW: 1 PBANK: f CYCLE: 12499
PNORMAL PADDR: 127cb8 VADDR: 0 PROW: 20 PBANK: 4 CYCLE: 12298
NORMAL PADDR: 0 VADDR: 0 PROW: 0 PBANK: 0 CYCLE: 12499
PNORMAL PADDR: 0 VADDR: 0 PROW: 0 PBANK: 0 CYCLE: 12499
NORMAL PADDR: 0 VADDR: 0 PROW: 0 PBANK: 1 CYCLE: 12499
PNORMAL PADDR: 0 VADDR: 0 PROW: 0 PBANK: 1 CYCLE: 12499
NORMAL PADDR: 0 VADDR: 0 PROW: 0 PBANK: 2 CYCLE: 12499
PNORMAL PADDR: 0 VADDR: 0 PROW: 0 PBANK: 2 CYCLE: 12499
NORMAL PADDR: 0 VADDR: 0 PROW: 0 PBANK: 3 CYCLE: 12499
PNORMAL PADDR: 0 VADDR: 0 PROW: 0 PBANK: 3 CYCLE: 12499
NORMAL PADDR: 0 VADDR: 0 PROW: 0 PBANK: 4 CYCLE: 12499
PNORMAL PADDR: 0 VADDR: 0 PROW: 0 PBANK: 4 CYCLE: 12499
NORMAL PADDR: 0 VADDR: 0 PROW: 0 PBANK: 5 CYCLE: 12499
PNORMAL PADDR: 0 VADDR: 0 PROW: 0 PBANK: 5 CYCLE: 12499
NORMAL PADDR: 0 VADDR: 0 PROW: 0 PBANK: 6 CYCLE: 12499
PNORMAL PADDR: 0 VADDR: 0 PROW: 0 PBANK: 6 CYCLE: 12499
NORMAL PADDR: 0 VADDR: 0 PROW: 0 PBANK: 7 CYCLE: 12499
PNORMAL PADDR: 0 VADDR: 0 PROW: 0 PBANK: 7 CYCLE: 12499
NORMAL PADDR: 0 VADDR: 0 PROW: 0 PBANK: 8 CYCLE: 12499
PNORMAL PADDR: 0 VADDR: 0 PROW: 0 PBANK: 8 CYCLE: 12499
NORMAL PADDR: 0 VADDR: 0 PROW: 0 PBANK: 9 CYCLE: 12499
PNORMAL PADDR: 0 VADDR: 0 PROW: 0 PBANK: 9 CYCLE: 12499
NORMAL PADDR: 0 VADDR: 0 PROW: 0 PBANK: a CYCLE: 12499
PNORMAL PADDR: 0 VADDR: 0 PROW: 0 PBANK: a CYCLE: 12499
NORMAL PADDR: 0 VADDR: 0 PROW: 0 PBANK: b CYCLE: 12499
PNORMAL PADDR: 0 VADDR: 0 PROW: 0 PBANK: b CYCLE: 12499
NORMAL PADDR: 0 VADDR: 0 PROW: 0 PBANK: c CYCLE: 12499
PNORMAL PADDR: 0 VADDR: 0 PROW: 0 PBANK: c CYCLE: 12499
NORMAL PADDR: 0 VADDR: 0 PROW: 0 PBANK: d CYCLE: 12499
PNORMAL PADDR: 0 VADDR: 0 PROW: 0 PBANK: d CYCLE: 12499
NORMAL PADDR: 0 VADDR: 0 PROW: 0 PBANK: e CYCLE: 12499
PNORMAL PADDR: 0 VADDR: 0 PROW: 0 PBANK: e CYCLE: 12499
NORMAL PADDR: 0 VADDR: 0 PROW: 0 PBANK: f CYCLE: 12499
PNORMAL PADDR: 0 VADDR: 0 PROW: 0 PBANK: f CYCLE: 12499
NORMAL PADDR: 0 VADDR: 0 PROW: 1 PBANK: 0 CYCLE: 12499
PNORMAL PADDR: 0 VADDR: 0 PROW: 1 PBANK: 0 CYCLE: 12499
NORMAL PADDR: 0 VADDR: 0 PROW: 1 PBANK: 1 CYCLE: 12499
PNORMAL PADDR: 0 VADDR: 0 PROW: 1 PBANK: 1 CYCLE: 12499
NORMAL PADDR: 0 VADDR: 0 PROW: 1 PBANK: 2 CYCLE: 12499
PNORMAL PADDR: 0 VADDR: 0 PROW: 1 PBANK: 2 CYCLE: 12499
NORMAL PADDR: 0 VADDR: 0 PROW: 1 PBANK: 3 CYCLE: 12499
PNORMAL PADDR: 0 VADDR: 0 PROW: 1 PBANK: 3 CYCLE: 12499
NORMAL PADDR: 0 VADDR: 0 PROW: 1 PBANK: 4 CYCLE: 12499
PNORMAL PADDR: 0 VADDR: 0 PROW: 1 PBANK: 4 CYCLE: 12499
NORMAL PADDR: 0 VADDR: 0 PROW: 1 PBANK: 5 CYCLE: 12499
PNORMAL PADDR: 0 VADDR: 0 PROW: 1 PBANK: 5 CYCLE: 12499
NORMAL PADDR: 0 VADDR: 0 PROW: 1 PBANK: 6 CYCLE: 12499
PNORMAL PADDR: 0 VADDR: 0 PROW: 1 PBANK: 6 CYCLE: 12499
NORMAL PADDR: 0 VADDR: 0 PROW: 1 PBANK: 7 CYCLE: 12499
PNORMAL PADDR: 0 VADDR: 0 PROW: 1 PBANK: 7 CYCLE: 12499
NORMAL PADDR: 0 VADDR: 0 PROW: 1 PBANK: 8 CYCLE: 12499
PNORMAL PADDR: 0 VADDR: 0 PROW: 1 PBANK: 8 CYCLE: 12499
NORMAL PADDR: 0 VADDR: 0 PROW: 1 PBANK: 9 CYCLE: 12499
PNORMAL PADDR: 0 VADDR: 0 PROW: 1 PBANK: 9 CYCLE: 12499
NORMAL PADDR: 0 VADDR: 0 PROW: 1 PBANK: a CYCLE: 12499
PNORMAL PADDR: 0 VADDR: 0 PROW: 1 PBANK: a CYCLE: 12499
NORMAL PADDR: 0 VADDR: 0 PROW: 1 PBANK: b CYCLE: 12499
PNORMAL PADDR: 0 VADDR: 0 PROW: 1 PBANK: b CYCLE: 12499
NORMAL PADDR: 0 VADDR: 0 PROW: 1 PBANK: c CYCLE: 12499
PNORMAL PADDR: 0 VADDR: 0 PROW: 1 PBANK: c CYCLE: 12499
NORMAL PADDR: 0 VADDR: 0 PROW: 1 PBANK: d CYCLE: 12499
PNORMAL PADDR: 0 VADDR: 0 PROW: 1 PBANK: d CYCLE: 12499
NORMAL PADDR: 0 VADDR: 0 PROW: 1 PBANK: e CYCLE: 12499
PNORMAL PADDR: 0 VADDR: 0 PROW: 1 PBANK: e CYCLE: 12499
NORMAL PADDR: 0 VADDR: 0 PROW: 1 PBANK: f CYCLE: 12499
PNORMAL PADDR: 0 VADDR: 0 PROW: 3 PBANK: f CYCLE: 12499
NORMAL PADDR: 0 VADDR: 0 PROW: 0 PBANK: 0 CYCLE: 12499
PNORMAL PADDR: 0 VADDR: 0 PROW: 0 PBANK: 0 CYCLE: 12499
NORMAL PADDR: 0 VADDR: 0 PROW: 0 PBANK: 1 CYCLE: 12499
PNORMAL PADDR: 0 VADDR: 0 PROW: 0 PBANK: 1 CYCLE: 12499
NORMAL PADDR: 0 VADDR: 0 PROW: 0 PBANK: 2 CYCLE: 12499
PNORMAL PADDR: 0 VADDR: 0 PROW: 0 PBANK: 2 CYCLE: 12499
NORMAL PADDR: 0 VADDR: 0 PROW: 0 PBANK: 3 CYCLE: 12499
PNORMAL PADDR: 0 VADDR: 0 PROW: 0 PBANK: 3 CYCLE: 12499
NORMAL PADDR: 0 VADDR: 0 PROW: 0 PBANK: 4 CYCLE: 12499
PNORMAL PADDR: 0 VADDR: 0 PROW: 0 PBANK: 4 CYCLE: 12499
NORMAL PADDR: 0 VADDR: 0 PROW: 0 PBANK: 5 CYCLE: 12499
PNORMAL PADDR: 0 VADDR: 0 PROW: 0 PBANK: 5 CYCLE: 12499
NORMAL PADDR: 0 VADDR: 0 PROW: 0 PBANK: 6 CYCLE: 12499
PNORMAL PADDR: 0 VADDR: 0 PROW: 0 PBANK: 6 CYCLE: 12499
NORMAL PADDR: 0 VADDR: 0 PROW: 0 PBANK: 7 CYCLE: 12499
PNORMAL PADDR: 0 VADDR: 0 PROW: 0 PBANK: 7 CYCLE: 12499
NORMAL PADDR: 0 VADDR: 0 PROW: 0 PBANK: 8 CYCLE: 12499
PNORMAL PADDR: 0 VADDR: 0 PROW: 0 PBANK: 8 CYCLE: 12499
NORMAL PADDR: 0 VADDR: 0 PROW: 0 PBANK: 9 CYCLE: 12499
PNORMAL PADDR: 0 VADDR: 0 PROW: 0 PBANK: 9 CYCLE: 12499
NORMAL PADDR: 0 VADDR: 0 PROW: 0 PBANK: a CYCLE: 12499
PNORMAL PADDR: 0 VADDR: 0 PROW: 0 PBANK: a CYCLE: 12499
NORMAL PADDR: 0 VADDR: 0 PROW: 0 PBANK: b CYCLE: 12499
PNORMAL PADDR: 0 VADDR: 0 PROW: 0 PBANK: b CYCLE: 12499
NORMAL PADDR: 0 VADDR: 0 PROW: 0 PBANK: c CYCLE: 12499
PNORMAL PADDR: 0 VADDR: 0 PROW: 0 PBANK: c CYCLE: 12499
NORMAL PADDR: 0 VADDR: 0 PROW: 0 PBANK: d CYCLE: 12499
PNORMAL PADDR: 0 VADDR: 0 PROW: 0 PBANK: d CYCLE: 12499
NORMAL PADDR: 0 VADDR: 0 PROW: 0 PBANK: e CYCLE: 12499
PNORMAL PADDR: 0 VADDR: 0 PROW: 0 PBANK: e CYCLE: 12499
NORMAL PADDR: 0 VADDR: 0 PROW: 0 PBANK: f CYCLE: 12499
PNORMAL PADDR: 0 VADDR: 0 PROW: 0 PBANK: f CYCLE: 12499
NORMAL PADDR: 0 VADDR: 0 PROW: 1 PBANK: 0 CYCLE: 12499
PNORMAL PADDR: 0 VADDR: 0 PROW: 1 PBANK: 0 CYCLE: 12499
NORMAL PADDR: 0 VADDR: 0 PROW: 1 PBANK: 1 CYCLE: 12499
PNORMAL PADDR: 0 VADDR: 0 PROW: 1 PBANK: 1 CYCLE: 12499
NORMAL PADDR: 0 VADDR: 0 PROW: 1 PBANK: 2 CYCLE: 12499
PNORMAL PADDR: 0 VADDR: 0 PROW: 1 PBANK: 2 CYCLE: 12499
NORMAL PADDR: 0 VADDR: 0 PROW: 1 PBANK: 3 CYCLE: 12499
PNORMAL PADDR: 0 VADDR: 0 PROW: 1 PBANK: 3 CYCLE: 12499
NORMAL PADDR: 0 VADDR: 0 PROW: 1 PBANK: 4 CYCLE: 12499
PNORMAL PADDR: 0 VADDR: 0 PROW: 1 PBANK: 4 CYCLE: 12499
NORMAL PADDR: 0 VADDR: 0 PROW: 1 PBANK: 5 CYCLE: 12499
PNORMAL PADDR: 0 VADDR: 0 PROW: 1 PBANK: 5 CYCLE: 12499
NORMAL PADDR: 0 VADDR: 0 PROW: 1 PBANK: 6 CYCLE: 12499
PNORMAL PADDR: 0 VADDR: 0 PROW: 1 PBANK: 6 CYCLE: 12499
NORMAL PADDR: 0 VADDR: 0 PROW: 1 PBANK: 7 CYCLE: 12499
PNORMAL PADDR: 0 VADDR: 0 PROW: 1 PBANK: 7 CYCLE: 12499
NORMAL PADDR: 0 VADDR: 0 PROW: 1 PBANK: 8 CYCLE: 12499
PNORMAL PADDR: 0 VADDR: 0 PROW: 1 PBANK: 8 CYCLE: 12499
NORMAL PADDR: 0 VADDR: 0 PROW: 1 PBANK: 9 CYCLE: 12499
PNORMAL PADDR: 0 VADDR: 0 PROW: 1 PBANK: 9 CYCLE: 12499
NORMAL PADDR: 0 VADDR: 0 PROW: 1 PBANK: a CYCLE: 12499
PNORMAL PADDR: 0 VADDR: 0 PROW: 1 PBANK: a CYCLE: 12499
NORMAL PADDR: 0 VADDR: 0 PROW: 1 PBANK: b CYCLE: 12499
PNORMAL PADDR: 0 VADDR: 0 PROW: 1 PBANK: b CYCLE: 12499
NORMAL PADDR: 0 VADDR: 0 PROW: 1 PBANK: c CYCLE: 12499
PNORMAL PADDR: 0 VADDR: 0 PROW: 1 PBANK: c CYCLE: 12499
NORMAL PADDR: 0 VADDR: 0 PROW: 1 PBANK: d CYCLE: 12499
PNORMAL PADDR: 0 VADDR: 0 PROW: 1 PBANK: d CYCLE: 12499
NORMAL PADDR: 0 VADDR: 0 PROW: 1 PBANK: e CYCLE: 12499
PNORMAL PADDR: 0 VADDR: 0 PROW: 1 PBANK: e CYCLE: 12499
NORMAL PADDR: 0 VADDR: 0 PROW: 1 PBANK: f CYCLE: 12499
PNORMAL PADDR: 127cb8 VADDR: 0 PROW: 4 PBANK: 8 CYCLE: 12298
NORMAL PADDR: 0 VADDR: 0 PROW: 0 PBANK: 0 CYCLE: 12499
PNORMAL PADDR: 0 VADDR: 0 PROW: 0 PBANK: 0 CYCLE: 12499
NORMAL PADDR: 0 VADDR: 0 PROW: 0 PBANK: 1 CYCLE: 12499
PNORMAL PADDR: 0 VADDR: 0 PROW: 0 PBANK: 1 CYCLE: 12499
NORMAL PADDR: 0 VADDR: 0 PROW: 0 PBANK: 2 CYCLE: 12499
PNORMAL PADDR: 0 VADDR: 0 PROW: 0 PBANK: 2 CYCLE: 12499
NORMAL PADDR: 0 VADDR: 0 PROW: 0 PBANK: 3 CYCLE: 12499
PNORMAL PADDR: 0 VADDR: 0 PROW: 0 PBANK: 3 CYCLE: 12499
NORMAL PADDR: 0 VADDR: 0 PROW: 0 PBANK: 4 CYCLE: 12499
PNORMAL PADDR: 0 VADDR: 0 PROW: 0 PBANK: 4 CYCLE: 12499
NORMAL PADDR: 0 VADDR: 0 PROW: 0 PBANK: 5 CYCLE: 12499
PNORMAL PADDR: 0 VADDR: 0 PROW: 0 PBANK: 5 CYCLE: 12499
NORMAL PADDR: 0 VADDR: 0 PROW: 0 PBANK: 6 CYCLE: 12499
PNORMAL PADDR: 0 VADDR: 0 PROW: 0 PBANK: 6 CYCLE: 12499
NORMAL PADDR: 0 VADDR: 0 PROW: 0 PBANK: 7 CYCLE: 12499
PNORMAL PADDR: 0 VADDR: 0 PROW: 0 PBANK: 7 CYCLE: 12499
NORMAL PADDR: 0 VADDR: 0 PROW: 0 PBANK: 8 CYCLE: 12499
PNORMAL PADDR: 0 VADDR: 0 PROW: 0 PBANK: 8 CYCLE: 12499
NORMAL PADDR: 0 VADDR: 0 PROW: 0 PBANK: 9 CYCLE: 12499
PNORMAL PADDR: 0 VADDR: 0 PROW: 0 PBANK: 9 CYCLE: 12499
NORMAL PADDR: 0 VADDR: 0 PROW: 0 PBANK: a CYCLE: 12499
PNORMAL PADDR: 0 VADDR: 0 PROW: 0 PBANK: a CYCLE: 12499
NORMAL PADDR: 0 VADDR: 0 PROW: 0 PBANK: b CYCLE: 12499
PNORMAL PADDR: 0 VADDR: 0 PROW: 0 PBANK: b CYCLE: 12499
NORMAL PADDR: 0 VADDR: 0 PROW: 0 PBANK: c CYCLE: 12499
PNORMAL PADDR: 0 VADDR: 0 PROW: 0 PBANK: c CYCLE: 12499
NORMAL PADDR: 0 VADDR: 0 PROW: 0 PBANK: d CYCLE: 12499
PNORMAL PADDR: 0 VADDR: 0 PROW: 0 PBANK: d CYCLE: 12499
NORMAL PADDR: 0 VADDR: 0 PROW: 0 PBANK: e CYCLE: 12499
PNORMAL PADDR: 0 VADDR: 0 PROW: 0 PBANK: e CYCLE: 12499
NORMAL PADDR: 0 VADDR: 0 PROW: 0 PBANK: f CYCLE: 12499
PNORMAL PADDR: 0 VADDR: 0 PROW: 0 PBANK: f CYCLE: 12499
NORMAL PADDR: 0 VADDR: 0 PROW: 1 PBANK: 0 CYCLE: 12499
PNORMAL PADDR: 0 VADDR: 0 PROW: 1 PBANK: 0 CYCLE: 12499
NORMAL PADDR: 0 VADDR: 0 PROW: 1 PBANK: 1 CYCLE: 12499
PNORMAL PADDR: 0 VADDR: 0 PROW: 1 PBANK: 1 CYCLE: 12499
NORMAL PADDR: 0 VADDR: 0 PROW: 1 PBANK: 2 CYCLE: 12499
PNORMAL PADDR: 0 VADDR: 0 PROW: 1 PBANK: 2 CYCLE: 12499
NORMAL PADDR: 0 VADDR: 0 PROW: 1 PBANK: 3 CYCLE: 12499
PNORMAL PADDR: 0 VADDR: 0 PROW: 1 PBANK: 3 CYCLE: 12499
NORMAL PADDR: 0 VADDR: 0 PROW: 1 PBANK: 4 CYCLE: 12499
PNORMAL PADDR: 0 VADDR: 0 PROW: 1 PBANK: 4 CYCLE: 12499
NORMAL PADDR: 0 VADDR: 0 PROW: 1 PBANK: 5 CYCLE: 12499
PNORMAL PADDR: 0 VADDR: 0 PROW: 1 PBANK: 5 CYCLE: 12499
NORMAL PADDR: 0 VADDR: 0 PROW: 1 PBANK: 6 CYCLE: 12499
PNORMAL PADDR: 0 VADDR: 0 PROW: 1 PBANK: 6 CYCLE: 12499
NORMAL PADDR: 0 VADDR: 0 PROW: 1 PBANK: 7 CYCLE: 12499
PNORMAL PADDR: 0 VADDR: 0 PROW: 1 PBANK: 7 CYCLE: 12499
NORMAL PADDR: 0 VADDR: 0 PROW: 1 PBANK: 8 CYCLE: 12499
PNORMAL PADDR: 0 VADDR: 0 PROW: 1 PBANK: 8 CYCLE: 12499
NORMAL PADDR: 0 VADDR: 0 PROW: 1 PBANK: 9 CYCLE: 12499
PNORMAL PADDR: 0 VADDR: 0 PROW: 1 PBANK: 9 CYCLE: 12499
NORMAL PADDR: 0 VADDR: 0 PROW: 1 PBANK: a CYCLE: 12499
PNORMAL PADDR: 0 VADDR: 0 PROW: 1 PBANK: a CYCLE: 12499
NORMAL PADDR: 0 VADDR: 0 PROW: 1 PBANK: b CYCLE: 12499
PNORMAL PADDR: 0 VADDR: 0 PROW: 1 PBANK: b CYCLE: 12499
NORMAL PADDR: 0 VADDR: 0 PROW: 1 PBANK: c CYCLE: 12499
PNORMAL PADDR: 0 VADDR: 0 PROW: 1 PBANK: c CYCLE: 12499
NORMAL PADDR: 0 VADDR: 0 PROW: 1 PBANK: d CYCLE: 12499
PNORMAL PADDR: 0 VADDR: 0 PROW: 1 PBANK: d CYCLE: 12499
NORMAL PADDR: 0 VADDR: 0 PROW: 1 PBANK: e CYCLE: 12499
PNORMAL PADDR: 0 VADDR: 0 PROW: 1 PBANK: e CYCLE: 12499
NORMAL PADDR: 0 VADDR: 0 PROW: 1 PBANK: f CYCLE: 12499
PNORMAL PADDR: 0 VADDR: 0 PROW: 3 PBANK: f CYCLE: 12499
NORMAL PADDR: 0 VADDR: 0 PROW: 0 PBANK: 0 CYCLE: 12499
PNORMAL PADDR: 0 VADDR: 0 PROW: 0 PBANK: 0 CYCLE: 12499
NORMAL PADDR: 0 VADDR: 0 PROW: 0 PBANK: 1 CYCLE: 12499
PNORMAL PADDR: 0 VADDR: 0 PROW: 0 PBANK: 1 CYCLE: 12499
NORMAL PADDR: 0 VADDR: 0 PROW: 0 PBANK: 2 CYCLE: 12499
PNORMAL PADDR: 0 VADDR: 0 PROW: 0 PBANK: 2 CYCLE: 12499
NORMAL PADDR: 0 VADDR: 0 PROW: 0 PBANK: 3 CYCLE: 12499
PNORMAL PADDR: 0 VADDR: 0 PROW: 0 PBANK: 3 CYCLE: 12499
NORMAL PADDR: 0 VADDR: 0 PROW: 0 PBANK: 4 CYCLE: 12499
PNORMAL PADDR: 0 VADDR: 0 PROW: 0 PBANK: 4 CYCLE: 12499
NORMAL PADDR: 0 VADDR: 0 PROW: 0 PBANK: 5 CYCLE: 12499
PNORMAL PADDR: 0 VADDR: 0 PROW: 0 PBANK: 5 CYCLE: 12499
NORMAL PADDR: 0 VADDR: 0 PROW: 0 PBANK: 6 CYCLE: 12499
PNORMAL PADDR: 0 VADDR: 0 PROW: 0 PBANK: 6 CYCLE: 12499
NORMAL PADDR: 0 VADDR: 0 PROW: 0 PBANK: 7 CYCLE: 12499
PNORMAL PADDR: 0 VADDR: 0 PROW: 0 PBANK: 7 CYCLE: 12499
NORMAL PADDR: 0 VADDR: 0 PROW: 0 PBANK: 8 CYCLE: 12499
PNORMAL PADDR: 0 VADDR: 0 PROW: 0 PBANK: 8 CYCLE: 12499
NORMAL PADDR: 0 VADDR: 0 PROW: 0 PBANK: 9 CYCLE: 12499
PNORMAL PADDR: 0 VADDR: 0 PROW: 0 PBANK: 9 CYCLE: 12499
NORMAL PADDR: 0 VADDR: 0 PROW: 0 PBANK: a CYCLE: 12499
PNORMAL PADDR: 0 VADDR: 0 PROW: 0 PBANK: a CYCLE: 12499
NORMAL PADDR: 0 VADDR: 0 PROW: 0 PBANK: b CYCLE: 12499
PNORMAL PADDR: 0 VADDR: 0 PROW: 0 PBANK: b CYCLE: 12499
NORMAL PADDR: 0 VADDR: 0 PROW: 0 PBANK: c CYCLE: 12499
PNORMAL PADDR: 0 VADDR: 0 PROW: 0 PBANK: c CYCLE: 12499
NORMAL PADDR: 0 VADDR: 0 PROW: 0 PBANK: d CYCLE: 12499
PNORMAL PADDR: 0 VADDR: 0 PROW: 0 PBANK: d CYCLE: 12499
NORMAL PADDR: 0 VADDR: 0 PROW: 0 PBANK: e CYCLE: 12499
PNORMAL PADDR: 0 VADDR: 0 PROW: 0 PBANK: e CYCLE: 12499
NORMAL PADDR: 0 VADDR: 0 PROW: 0 PBANK: f CYCLE: 12499
PNORMAL PADDR: 0 VADDR: 0 PROW: 0 PBANK: f CYCLE: 12499
NORMAL PADDR: 0 VADDR: 0 PROW: 1 PBANK: 0 CYCLE: 12499
PNORMAL PADDR: 0 VADDR: 0 PROW: 1 PBANK: 0 CYCLE: 12499
NORMAL PADDR: 0 VADDR: 0 PROW: 1 PBANK: 1 CYCLE: 12499
PNORMAL PADDR: 0 VADDR: 0 PROW: 1 PBANK: 1 CYCLE: 12499
NORMAL PADDR: 0 VADDR: 0 PROW: 1 PBANK: 2 CYCLE: 12499
PNORMAL PADDR: 0 VADDR: 0 PROW: 1 PBANK: 2 CYCLE: 12499
NORMAL PADDR: 0 VADDR: 0 PROW: 1 PBANK: 3 CYCLE: 12499
PNORMAL PADDR: 0 VADDR: 0 PROW: 1 PBANK: 3 CYCLE: 12499
NORMAL PADDR: 0 VADDR: 0 PROW: 1 PBANK: 4 CYCLE: 12499
PNORMAL PADDR: 0 VADDR: 0 PROW: 1 PBANK: 4 CYCLE: 12499
NORMAL PADDR: 0 VADDR: 0 PROW: 1 PBANK: 5 CYCLE: 12499
PNORMAL PADDR: 0 VADDR: 0 PROW: 1 PBANK: 5 CYCLE: 12499
NORMAL PADDR: 0 VADDR: 0 PROW: 1 PBANK: 6 CYCLE: 12499
PNORMAL PADDR: 0 VADDR: 0 PROW: 1 PBANK: 6 CYCLE: 12499
NORMAL PADDR: 0 VADDR: 0 PROW: 1 PBANK: 7 CYCLE: 12499
PNORMAL PADDR: 0 VADDR: 0 PROW: 1 PBANK: 7 CYCLE: 12499
NORMAL PADDR: 0 VADDR: 0 PROW: 1 PBANK: 8 CYCLE: 12499
PNORMAL PADDR: 0 VADDR: 0 PROW: 1 PBANK: 8 CYCLE: 12499
NORMAL PADDR: 0 VADDR: 0 PROW: 1 PBANK: 9 CYCLE: 12499
PNORMAL PADDR: 0 VADDR: 0 PROW: 1 PBANK: 9 CYCLE: 12499
NORMAL PADDR: 0 VADDR: 0 PROW: 1 PBANK: a CYCLE: 12499
PNORMAL PADDR: 0 VADDR: 0 PROW: 1 PBANK: a CYCLE: 12499
NORMAL PADDR: 0 VADDR: 0 PROW: 1 PBANK: b CYCLE: 12499
PNORMAL PADDR: 0 VADDR: 0 PROW: 1 PBANK: b CYCLE: 12499
NORMAL PADDR: 0 VADDR: 0 PROW: 1 PBANK: c CYCLE: 12499
PNORMAL PADDR: 0 VADDR: 0 PROW: 1 PBANK: c CYCLE: 12499
NORMAL PADDR: 0 VADDR: 0 PROW: 1 PBANK: d CYCLE: 12499
PNORMAL PADDR: 0 VADDR: 0 PROW: 1 PBANK: d CYCLE: 12499
NORMAL PADDR: 0 VADDR: 0 PROW: 1 PBANK: e CYCLE: 12499
PNORMAL PADDR: 0 VADDR: 0 PROW: 1 PBANK: e CYCLE: 12499
NORMAL PADDR: 0 VADDR: 0 PROW: 1 PBANK: f CYCLE: 12499
PNORMAL PADDR: 127cb8 VADDR: 0 PROW: 4 PBANK: 8 CYCLE: 12298
NORMAL PADDR: 0 VADDR: 0 PROW: 0 PBANK: 0 CYCLE: 12499
PNORMAL PADDR: 0 VADDR: 0 PROW: 0 PBANK: 0 CYCLE: 12499
NORMAL PADDR: 0 VADDR: 0 PROW: 0 PBANK: 1 CYCLE: 12499
PNORMAL PADDR: 0 VADDR: 0 PROW: 0 PBANK: 1 CYCLE: 12499
NORMAL PADDR: 0 VADDR: 0 PROW: 0 PBANK: 2 CYCLE: 12499
PNORMAL PADDR: 0 VADDR: 0 PROW: 0 PBANK: 2 CYCLE: 12499
NORMAL PADDR: 0 VADDR: 0 PROW: 0 PBANK: 3 CYCLE: 12499
PNORMAL PADDR: 0 VADDR: 0 PROW: 0 PBANK: 3 CYCLE: 12499
NORMAL PADDR: 0 VADDR: 0 PROW: 0 PBANK: 4 CYCLE: 12499
PNORMAL PADDR: 0 VADDR: 0 PROW: 0 PBANK: 4 CYCLE: 12499
NORMAL PADDR: 0 VADDR: 0 PROW: 0 PBANK: 5 CYCLE: 12499
PNORMAL PADDR: 0 VADDR: 0 PROW: 0 PBANK: 5 CYCLE: 12499
NORMAL PADDR: 0 VADDR: 0 PROW: 0 PBANK: 6 CYCLE: 12499
PNORMAL PADDR: 0 VADDR: 0 PROW: 0 PBANK: 6 CYCLE: 12499
NORMAL PADDR: 0 VADDR: 0 PROW: 0 PBANK: 7 CYCLE: 12499
PNORMAL PADDR: 0 VADDR: 0 PROW: 0 PBANK: 7 CYCLE: 12499
NORMAL PADDR: 0 VADDR: 0 PROW: 0 PBANK: 8 CYCLE: 12499
PNORMAL PADDR: 0 VADDR: 0 PROW: 0 PBANK: 8 CYCLE: 12499
NORMAL PADDR: 0 VADDR: 0 PROW: 0 PBANK: 9 CYCLE: 12499
PNORMAL PADDR: 0 VADDR: 0 PROW: 0 PBANK: 9 CYCLE: 12499
NORMAL PADDR: 0 VADDR: 0 PROW: 0 PBANK: a CYCLE: 12499
PNORMAL PADDR: 0 VADDR: 0 PROW: 0 PBANK: a CYCLE: 12499
NORMAL PADDR: 0 VADDR: 0 PROW: 0 PBANK: b CYCLE: 12499
PNORMAL PADDR: 0 VADDR: 0 PROW: 0 PBANK: b CYCLE: 12499
NORMAL PADDR: 0 VADDR: 0 PROW: 0 PBANK: c CYCLE: 12499
PNORMAL PADDR: 0 VADDR: 0 PROW: 0 PBANK: c CYCLE: 12499
NORMAL PADDR: 0 VADDR: 0 PROW: 0 PBANK: d CYCLE: 12499
PNORMAL PADDR: 0 VADDR: 0 PROW: 0 PBANK: d CYCLE: 12499
NORMAL PADDR: 0 VADDR: 0 PROW: 0 PBANK: e CYCLE: 12499
PNORMAL PADDR: 0 VADDR: 0 PROW: 0 PBANK: e CYCLE: 12499
NORMAL PADDR: 0 VADDR: 0 PROW: 0 PBANK: f CYCLE: 12499
PNORMAL PADDR: 0 VADDR: 0 PROW: 0 PBANK: f CYCLE: 12499
NORMAL PADDR: 0 VADDR: 0 PROW: 1 PBANK: 0 CYCLE: 12499
PNORMAL PADDR: 0 VADDR: 0 PROW: 1 PBANK: 0 CYCLE: 12499
NORMAL PADDR: 0 VADDR: 0 PROW: 1 PBANK: 1 CYCLE: 12499
PNORMAL PADDR: 0 VADDR: 0 PROW: 1 PBANK: 1 CYCLE: 12499
NORMAL PADDR: 0 VADDR: 0 PROW: 1 PBANK: 2 CYCLE: 12499
PNORMAL PADDR: 0 VADDR: 0 PROW: 1 PBANK: 2 CYCLE: 12499
NORMAL PADDR: 0 VADDR: 0 PROW: 1 PBANK: 3 CYCLE: 12499
PNORMAL PADDR: 0 VADDR: 0 PROW: 1 PBANK: 3 CYCLE: 12499
NORMAL PADDR: 0 VADDR: 0 PROW: 1 PBANK: 4 CYCLE: 12499
PNORMAL PADDR: 0 VADDR: 0 PROW: 1 PBANK: 4 CYCLE: 12499
NORMAL PADDR: 0 VADDR: 0 PROW: 1 PBANK: 5 CYCLE: 12499
PNORMAL PADDR: 0 VADDR: 0 PROW: 1 PBANK: 5 CYCLE: 12499
NORMAL PADDR: 0 VADDR: 0 PROW: 1 PBANK: 6 CYCLE: 12499
PNORMAL PADDR: 0 VADDR: 0 PROW: 1 PBANK: 6 CYCLE: 12499
NORMAL PADDR: 0 VADDR: 0 PROW: 1 PBANK: 7 CYCLE: 12499
PNORMAL PADDR: 0 VADDR: 0 PROW: 1 PBANK: 7 CYCLE: 12499
NORMAL PADDR: 0 VADDR: 0 PROW: 1 PBANK: 8 CYCLE: 12499
PNORMAL PADDR: 0 VADDR: 0 PROW: 1 PBANK: 8 CYCLE: 12499
NORMAL PADDR: 0 VADDR: 0 PROW: 1 PBANK: 9 CYCLE: 12499
PNORMAL PADDR: 0 VADDR: 0 PROW: 1 PBANK: 9 CYCLE: 12499
NORMAL PADDR: 0 VADDR: 0 PROW: 1 PBANK: a CYCLE: 12499
PNORMAL PADDR: 0 VADDR: 0 PROW: 1 PBANK: a CYCLE: 12499
NORMAL PADDR: 0 VADDR: 0 PROW: 1 PBANK: b CYCLE: 12499
PNORMAL PADDR: 0 VADDR: 0 PROW: 1 PBANK: b CYCLE: 12499
NORMAL PADDR: 0 VADDR: 0 PROW: 1 PBANK: c CYCLE: 12499
PNORMAL PADDR: 0 VADDR: 0 PROW: 1 PBANK: c CYCLE: 12499
NORMAL PADDR: 0 VADDR: 0 PROW: 1 PBANK: d CYCLE: 12499
PNORMAL PADDR: 0 VADDR: 0 PROW: 1 PBANK: d CYCLE: 12499
NORMAL PADDR: 0 VADDR: 0 PROW: 1 PBANK: e CYCLE: 12499
PNORMAL PADDR: 0 VADDR: 0 PROW: 1 PBANK: e CYCLE: 12499
NORMAL PADDR: 0 VADDR: 0 PROW: 1 PBANK: f CYCLE: 12499
PNORMAL PADDR: 0 VADDR: 0 PROW: 3 PBANK: f CYCLE: 12499
NORMAL PADDR: 0 VADDR: 0 PROW: 0 PBANK: 0 CYCLE: 12499
PNORMAL PADDR: 0 VADDR: 0 PROW: 0 PBANK: 0 CYCLE: 12499
NORMAL PADDR: 0 VADDR: 0 PROW: 0 PBANK: 1 CYCLE: 12499
PNORMAL PADDR: 0 VADDR: 0 PROW: 0 PBANK: 1 CYCLE: 12499
NORMAL PADDR: 0 VADDR: 0 PROW: 0 PBANK: 2 CYCLE: 12499
PNORMAL PADDR: 0 VADDR: 0 PROW: 0 PBANK: 2 CYCLE: 12499
NORMAL PADDR: 0 VADDR: 0 PROW: 0 PBANK: 3 CYCLE: 12499
PNORMAL PADDR: 0 VADDR: 0 PROW: 0 PBANK: 3 CYCLE: 12499
NORMAL PADDR: 0 VADDR: 0 PROW: 0 PBANK: 4 CYCLE: 12499
PNORMAL PADDR: 0 VADDR: 0 PROW: 0 PBANK: 4 CYCLE: 12499
NORMAL PADDR: 0 VADDR: 0 PROW: 0 PBANK: 5 CYCLE: 12499
PNORMAL PADDR: 0 VADDR: 0 PROW: 0 PBANK: 5 CYCLE: 12499
NORMAL PADDR: 0 VADDR: 0 PROW: 0 PBANK: 6 CYCLE: 12499
PNORMAL PADDR: 0 VADDR: 0 PROW: 0 PBANK: 6 CYCLE: 12499
NORMAL PADDR: 0 VADDR: 0 PROW: 0 PBANK: 7 CYCLE: 12499
PNORMAL PADDR: 0 VADDR: 0 PROW: 0 PBANK: 7 CYCLE: 12499
NORMAL PADDR: 0 VADDR: 0 PROW: 0 PBANK: 8 CYCLE: 12499
PNORMAL PADDR: 0 VADDR: 0 PROW: 0 PBANK: 8 CYCLE: 12499
NORMAL PADDR: 0 VADDR: 0 PROW: 0 PBANK: 9 CYCLE: 12499
PNORMAL PADDR: 0 VADDR: 0 PROW: 0 PBANK: 9 CYCLE: 12499
NORMAL PADDR: 0 VADDR: 0 PROW: 0 PBANK: a CYCLE: 12499
PNORMAL PADDR: 0 VADDR: 0 PROW: 0 PBANK: a CYCLE: 12499
NORMAL PADDR: 0 VADDR: 0 PROW: 0 PBANK: b CYCLE: 12499
PNORMAL PADDR: 0 VADDR: 0 PROW: 0 PBANK: b CYCLE: 12499
NORMAL PADDR: 0 VADDR: 0 PROW: 0 PBANK: c CYCLE: 12499
PNORMAL PADDR: 0 VADDR: 0 PROW: 0 PBANK: c CYCLE: 12499
NORMAL PADDR: 0 VADDR: 0 PROW: 0 PBANK: d CYCLE: 12499
PNORMAL PADDR: 0 VADDR: 0 PROW: 0 PBANK: d CYCLE: 12499
NORMAL PADDR: 0 VADDR: 0 PROW: 0 PBANK: e CYCLE: 12499
PNORMAL PADDR: 0 VADDR: 0 PROW: 0 PBANK: e CYCLE: 12499
NORMAL PADDR: 0 VADDR: 0 PROW: 0 PBANK: f CYCLE: 12499
PNORMAL PADDR: 0 VADDR: 0 PROW: 0 PBANK: f CYCLE: 12499
NORMAL PADDR: 0 VADDR: 0 PROW: 1 PBANK: 0 CYCLE: 12499
PNORMAL PADDR: 0 VADDR: 0 PROW: 1 PBANK: 0 CYCLE: 12499
NORMAL PADDR: 0 VADDR: 0 PROW: 1 PBANK: 1 CYCLE: 12499
PNORMAL PADDR: 0 VADDR: 0 PROW: 1 PBANK: 1 CYCLE: 12499
NORMAL PADDR: 0 VADDR: 0 PROW: 1 PBANK: 2 CYCLE: 12499
PNORMAL PADDR: 0 VADDR: 0 PROW: 1 PBANK: 2 CYCLE: 12499
NORMAL PADDR: 0 VADDR: 0 PROW: 1 PBANK: 3 CYCLE: 12499
PNORMAL PADDR: 0 VADDR: 0 PROW: 1 PBANK: 3 CYCLE: 12499
NORMAL PADDR: 0 VADDR: 0 PROW: 1 PBANK: 4 CYCLE: 12499
PNORMAL PADDR: 0 VADDR: 0 PROW: 1 PBANK: 4 CYCLE: 12499
NORMAL PADDR: 0 VADDR: 0 PROW: 1 PBANK: 5 CYCLE: 12499
PNORMAL PADDR: 0 VADDR: 0 PROW: 1 PBANK: 5 CYCLE: 12499
NORMAL PADDR: 0 VADDR: 0 PROW: 1 PBANK: 6 CYCLE: 12499
PNORMAL PADDR: 0 VADDR: 0 PROW: 1 PBANK: 6 CYCLE: 12499
NORMAL PADDR: 0 VADDR: 0 PROW: 1 PBANK: 7 CYCLE: 12499
PNORMAL PADDR: 0 VADDR: 0 PROW: 1 PBANK: 7 CYCLE: 12499
NORMAL PADDR: 0 VADDR: 0 PROW: 1 PBANK: 8 CYCLE: 12499
PNORMAL PADDR: 0 VADDR: 0 PROW: 1 PBANK: 8 CYCLE: 12499
NORMAL PADDR: 0 VADDR: 0 PROW: 1 PBANK: 9 CYCLE: 12499
PNORMAL PADDR: 0 VADDR: 0 PROW: 1 PBANK: 9 CYCLE: 12499
NORMAL PADDR: 0 VADDR: 0 PROW: 1 PBANK: a CYCLE: 12499
PNORMAL PADDR: 0 VADDR: 0 PROW: 1 PBANK: a CYCLE: 12499
NORMAL PADDR: 0 VADDR: 0 PROW: 1 PBANK: b CYCLE: 12499
PNORMAL PADDR: 0 VADDR: 0 PROW: 1 PBANK: b CYCLE: 12499
NORMAL PADDR: 0 VADDR: 0 PROW: 1 PBANK: c CYCLE: 12499
PNORMAL PADDR: 0 VADDR: 0 PROW: 1 PBANK: c CYCLE: 12499
NORMAL PADDR: 0 VADDR: 0 PROW: 1 PBANK: d CYCLE: 12499
PNORMAL PADDR: 0 VADDR: 0 PROW: 1 PBANK: d CYCLE: 12499
NORMAL PADDR: 0 VADDR: 0 PROW: 1 PBANK: e CYCLE: 12499
PNORMAL PADDR: 0 VADDR: 0 PROW: 1 PBANK: e CYCLE: 12499
NORMAL PADDR: 0 VADDR: 0 PROW: 1 PBANK: f CYCLE: 12499
PNORMAL PADDR: 0 VADDR: 0 PROW: 7ffe PBANK: f CYCLE: 102236179
NORMAL PADDR: 0 VADDR: 0 PROW: 7fff PBANK: 0 CYCLE: 102236179
PNORMAL PADDR: 0 VADDR: 0 PROW: 7fff PBANK: 0 CYCLE: 102236179
NORMAL PADDR: 0 VADDR: 0 PROW: 7fff PBANK: 1 CYCLE: 102236179
PNORMAL PADDR: 0 VADDR: 0 PROW: 7fff PBANK: 1 CYCLE: 102236179
NORMAL PADDR: 0 VADDR: 0 PROW: 7fff PBANK: 2 CYCLE: 102236179
PNORMAL PADDR: 0 VADDR: 0 PROW: 7fff PBANK: 2 CYCLE: 102236179
NORMAL PADDR: 0 VADDR: 0 PROW: 7fff PBANK: 3 CYCLE: 102236179
PNORMAL PADDR: 0 VADDR: 0 PROW: 7fff PBANK: 3 CYCLE: 102236179
NORMAL PADDR: 0 VADDR: 0 PROW: 7fff PBANK: 4 CYCLE: 102236179
PNORMAL PADDR: 0 VADDR: 0 PROW: 7fff PBANK: 4 CYCLE: 102236179
NORMAL PADDR: 0 VADDR: 0 PROW: 7fff PBANK: 5 CYCLE: 102236179
PNORMAL PADDR: 0 VADDR: 0 PROW: 7fff PBANK: 5 CYCLE: 102236179
NORMAL PADDR: 0 VADDR: 0 PROW: 7fff PBANK: 6 CYCLE: 102236179
PNORMAL PADDR: 0 VADDR: 0 PROW: 7fff PBANK: 6 CYCLE: 102236179
NORMAL PADDR: 0 VADDR: 0 PROW: 7fff PBANK: 7 CYCLE: 102236179
PNORMAL PADDR: 0 VADDR: 0 PROW: 7fff PBANK: 7 CYCLE: 102236179
NORMAL PADDR: 0 VADDR: 0 PROW: 7fff PBANK: 8 CYCLE: 102236179
PNORMAL PADDR: 0 VADDR: 0 PROW: 7fff PBANK: 8 CYCLE: 102236179
NORMAL PADDR: 0 VADDR: 0 PROW: 7fff PBANK: 9 CYCLE: 102236179
PNORMAL PADDR: 0 VADDR: 0 PROW: 7fff PBANK: 9 CYCLE: 102236179
NORMAL PADDR: 0 VADDR: 0 PROW: 7fff PBANK: a CYCLE: 102236179
PNORMAL PADDR: 0 VADDR: 0 PROW: 7fff PBANK: a CYCLE: 102236179
NORMAL PADDR: 0 VADDR: 0 PROW: 7fff PBANK: b CYCLE: 102236179
PNORMAL PADDR: 0 VADDR: 0 PROW: 7fff PBANK: b CYCLE: 102236179
NORMAL PADDR: 0 VADDR: 0 PROW: 7fff PBANK: c CYCLE: 102236179
PNORMAL PADDR: 0 VADDR: 0 PROW: 7fff PBANK: c CYCLE: 102236179
NORMAL PADDR: 0 VADDR: 0 PROW: 7fff PBANK: d CYCLE: 102236179
PNORMAL PADDR: 0 VADDR: 0 PROW: 7fff PBANK: d CYCLE: 102236179
NORMAL PADDR: 0 VADDR: 0 PROW: 7fff PBANK: e CYCLE: 102236179
PNORMAL PADDR: 0 VADDR: 0 PROW: 7fff PBANK: e CYCLE: 102236179
NORMAL PADDR: 0 VADDR: 0 PROW: 7fff PBANK: f CYCLE: 102236179
PNORMAL PADDR: 0 VADDR: 0 PROW: 7ffe PBANK: f CYCLE: 102236179
NORMAL PADDR: 0 VADDR: 0 PROW: 7fff PBANK: 0 CYCLE: 102236179
PNORMAL PADDR: 0 VADDR: 0 PROW: 7fff PBANK: 0 CYCLE: 102236179
NORMAL PADDR: 0 VADDR: 0 PROW: 7fff PBANK: 1 CYCLE: 102236179
PNORMAL PADDR: 0 VADDR: 0 PROW: 7fff PBANK: 1 CYCLE: 102236179
NORMAL PADDR: 0 VADDR: 0 PROW: 7fff PBANK: 2 CYCLE: 102236179
PNORMAL PADDR: 0 VADDR: 0 PROW: 7fff PBANK: 2 CYCLE: 102236179
NORMAL PADDR: 0 VADDR: 0 PROW: 7fff PBANK: 3 CYCLE: 102236179
PNORMAL PADDR: 0 VADDR: 0 PROW: 7fff PBANK: 3 CYCLE: 102236179
NORMAL PADDR: 0 VADDR: 0 PROW: 7fff PBANK: 4 CYCLE: 102236179
PNORMAL PADDR: 0 VADDR: 0 PROW: 7fff PBANK: 4 CYCLE: 102236179
NORMAL PADDR: 0 VADDR: 0 PROW: 7fff PBANK: 5 CYCLE: 102236179
PNORMAL PADDR: 0 VADDR: 0 PROW: 7fff PBANK: 5 CYCLE: 102236179
NORMAL PADDR: 0 VADDR: 0 PROW: 7fff PBANK: 6 CYCLE: 102236179
PNORMAL PADDR: 0 VADDR: 0 PROW: 7fff PBANK: 6 CYCLE: 102236179
NORMAL PADDR: 0 VADDR: 0 PROW: 7fff PBANK: 7 CYCLE: 102236179
PNORMAL PADDR: 0 VADDR: 0 PROW: 7fff PBANK: 7 CYCLE: 102236179
NORMAL PADDR: 0 VADDR: 0 PROW: 7fff PBANK: 8 CYCLE: 102236179
PNORMAL PADDR: 0 VADDR: 0 PROW: 7fff PBANK: 8 CYCLE: 102236179
NORMAL PADDR: 0 VADDR: 0 PROW: 7fff PBANK: 9 CYCLE: 102236179
PNORMAL PADDR: 0 VADDR: 0 PROW: 7fff PBANK: 9 CYCLE: 102236179
NORMAL PADDR: 0 VADDR: 0 PROW: 7fff PBANK: a CYCLE: 102236179
PNORMAL PADDR: 0 VADDR: 0 PROW: 7fff PBANK: a CYCLE: 102236179
NORMAL PADDR: 0 VADDR: 0 PROW: 7fff PBANK: b CYCLE: 102236179
PNORMAL PADDR: 0 VADDR: 0 PROW: 7fff PBANK: b CYCLE: 102236179
NORMAL PADDR: 0 VADDR: 0 PROW: 7fff PBANK: c CYCLE: 102236179
PNORMAL PADDR: 0 VADDR: 0 PROW: 7fff PBANK: c CYCLE: 102236179
NORMAL PADDR: 0 VADDR: 0 PROW: 7fff PBANK: d CYCLE: 102236179
PNORMAL PADDR: 0 VADDR: 0 PROW: 7fff PBANK: d CYCLE: 102236179
NORMAL PADDR: 0 VADDR: 0 PROW: 7fff PBANK: e CYCLE: 102236179
PNORMAL PADDR: 0 VADDR: 0 PROW: 7fff PBANK: e CYCLE: 102236179
NORMAL PADDR: 0 VADDR: 0 PROW: 7fff PBANK: f CYCLE: 102236179
PNORMAL PADDR: 63c2890 VADDR: 0 PROW: 18f PBANK: 8 CYCLE: 102248345
NORMAL PADDR: 0 VADDR: 0 PROW: 0 PBANK: 0 CYCLE: 102248659
PNORMAL PADDR: 0 VADDR: 0 PROW: 0 PBANK: 0 CYCLE: 102248659
NORMAL PADDR: 0 VADDR: 0 PROW: 0 PBANK: 1 CYCLE: 102248659
PNORMAL PADDR: 0 VADDR: 0 PROW: 0 PBANK: 1 CYCLE: 102248659
NORMAL PADDR: 0 VADDR: 0 PROW: 0 PBANK: 2 CYCLE: 102248659
PNORMAL PADDR: 0 VADDR: 0 PROW: 0 PBANK: 2 CYCLE: 102248659
NORMAL PADDR: 0 VADDR: 0 PROW: 0 PBANK: 3 CYCLE: 102248659
PNORMAL PADDR: 0 VADDR: 0 PROW: 0 PBANK: 3 CYCLE: 102248659
NORMAL PADDR: 0 VADDR: 0 PROW: 0 PBANK: 4 CYCLE: 102248659
PNORMAL PADDR: 0 VADDR: 0 PROW: 0 PBANK: 4 CYCLE: 102248659
NORMAL PADDR: 0 VADDR: 0 PROW: 0 PBANK: 5 CYCLE: 102248659
PNORMAL PADDR: 0 VADDR: 0 PROW: 0 PBANK: 5 CYCLE: 102248659
NORMAL PADDR: 0 VADDR: 0 PROW: 0 PBANK: 6 CYCLE: 102248659
PNORMAL PADDR: 0 VADDR: 0 PROW: 0 PBANK: 6 CYCLE: 102248659
NORMAL PADDR: 0 VADDR: 0 PROW: 0 PBANK: 7 CYCLE: 102248659
PNORMAL PADDR: 0 VADDR: 0 PROW: 0 PBANK: 7 CYCLE: 102248659
NORMAL PADDR: 0 VADDR: 0 PROW: 0 PBANK: 8 CYCLE: 102248659
PNORMAL PADDR: 0 VADDR: 0 PROW: 0 PBANK: 8 CYCLE: 102248659
NORMAL PADDR: 0 VADDR: 0 PROW: 0 PBANK: 9 CYCLE: 102248659
PNORMAL PADDR: 0 VADDR: 0 PROW: 0 PBANK: 9 CYCLE: 102248659
NORMAL PADDR: 0 VADDR: 0 PROW: 0 PBANK: a CYCLE: 102248659
PNORMAL PADDR: 0 VADDR: 0 PROW: 0 PBANK: a CYCLE: 102248659
NORMAL PADDR: 0 VADDR: 0 PROW: 0 PBANK: b CYCLE: 102248659
PNORMAL PADDR: 0 VADDR: 0 PROW: 0 PBANK: b CYCLE: 102248659
NORMAL PADDR: 0 VADDR: 0 PROW: 0 PBANK: c CYCLE: 102248659
PNORMAL PADDR: 0 VADDR: 0 PROW: 0 PBANK: c CYCLE: 102248659
NORMAL PADDR: 0 VADDR: 0 PROW: 0 PBANK: d CYCLE: 102248659
PNORMAL PADDR: 0 VADDR: 0 PROW: 0 PBANK: d CYCLE: 102248659
NORMAL PADDR: 0 VADDR: 0 PROW: 0 PBANK: e CYCLE: 102248659
PNORMAL PADDR: 0 VADDR: 0 PROW: 0 PBANK: e CYCLE: 102248659
NORMAL PADDR: 0 VADDR: 0 PROW: 0 PBANK: f CYCLE: 102248659
PNORMAL PADDR: 0 VADDR: 0 PROW: 0 PBANK: f CYCLE: 102248659
NORMAL PADDR: 0 VADDR: 0 PROW: 1 PBANK: 0 CYCLE: 102248659
PNORMAL PADDR: 0 VADDR: 0 PROW: 1 PBANK: 0 CYCLE: 102248659
NORMAL PADDR: 0 VADDR: 0 PROW: 1 PBANK: 1 CYCLE: 102248659
PNORMAL PADDR: 0 VADDR: 0 PROW: 1 PBANK: 1 CYCLE: 102248659
NORMAL PADDR: 0 VADDR: 0 PROW: 1 PBANK: 2 CYCLE: 102248659
PNORMAL PADDR: 0 VADDR: 0 PROW: 1 PBANK: 2 CYCLE: 102248659
NORMAL PADDR: 0 VADDR: 0 PROW: 1 PBANK: 3 CYCLE: 102248659
PNORMAL PADDR: 0 VADDR: 0 PROW: 1 PBANK: 3 CYCLE: 102248659
NORMAL PADDR: 0 VADDR: 0 PROW: 1 PBANK: 4 CYCLE: 102248659
PNORMAL PADDR: 0 VADDR: 0 PROW: 1 PBANK: 4 CYCLE: 102248659
NORMAL PADDR: 0 VADDR: 0 PROW: 1 PBANK: 5 CYCLE: 102248659
PNORMAL PADDR: 0 VADDR: 0 PROW: 1 PBANK: 5 CYCLE: 102248659
NORMAL PADDR: 0 VADDR: 0 PROW: 1 PBANK: 6 CYCLE: 102248659
PNORMAL PADDR: 0 VADDR: 0 PROW: 1 PBANK: 6 CYCLE: 102248659
NORMAL PADDR: 0 VADDR: 0 PROW: 1 PBANK: 7 CYCLE: 102248659
PNORMAL PADDR: 0 VADDR: 0 PROW: 1 PBANK: 7 CYCLE: 102248659
NORMAL PADDR: 0 VADDR: 0 PROW: 1 PBANK: 8 CYCLE: 102248659
PNORMAL PADDR: 0 VADDR: 0 PROW: 1 PBANK: 8 CYCLE: 102248659
NORMAL PADDR: 0 VADDR: 0 PROW: 1 PBANK: 9 CYCLE: 102248659
PNORMAL PADDR: 0 VADDR: 0 PROW: 1 PBANK: 9 CYCLE: 102248659
NORMAL PADDR: 0 VADDR: 0 PROW: 1 PBANK: a CYCLE: 102248659
PNORMAL PADDR: 0 VADDR: 0 PROW: 1 PBANK: a CYCLE: 102248659
NORMAL PADDR: 0 VADDR: 0 PROW: 1 PBANK: b CYCLE: 102248659
PNORMAL PADDR: 0 VADDR: 0 PROW: 1 PBANK: b CYCLE: 102248659
NORMAL PADDR: 0 VADDR: 0 PROW: 1 PBANK: c CYCLE: 102248659
PNORMAL PADDR: 0 VADDR: 0 PROW: 1 PBANK: c CYCLE: 102248659
NORMAL PADDR: 0 VADDR: 0 PROW: 1 PBANK: d CYCLE: 102248659
PNORMAL PADDR: 0 VADDR: 0 PROW: 1 PBANK: d CYCLE: 102248659
NORMAL PADDR: 0 VADDR: 0 PROW: 1 PBANK: e CYCLE: 102248659
PNORMAL PADDR: 0 VADDR: 0 PROW: 1 PBANK: e CYCLE: 102248659
NORMAL PADDR: 0 VADDR: 0 PROW: 1 PBANK: f CYCLE: 102248659
PNORMAL PADDR: 0 VADDR: 0 PROW: 3 PBANK: f CYCLE: 102248659
NORMAL PADDR: 0 VADDR: 0 PROW: 0 PBANK: 0 CYCLE: 102248659
PNORMAL PADDR: 0 VADDR: 0 PROW: 0 PBANK: 0 CYCLE: 102248659
NORMAL PADDR: 0 VADDR: 0 PROW: 0 PBANK: 1 CYCLE: 102248659
PNORMAL PADDR: 0 VADDR: 0 PROW: 0 PBANK: 1 CYCLE: 102248659
NORMAL PADDR: 0 VADDR: 0 PROW: 0 PBANK: 2 CYCLE: 102248659
PNORMAL PADDR: 0 VADDR: 0 PROW: 0 PBANK: 2 CYCLE: 102248659
NORMAL PADDR: 0 VADDR: 0 PROW: 0 PBANK: 3 CYCLE: 102248659
PNORMAL PADDR: 0 VADDR: 0 PROW: 0 PBANK: 3 CYCLE: 102248659
NORMAL PADDR: 0 VADDR: 0 PROW: 0 PBANK: 4 CYCLE: 102248659
PNORMAL PADDR: 0 VADDR: 0 PROW: 0 PBANK: 4 CYCLE: 102248659
NORMAL PADDR: 0 VADDR: 0 PROW: 0 PBANK: 5 CYCLE: 102248659
PNORMAL PADDR: 0 VADDR: 0 PROW: 0 PBANK: 5 CYCLE: 102248659
NORMAL PADDR: 0 VADDR: 0 PROW: 0 PBANK: 6 CYCLE: 102248659
PNORMAL PADDR: 0 VADDR: 0 PROW: 0 PBANK: 6 CYCLE: 102248659
NORMAL PADDR: 0 VADDR: 0 PROW: 0 PBANK: 7 CYCLE: 102248659
PNORMAL PADDR: 0 VADDR: 0 PROW: 0 PBANK: 7 CYCLE: 102248659
NORMAL PADDR: 0 VADDR: 0 PROW: 0 PBANK: 8 CYCLE: 102248659
PNORMAL PADDR: 0 VADDR: 0 PROW: 0 PBANK: 8 CYCLE: 102248659
NORMAL PADDR: 0 VADDR: 0 PROW: 0 PBANK: 9 CYCLE: 102248659
PNORMAL PADDR: 0 VADDR: 0 PROW: 0 PBANK: 9 CYCLE: 102248659
NORMAL PADDR: 0 VADDR: 0 PROW: 0 PBANK: a CYCLE: 102248659
PNORMAL PADDR: 0 VADDR: 0 PROW: 0 PBANK: a CYCLE: 102248659
NORMAL PADDR: 0 VADDR: 0 PROW: 0 PBANK: b CYCLE: 102248659
PNORMAL PADDR: 0 VADDR: 0 PROW: 0 PBANK: b CYCLE: 102248659
NORMAL PADDR: 0 VADDR: 0 PROW: 0 PBANK: c CYCLE: 102248659
PNORMAL PADDR: 0 VADDR: 0 PROW: 0 PBANK: c CYCLE: 102248659
NORMAL PADDR: 0 VADDR: 0 PROW: 0 PBANK: d CYCLE: 102248659
PNORMAL PADDR: 0 VADDR: 0 PROW: 0 PBANK: d CYCLE: 102248659
NORMAL PADDR: 0 VADDR: 0 PROW: 0 PBANK: e CYCLE: 102248659
PNORMAL PADDR: 0 VADDR: 0 PROW: 0 PBANK: e CYCLE: 102248659
NORMAL PADDR: 0 VADDR: 0 PROW: 0 PBANK: f CYCLE: 102248659
PNORMAL PADDR: 0 VADDR: 0 PROW: 0 PBANK: f CYCLE: 102248659
NORMAL PADDR: 0 VADDR: 0 PROW: 1 PBANK: 0 CYCLE: 102248659
PNORMAL PADDR: 0 VADDR: 0 PROW: 1 PBANK: 0 CYCLE: 102248659
NORMAL PADDR: 0 VADDR: 0 PROW: 1 PBANK: 1 CYCLE: 102248659
PNORMAL PADDR: 0 VADDR: 0 PROW: 1 PBANK: 1 CYCLE: 102248659
NORMAL PADDR: 0 VADDR: 0 PROW: 1 PBANK: 2 CYCLE: 102248659
PNORMAL PADDR: 0 VADDR: 0 PROW: 1 PBANK: 2 CYCLE: 102248659
NORMAL PADDR: 0 VADDR: 0 PROW: 1 PBANK: 3 CYCLE: 102248659
PNORMAL PADDR: 0 VADDR: 0 PROW: 1 PBANK: 3 CYCLE: 102248659
NORMAL PADDR: 0 VADDR: 0 PROW: 1 PBANK: 4 CYCLE: 102248659
PNORMAL PADDR: 0 VADDR: 0 PROW: 1 PBANK: 4 CYCLE: 102248659
NORMAL PADDR: 0 VADDR: 0 PROW: 1 PBANK: 5 CYCLE: 102248659
PNORMAL PADDR: 0 VADDR: 0 PROW: 1 PBANK: 5 CYCLE: 102248659
NORMAL PADDR: 0 VADDR: 0 PROW: 1 PBANK: 6 CYCLE: 102248659
PNORMAL PADDR: 0 VADDR: 0 PROW: 1 PBANK: 6 CYCLE: 102248659
NORMAL PADDR: 0 VADDR: 0 PROW: 1 PBANK: 7 CYCLE: 102248659
PNORMAL PADDR: 0 VADDR: 0 PROW: 1 PBANK: 7 CYCLE: 102248659
NORMAL PADDR: 0 VADDR: 0 PROW: 1 PBANK: 8 CYCLE: 102248659
PNORMAL PADDR: 0 VADDR: 0 PROW: 1 PBANK: 8 CYCLE: 102248659
NORMAL PADDR: 0 VADDR: 0 PROW: 1 PBANK: 9 CYCLE: 102248659
PNORMAL PADDR: 0 VADDR: 0 PROW: 1 PBANK: 9 CYCLE: 102248659
NORMAL PADDR: 0 VADDR: 0 PROW: 1 PBANK: a CYCLE: 102248659
PNORMAL PADDR: 0 VADDR: 0 PROW: 1 PBANK: a CYCLE: 102248659
NORMAL PADDR: 0 VADDR: 0 PROW: 1 PBANK: b CYCLE: 102248659
PNORMAL PADDR: 0 VADDR: 0 PROW: 1 PBANK: b CYCLE: 102248659
NORMAL PADDR: 0 VADDR: 0 PROW: 1 PBANK: c CYCLE: 102248659
PNORMAL PADDR: 0 VADDR: 0 PROW: 1 PBANK: c CYCLE: 102248659
NORMAL PADDR: 0 VADDR: 0 PROW: 1 PBANK: d CYCLE: 102248659
PNORMAL PADDR: 0 VADDR: 0 PROW: 1 PBANK: d CYCLE: 102248659
NORMAL PADDR: 0 VADDR: 0 PROW: 1 PBANK: e CYCLE: 102248659
PNORMAL PADDR: 0 VADDR: 0 PROW: 1 PBANK: e CYCLE: 102248659
NORMAL PADDR: 0 VADDR: 0 PROW: 1 PBANK: f CYCLE: 102248659
PNORMAL PADDR: 0 VADDR: 0 PROW: 7ffe PBANK: f CYCLE: 204472339
NORMAL PADDR: 0 VADDR: 0 PROW: 7fff PBANK: 0 CYCLE: 204472339
PNORMAL PADDR: 0 VADDR: 0 PROW: 7fff PBANK: 0 CYCLE: 204472339
NORMAL PADDR: 0 VADDR: 0 PROW: 7fff PBANK: 1 CYCLE: 204472339
PNORMAL PADDR: 0 VADDR: 0 PROW: 7fff PBANK: 1 CYCLE: 204472339
NORMAL PADDR: 0 VADDR: 0 PROW: 7fff PBANK: 2 CYCLE: 204472339
PNORMAL PADDR: 0 VADDR: 0 PROW: 7fff PBANK: 2 CYCLE: 204472339
NORMAL PADDR: 0 VADDR: 0 PROW: 7fff PBANK: 3 CYCLE: 204472339
PNORMAL PADDR: 0 VADDR: 0 PROW: 7fff PBANK: 3 CYCLE: 204472339
NORMAL PADDR: 0 VADDR: 0 PROW: 7fff PBANK: 4 CYCLE: 204472339
PNORMAL PADDR: 0 VADDR: 0 PROW: 7fff PBANK: 4 CYCLE: 204472339
NORMAL PADDR: 0 VADDR: 0 PROW: 7fff PBANK: 5 CYCLE: 204472339
PNORMAL PADDR: 0 VADDR: 0 PROW: 7fff PBANK: 5 CYCLE: 204472339
NORMAL PADDR: 0 VADDR: 0 PROW: 7fff PBANK: 6 CYCLE: 204472339
PNORMAL PADDR: 0 VADDR: 0 PROW: 7fff PBANK: 6 CYCLE: 204472339
NORMAL PADDR: 0 VADDR: 0 PROW: 7fff PBANK: 7 CYCLE: 204472339
PNORMAL PADDR: 0 VADDR: 0 PROW: 7fff PBANK: 7 CYCLE: 204472339
NORMAL PADDR: 0 VADDR: 0 PROW: 7fff PBANK: 8 CYCLE: 204472339
PNORMAL PADDR: 0 VADDR: 0 PROW: 7fff PBANK: 8 CYCLE: 204472339
NORMAL PADDR: 0 VADDR: 0 PROW: 7fff PBANK: 9 CYCLE: 204472339
PNORMAL PADDR: 0 VADDR: 0 PROW: 7fff PBANK: 9 CYCLE: 204472339
NORMAL PADDR: 0 VADDR: 0 PROW: 7fff PBANK: a CYCLE: 204472339
PNORMAL PADDR: 0 VADDR: 0 PROW: 7fff PBANK: a CYCLE: 204472339
NORMAL PADDR: 0 VADDR: 0 PROW: 7fff PBANK: b CYCLE: 204472339
PNORMAL PADDR: 0 VADDR: 0 PROW: 7fff PBANK: b CYCLE: 204472339
NORMAL PADDR: 0 VADDR: 0 PROW: 7fff PBANK: c CYCLE: 204472339
PNORMAL PADDR: 0 VADDR: 0 PROW: 7fff PBANK: c CYCLE: 204472339
NORMAL PADDR: 0 VADDR: 0 PROW: 7fff PBANK: d CYCLE: 204472339
PNORMAL PADDR: 0 VADDR: 0 PROW: 7fff PBANK: d CYCLE: 204472339
NORMAL PADDR: 0 VADDR: 0 PROW: 7fff PBANK: e CYCLE: 204472339
PNORMAL PADDR: 0 VADDR: 0 PROW: 7fff PBANK: e CYCLE: 204472339
NORMAL PADDR: 0 VADDR: 0 PROW: 7fff PBANK: f CYCLE: 204472339
PNORMAL PADDR: 0 VADDR: 0 PROW: 7ffe PBANK: f CYCLE: 204472339
NORMAL PADDR: 0 VADDR: 0 PROW: 7fff PBANK: 0 CYCLE: 204472339
PNORMAL PADDR: 0 VADDR: 0 PROW: 7fff PBANK: 0 CYCLE: 204472339
NORMAL PADDR: 0 VADDR: 0 PROW: 7fff PBANK: 1 CYCLE: 204472339
PNORMAL PADDR: 0 VADDR: 0 PROW: 7fff PBANK: 1 CYCLE: 204472339
NORMAL PADDR: 0 VADDR: 0 PROW: 7fff PBANK: 2 CYCLE: 204472339
PNORMAL PADDR: 0 VADDR: 0 PROW: 7fff PBANK: 2 CYCLE: 204472339
NORMAL PADDR: 0 VADDR: 0 PROW: 7fff PBANK: 3 CYCLE: 204472339
PNORMAL PADDR: 0 VADDR: 0 PROW: 7fff PBANK: 3 CYCLE: 204472339
NORMAL PADDR: 0 VADDR: 0 PROW: 7fff PBANK: 4 CYCLE: 204472339
PNORMAL PADDR: 0 VADDR: 0 PROW: 7fff PBANK: 4 CYCLE: 204472339
NORMAL PADDR: 0 VADDR: 0 PROW: 7fff PBANK: 5 CYCLE: 204472339
PNORMAL PADDR: 0 VADDR: 0 PROW: 7fff PBANK: 5 CYCLE: 204472339
NORMAL PADDR: 0 VADDR: 0 PROW: 7fff PBANK: 6 CYCLE: 204472339
PNORMAL PADDR: 0 VADDR: 0 PROW: 7fff PBANK: 6 CYCLE: 204472339
NORMAL PADDR: 0 VADDR: 0 PROW: 7fff PBANK: 7 CYCLE: 204472339
PNORMAL PADDR: 0 VADDR: 0 PROW: 7fff PBANK: 7 CYCLE: 204472339
NORMAL PADDR: 0 VADDR: 0 PROW: 7fff PBANK: 8 CYCLE: 204472339
PNORMAL PADDR: 0 VADDR: 0 PROW: 7fff PBANK: 8 CYCLE: 204472339
NORMAL PADDR: 0 VADDR: 0 PROW: 7fff PBANK: 9 CYCLE: 204472339
PNORMAL PADDR: 0 VADDR: 0 PROW: 7fff PBANK: 9 CYCLE: 204472339
NORMAL PADDR: 0 VADDR: 0 PROW: 7fff PBANK: a CYCLE: 204472339
PNORMAL PADDR: 0 VADDR: 0 PROW: 7fff PBANK: a CYCLE: 204472339
NORMAL PADDR: 0 VADDR: 0 PROW: 7fff PBANK: b CYCLE: 204472339
PNORMAL PADDR: 0 VADDR: 0 PROW: 7fff PBANK: b CYCLE: 204472339
NORMAL PADDR: 0 VADDR: 0 PROW: 7fff PBANK: c CYCLE: 204472339
PNORMAL PADDR: 0 VADDR: 0 PROW: 7fff PBANK: c CYCLE: 204472339
NORMAL PADDR: 0 VADDR: 0 PROW: 7fff PBANK: d CYCLE: 204472339
PNORMAL PADDR: 0 VADDR: 0 PROW: 7fff PBANK: d CYCLE: 204472339
NORMAL PADDR: 0 VADDR: 0 PROW: 7fff PBANK: e CYCLE: 204472339
PNORMAL PADDR: 0 VADDR: 0 PROW: 7fff PBANK: e CYCLE: 204472339
NORMAL PADDR: 0 VADDR: 0 PROW: 7fff PBANK: f CYCLE: 204472339
PNORMAL PADDR: cdc55d0 VADDR: 0 PROW: 337 PBANK: d CYCLE: 204484548
NORMAL PADDR: 0 VADDR: 0 PROW: 0 PBANK: 0 CYCLE: 204484819
PNORMAL PADDR: 0 VADDR: 0 PROW: 0 PBANK: 0 CYCLE: 204484819
NORMAL PADDR: 0 VADDR: 0 PROW: 0 PBANK: 1 CYCLE: 204484819
PNORMAL PADDR: 0 VADDR: 0 PROW: 0 PBANK: 1 CYCLE: 204484819
NORMAL PADDR: 0 VADDR: 0 PROW: 0 PBANK: 2 CYCLE: 204484819
PNORMAL PADDR: 0 VADDR: 0 PROW: 0 PBANK: 2 CYCLE: 204484819
NORMAL PADDR: 0 VADDR: 0 PROW: 0 PBANK: 3 CYCLE: 204484819
PNORMAL PADDR: 0 VADDR: 0 PROW: 0 PBANK: 3 CYCLE: 204484819
NORMAL PADDR: 0 VADDR: 0 PROW: 0 PBANK: 4 CYCLE: 204484819
PNORMAL PADDR: 0 VADDR: 0 PROW: 0 PBANK: 4 CYCLE: 204484819
NORMAL PADDR: 0 VADDR: 0 PROW: 0 PBANK: 5 CYCLE: 204484819
PNORMAL PADDR: 0 VADDR: 0 PROW: 0 PBANK: 5 CYCLE: 204484819
NORMAL PADDR: 0 VADDR: 0 PROW: 0 PBANK: 6 CYCLE: 204484819
PNORMAL PADDR: 0 VADDR: 0 PROW: 0 PBANK: 6 CYCLE: 204484819
NORMAL PADDR: 0 VADDR: 0 PROW: 0 PBANK: 7 CYCLE: 204484819
PNORMAL PADDR: 0 VADDR: 0 PROW: 0 PBANK: 7 CYCLE: 204484819
NORMAL PADDR: 0 VADDR: 0 PROW: 0 PBANK: 8 CYCLE: 204484819
PNORMAL PADDR: 0 VADDR: 0 PROW: 0 PBANK: 8 CYCLE: 204484819
NORMAL PADDR: 0 VADDR: 0 PROW: 0 PBANK: 9 CYCLE: 204484819
PNORMAL PADDR: 0 VADDR: 0 PROW: 0 PBANK: 9 CYCLE: 204484819
NORMAL PADDR: 0 VADDR: 0 PROW: 0 PBANK: a CYCLE: 204484819
PNORMAL PADDR: 0 VADDR: 0 PROW: 0 PBANK: a CYCLE: 204484819
NORMAL PADDR: 0 VADDR: 0 PROW: 0 PBANK: b CYCLE: 204484819
PNORMAL PADDR: 0 VADDR: 0 PROW: 0 PBANK: b CYCLE: 204484819
NORMAL PADDR: 0 VADDR: 0 PROW: 0 PBANK: c CYCLE: 204484819
PNORMAL PADDR: 0 VADDR: 0 PROW: 0 PBANK: c CYCLE: 204484819
NORMAL PADDR: 0 VADDR: 0 PROW: 0 PBANK: d CYCLE: 204484819
PNORMAL PADDR: 0 VADDR: 0 PROW: 0 PBANK: d CYCLE: 204484819
NORMAL PADDR: 0 VADDR: 0 PROW: 0 PBANK: e CYCLE: 204484819
PNORMAL PADDR: 0 VADDR: 0 PROW: 0 PBANK: e CYCLE: 204484819
NORMAL PADDR: 0 VADDR: 0 PROW: 0 PBANK: f CYCLE: 204484819
PNORMAL PADDR: 0 VADDR: 0 PROW: 0 PBANK: f CYCLE: 204484819
NORMAL PADDR: 0 VADDR: 0 PROW: 1 PBANK: 0 CYCLE: 204484819
PNORMAL PADDR: 0 VADDR: 0 PROW: 1 PBANK: 0 CYCLE: 204484819
NORMAL PADDR: 0 VADDR: 0 PROW: 1 PBANK: 1 CYCLE: 204484819
PNORMAL PADDR: 0 VADDR: 0 PROW: 1 PBANK: 1 CYCLE: 204484819
NORMAL PADDR: 0 VADDR: 0 PROW: 1 PBANK: 2 CYCLE: 204484819
PNORMAL PADDR: 0 VADDR: 0 PROW: 1 PBANK: 2 CYCLE: 204484819
NORMAL PADDR: 0 VADDR: 0 PROW: 1 PBANK: 3 CYCLE: 204484819
PNORMAL PADDR: 0 VADDR: 0 PROW: 1 PBANK: 3 CYCLE: 204484819
NORMAL PADDR: 0 VADDR: 0 PROW: 1 PBANK: 4 CYCLE: 204484819
PNORMAL PADDR: 0 VADDR: 0 PROW: 1 PBANK: 4 CYCLE: 204484819
NORMAL PADDR: 0 VADDR: 0 PROW: 1 PBANK: 5 CYCLE: 204484819
PNORMAL PADDR: 0 VADDR: 0 PROW: 1 PBANK: 5 CYCLE: 204484819
NORMAL PADDR: 0 VADDR: 0 PROW: 1 PBANK: 6 CYCLE: 204484819
PNORMAL PADDR: 0 VADDR: 0 PROW: 1 PBANK: 6 CYCLE: 204484819
NORMAL PADDR: 0 VADDR: 0 PROW: 1 PBANK: 7 CYCLE: 204484819
PNORMAL PADDR: 0 VADDR: 0 PROW: 1 PBANK: 7 CYCLE: 204484819
NORMAL PADDR: 0 VADDR: 0 PROW: 1 PBANK: 8 CYCLE: 204484819
PNORMAL PADDR: 0 VADDR: 0 PROW: 1 PBANK: 8 CYCLE: 204484819
NORMAL PADDR: 0 VADDR: 0 PROW: 1 PBANK: 9 CYCLE: 204484819
PNORMAL PADDR: 0 VADDR: 0 PROW: 1 PBANK: 9 CYCLE: 204484819
NORMAL PADDR: 0 VADDR: 0 PROW: 1 PBANK: a CYCLE: 204484819
PNORMAL PADDR: 0 VADDR: 0 PROW: 1 PBANK: a CYCLE: 204484819
NORMAL PADDR: 0 VADDR: 0 PROW: 1 PBANK: b CYCLE: 204484819
PNORMAL PADDR: 0 VADDR: 0 PROW: 1 PBANK: b CYCLE: 204484819
NORMAL PADDR: 0 VADDR: 0 PROW: 1 PBANK: c CYCLE: 204484819
PNORMAL PADDR: 0 VADDR: 0 PROW: 1 PBANK: c CYCLE: 204484819
NORMAL PADDR: 0 VADDR: 0 PROW: 1 PBANK: d CYCLE: 204484819
PNORMAL PADDR: 0 VADDR: 0 PROW: 1 PBANK: d CYCLE: 204484819
NORMAL PADDR: 0 VADDR: 0 PROW: 1 PBANK: e CYCLE: 204484819
PNORMAL PADDR: 0 VADDR: 0 PROW: 1 PBANK: e CYCLE: 204484819
NORMAL PADDR: 0 VADDR: 0 PROW: 1 PBANK: f CYCLE: 204484819
PNORMAL PADDR: 0 VADDR: 0 PROW: 3 PBANK: f CYCLE: 204484819
NORMAL PADDR: 0 VADDR: 0 PROW: 0 PBANK: 0 CYCLE: 204484819
PNORMAL PADDR: 0 VADDR: 0 PROW: 0 PBANK: 0 CYCLE: 204484819
NORMAL PADDR: 0 VADDR: 0 PROW: 0 PBANK: 1 CYCLE: 204484819
PNORMAL PADDR: 0 VADDR: 0 PROW: 0 PBANK: 1 CYCLE: 204484819
NORMAL PADDR: 0 VADDR: 0 PROW: 0 PBANK: 2 CYCLE: 204484819
PNORMAL PADDR: 0 VADDR: 0 PROW: 0 PBANK: 2 CYCLE: 204484819
NORMAL PADDR: 0 VADDR: 0 PROW: 0 PBANK: 3 CYCLE: 204484819
PNORMAL PADDR: 0 VADDR: 0 PROW: 0 PBANK: 3 CYCLE: 204484819
NORMAL PADDR: 0 VADDR: 0 PROW: 0 PBANK: 4 CYCLE: 204484819
PNORMAL PADDR: 0 VADDR: 0 PROW: 0 PBANK: 4 CYCLE: 204484819
NORMAL PADDR: 0 VADDR: 0 PROW: 0 PBANK: 5 CYCLE: 204484819
PNORMAL PADDR: 0 VADDR: 0 PROW: 0 PBANK: 5 CYCLE: 204484819
NORMAL PADDR: 0 VADDR: 0 PROW: 0 PBANK: 6 CYCLE: 204484819
PNORMAL PADDR: 0 VADDR: 0 PROW: 0 PBANK: 6 CYCLE: 204484819
NORMAL PADDR: 0 VADDR: 0 PROW: 0 PBANK: 7 CYCLE: 204484819
PNORMAL PADDR: 0 VADDR: 0 PROW: 0 PBANK: 7 CYCLE: 204484819
NORMAL PADDR: 0 VADDR: 0 PROW: 0 PBANK: 8 CYCLE: 204484819
PNORMAL PADDR: 0 VADDR: 0 PROW: 0 PBANK: 8 CYCLE: 204484819
NORMAL PADDR: 0 VADDR: 0 PROW: 0 PBANK: 9 CYCLE: 204484819
PNORMAL PADDR: 0 VADDR: 0 PROW: 0 PBANK: 9 CYCLE: 204484819
NORMAL PADDR: 0 VADDR: 0 PROW: 0 PBANK: a CYCLE: 204484819
PNORMAL PADDR: 0 VADDR: 0 PROW: 0 PBANK: a CYCLE: 204484819
NORMAL PADDR: 0 VADDR: 0 PROW: 0 PBANK: b CYCLE: 204484819
PNORMAL PADDR: 0 VADDR: 0 PROW: 0 PBANK: b CYCLE: 204484819
NORMAL PADDR: 0 VADDR: 0 PROW: 0 PBANK: c CYCLE: 204484819
PNORMAL PADDR: 0 VADDR: 0 PROW: 0 PBANK: c CYCLE: 204484819
NORMAL PADDR: 0 VADDR: 0 PROW: 0 PBANK: d CYCLE: 204484819
PNORMAL PADDR: 0 VADDR: 0 PROW: 0 PBANK: d CYCLE: 204484819
NORMAL PADDR: 0 VADDR: 0 PROW: 0 PBANK: e CYCLE: 204484819
PNORMAL PADDR: 0 VADDR: 0 PROW: 0 PBANK: e CYCLE: 204484819
NORMAL PADDR: 0 VADDR: 0 PROW: 0 PBANK: f CYCLE: 204484819
PNORMAL PADDR: 0 VADDR: 0 PROW: 0 PBANK: f CYCLE: 204484819
NORMAL PADDR: 0 VADDR: 0 PROW: 1 PBANK: 0 CYCLE: 204484819
PNORMAL PADDR: 0 VADDR: 0 PROW: 1 PBANK: 0 CYCLE: 204484819
NORMAL PADDR: 0 VADDR: 0 PROW: 1 PBANK: 1 CYCLE: 204484819
PNORMAL PADDR: 0 VADDR: 0 PROW: 1 PBANK: 1 CYCLE: 204484819
NORMAL PADDR: 0 VADDR: 0 PROW: 1 PBANK: 2 CYCLE: 204484819
PNORMAL PADDR: 0 VADDR: 0 PROW: 1 PBANK: 2 CYCLE: 204484819
NORMAL PADDR: 0 VADDR: 0 PROW: 1 PBANK: 3 CYCLE: 204484819
PNORMAL PADDR: 0 VADDR: 0 PROW: 1 PBANK: 3 CYCLE: 204484819
NORMAL PADDR: 0 VADDR: 0 PROW: 1 PBANK: 4 CYCLE: 204484819
PNORMAL PADDR: 0 VADDR: 0 PROW: 1 PBANK: 4 CYCLE: 204484819
NORMAL PADDR: 0 VADDR: 0 PROW: 1 PBANK: 5 CYCLE: 204484819
PNORMAL PADDR: 0 VADDR: 0 PROW: 1 PBANK: 5 CYCLE: 204484819
NORMAL PADDR: 0 VADDR: 0 PROW: 1 PBANK: 6 CYCLE: 204484819
PNORMAL PADDR: 0 VADDR: 0 PROW: 1 PBANK: 6 CYCLE: 204484819
NORMAL PADDR: 0 VADDR: 0 PROW: 1 PBANK: 7 CYCLE: 204484819
PNORMAL PADDR: 0 VADDR: 0 PROW: 1 PBANK: 7 CYCLE: 204484819
NORMAL PADDR: 0 VADDR: 0 PROW: 1 PBANK: 8 CYCLE: 204484819
PNORMAL PADDR: 0 VADDR: 0 PROW: 1 PBANK: 8 CYCLE: 204484819
NORMAL PADDR: 0 VADDR: 0 PROW: 1 PBANK: 9 CYCLE: 204484819
PNORMAL PADDR: 0 VADDR: 0 PROW: 1 PBANK: 9 CYCLE: 204484819
NORMAL PADDR: 0 VADDR: 0 PROW: 1 PBANK: a CYCLE: 204484819
PNORMAL PADDR: 0 VADDR: 0 PROW: 1 PBANK: a CYCLE: 204484819
NORMAL PADDR: 0 VADDR: 0 PROW: 1 PBANK: b CYCLE: 204484819
PNORMAL PADDR: 0 VADDR: 0 PROW: 1 PBANK: b CYCLE: 204484819
NORMAL PADDR: 0 VADDR: 0 PROW: 1 PBANK: c CYCLE: 204484819
PNORMAL PADDR: 0 VADDR: 0 PROW: 1 PBANK: c CYCLE: 204484819
NORMAL PADDR: 0 VADDR: 0 PROW: 1 PBANK: d CYCLE: 204484819
PNORMAL PADDR: 0 VADDR: 0 PROW: 1 PBANK: d CYCLE: 204484819
NORMAL PADDR: 0 VADDR: 0 PROW: 1 PBANK: e CYCLE: 204484819
PNORMAL PADDR: 0 VADDR: 0 PROW: 1 PBANK: e CYCLE: 204484819
NORMAL PADDR: 0 VADDR: 0 PROW: 1 PBANK: f CYCLE: 204484819
PNORMAL PADDR: 0 VADDR: 0 PROW: 7ffe PBANK: f CYCLE: 306708479
NORMAL PADDR: 0 VADDR: 0 PROW: 7fff PBANK: 0 CYCLE: 306708479
PNORMAL PADDR: 0 VADDR: 0 PROW: 7fff PBANK: 0 CYCLE: 306708479
NORMAL PADDR: 0 VADDR: 0 PROW: 7fff PBANK: 1 CYCLE: 306708479
PNORMAL PADDR: 0 VADDR: 0 PROW: 7fff PBANK: 1 CYCLE: 306708479
NORMAL PADDR: 0 VADDR: 0 PROW: 7fff PBANK: 2 CYCLE: 306708479
PNORMAL PADDR: 0 VADDR: 0 PROW: 7fff PBANK: 2 CYCLE: 306708479
NORMAL PADDR: 0 VADDR: 0 PROW: 7fff PBANK: 3 CYCLE: 306708479
PNORMAL PADDR: 0 VADDR: 0 PROW: 7fff PBANK: 3 CYCLE: 306708479
NORMAL PADDR: 0 VADDR: 0 PROW: 7fff PBANK: 4 CYCLE: 306708479
PNORMAL PADDR: 0 VADDR: 0 PROW: 7fff PBANK: 4 CYCLE: 306708479
NORMAL PADDR: 0 VADDR: 0 PROW: 7fff PBANK: 5 CYCLE: 306708479
PNORMAL PADDR: 0 VADDR: 0 PROW: 7fff PBANK: 5 CYCLE: 306708479
NORMAL PADDR: 0 VADDR: 0 PROW: 7fff PBANK: 6 CYCLE: 306708479
PNORMAL PADDR: 0 VADDR: 0 PROW: 7fff PBANK: 6 CYCLE: 306708479
NORMAL PADDR: 0 VADDR: 0 PROW: 7fff PBANK: 7 CYCLE: 306708479
PNORMAL PADDR: 0 VADDR: 0 PROW: 7fff PBANK: 7 CYCLE: 306708479
NORMAL PADDR: 0 VADDR: 0 PROW: 7fff PBANK: 8 CYCLE: 306708479
PNORMAL PADDR: 0 VADDR: 0 PROW: 7fff PBANK: 8 CYCLE: 306708479
NORMAL PADDR: 0 VADDR: 0 PROW: 7fff PBANK: 9 CYCLE: 306708479
PNORMAL PADDR: 0 VADDR: 0 PROW: 7fff PBANK: 9 CYCLE: 306708479
NORMAL PADDR: 0 VADDR: 0 PROW: 7fff PBANK: a CYCLE: 306708479
PNORMAL PADDR: 0 VADDR: 0 PROW: 7fff PBANK: a CYCLE: 306708479
NORMAL PADDR: 0 VADDR: 0 PROW: 7fff PBANK: b CYCLE: 306708479
PNORMAL PADDR: 0 VADDR: 0 PROW: 7fff PBANK: b CYCLE: 306708479
NORMAL PADDR: 0 VADDR: 0 PROW: 7fff PBANK: c CYCLE: 306708479
PNORMAL PADDR: 0 VADDR: 0 PROW: 7fff PBANK: c CYCLE: 306708479
NORMAL PADDR: 0 VADDR: 0 PROW: 7fff PBANK: d CYCLE: 306708479
PNORMAL PADDR: 0 VADDR: 0 PROW: 7fff PBANK: d CYCLE: 306708479
NORMAL PADDR: 0 VADDR: 0 PROW: 7fff PBANK: e CYCLE: 306708479
PNORMAL PADDR: 0 VADDR: 0 PROW: 7fff PBANK: e CYCLE: 306708479
NORMAL PADDR: 0 VADDR: 0 PROW: 7fff PBANK: f CYCLE: 306708479
PNORMAL PADDR: 0 VADDR: 0 PROW: 7ffe PBANK: f CYCLE: 306708479
NORMAL PADDR: 0 VADDR: 0 PROW: 7fff PBANK: 0 CYCLE: 306708479
PNORMAL PADDR: 0 VADDR: 0 PROW: 7fff PBANK: 0 CYCLE: 306708479
NORMAL PADDR: 0 VADDR: 0 PROW: 7fff PBANK: 1 CYCLE: 306708479
PNORMAL PADDR: 0 VADDR: 0 PROW: 7fff PBANK: 1 CYCLE: 306708479
NORMAL PADDR: 0 VADDR: 0 PROW: 7fff PBANK: 2 CYCLE: 306708479
PNORMAL PADDR: 0 VADDR: 0 PROW: 7fff PBANK: 2 CYCLE: 306708479
NORMAL PADDR: 0 VADDR: 0 PROW: 7fff PBANK: 3 CYCLE: 306708479
PNORMAL PADDR: 0 VADDR: 0 PROW: 7fff PBANK: 3 CYCLE: 306708479
NORMAL PADDR: 0 VADDR: 0 PROW: 7fff PBANK: 4 CYCLE: 306708479
PNORMAL PADDR: 0 VADDR: 0 PROW: 7fff PBANK: 4 CYCLE: 306708479
NORMAL PADDR: 0 VADDR: 0 PROW: 7fff PBANK: 5 CYCLE: 306708479
PNORMAL PADDR: 0 VADDR: 0 PROW: 7fff PBANK: 5 CYCLE: 306708479
NORMAL PADDR: 0 VADDR: 0 PROW: 7fff PBANK: 6 CYCLE: 306708479
PNORMAL PADDR: 0 VADDR: 0 PROW: 7fff PBANK: 6 CYCLE: 306708479
NORMAL PADDR: 0 VADDR: 0 PROW: 7fff PBANK: 7 CYCLE: 306708479
PNORMAL PADDR: 0 VADDR: 0 PROW: 7fff PBANK: 7 CYCLE: 306708479
NORMAL PADDR: 0 VADDR: 0 PROW: 7fff PBANK: 8 CYCLE: 306708479
PNORMAL PADDR: 0 VADDR: 0 PROW: 7fff PBANK: 8 CYCLE: 306708479
NORMAL PADDR: 0 VADDR: 0 PROW: 7fff PBANK: 9 CYCLE: 306708479
PNORMAL PADDR: 0 VADDR: 0 PROW: 7fff PBANK: 9 CYCLE: 306708479
NORMAL PADDR: 0 VADDR: 0 PROW: 7fff PBANK: a CYCLE: 306708479
PNORMAL PADDR: 0 VADDR: 0 PROW: 7fff PBANK: a CYCLE: 306708479
NORMAL PADDR: 0 VADDR: 0 PROW: 7fff PBANK: b CYCLE: 306708479
PNORMAL PADDR: 0 VADDR: 0 PROW: 7fff PBANK: b CYCLE: 306708479
NORMAL PADDR: 0 VADDR: 0 PROW: 7fff PBANK: c CYCLE: 306708479
PNORMAL PADDR: 0 VADDR: 0 PROW: 7fff PBANK: c CYCLE: 306708479
NORMAL PADDR: 0 VADDR: 0 PROW: 7fff PBANK: d CYCLE: 306708479
PNORMAL PADDR: 0 VADDR: 0 PROW: 7fff PBANK: d CYCLE: 306708479
NORMAL PADDR: 0 VADDR: 0 PROW: 7fff PBANK: e CYCLE: 306708479
PNORMAL PADDR: 0 VADDR: 0 PROW: 7fff PBANK: e CYCLE: 306708479
NORMAL PADDR: 0 VADDR: 0 PROW: 7fff PBANK: f CYCLE: 306708479
PNORMAL PADDR: 0 VADDR: 0 PROW: 7fff PBANK: f CYCLE: 306708479
NORMAL PADDR: 0 VADDR: 0 PROW: 0 PBANK: 0 CYCLE: 306720959
PNORMAL PADDR: 0 VADDR: 0 PROW: 0 PBANK: 0 CYCLE: 306720959
NORMAL PADDR: 0 VADDR: 0 PROW: 0 PBANK: 1 CYCLE: 306720959
PNORMAL PADDR: 0 VADDR: 0 PROW: 0 PBANK: 1 CYCLE: 306720959
NORMAL PADDR: 0 VADDR: 0 PROW: 0 PBANK: 2 CYCLE: 306720959
PNORMAL PADDR: 0 VADDR: 0 PROW: 0 PBANK: 2 CYCLE: 306720959
NORMAL PADDR: 0 VADDR: 0 PROW: 0 PBANK: 3 CYCLE: 306720959
PNORMAL PADDR: 0 VADDR: 0 PROW: 0 PBANK: 3 CYCLE: 306720959
NORMAL PADDR: 0 VADDR: 0 PROW: 0 PBANK: 4 CYCLE: 306720959
PNORMAL PADDR: 0 VADDR: 0 PROW: 0 PBANK: 4 CYCLE: 306720959
NORMAL PADDR: 0 VADDR: 0 PROW: 0 PBANK: 5 CYCLE: 306720959
PNORMAL PADDR: 0 VADDR: 0 PROW: 0 PBANK: 5 CYCLE: 306720959
NORMAL PADDR: 0 VADDR: 0 PROW: 0 PBANK: 6 CYCLE: 306720959
PNORMAL PADDR: 0 VADDR: 0 PROW: 0 PBANK: 6 CYCLE: 306720959
NORMAL PADDR: 0 VADDR: 0 PROW: 0 PBANK: 7 CYCLE: 306720959
PNORMAL PADDR: 0 VADDR: 0 PROW: 0 PBANK: 7 CYCLE: 306720959
NORMAL PADDR: 0 VADDR: 0 PROW: 0 PBANK: 8 CYCLE: 306720959
PNORMAL PADDR: 0 VADDR: 0 PROW: 0 PBANK: 8 CYCLE: 306720959
NORMAL PADDR: 0 VADDR: 0 PROW: 0 PBANK: 9 CYCLE: 306720959
PNORMAL PADDR: 0 VADDR: 0 PROW: 0 PBANK: 9 CYCLE: 306720959
NORMAL PADDR: 0 VADDR: 0 PROW: 0 PBANK: a CYCLE: 306720959
PNORMAL PADDR: 0 VADDR: 0 PROW: 0 PBANK: a CYCLE: 306720959
NORMAL PADDR: 0 VADDR: 0 PROW: 0 PBANK: b CYCLE: 306720959
PNORMAL PADDR: 0 VADDR: 0 PROW: 0 PBANK: b CYCLE: 306720959
NORMAL PADDR: 0 VADDR: 0 PROW: 0 PBANK: c CYCLE: 306720959
PNORMAL PADDR: 0 VADDR: 0 PROW: 0 PBANK: c CYCLE: 306720959
NORMAL PADDR: 0 VADDR: 0 PROW: 0 PBANK: d CYCLE: 306720959
PNORMAL PADDR: 0 VADDR: 0 PROW: 0 PBANK: d CYCLE: 306720959
NORMAL PADDR: 0 VADDR: 0 PROW: 0 PBANK: e CYCLE: 306720959
PNORMAL PADDR: 0 VADDR: 0 PROW: 0 PBANK: e CYCLE: 306720959
NORMAL PADDR: 0 VADDR: 0 PROW: 0 PBANK: f CYCLE: 306720959
PNORMAL PADDR: 0 VADDR: 0 PROW: 0 PBANK: f CYCLE: 306720959
NORMAL PADDR: 0 VADDR: 0 PROW: 1 PBANK: 0 CYCLE: 306720959
PNORMAL PADDR: 0 VADDR: 0 PROW: 1 PBANK: 0 CYCLE: 306720959
NORMAL PADDR: 0 VADDR: 0 PROW: 1 PBANK: 1 CYCLE: 306720959
PNORMAL PADDR: 0 VADDR: 0 PROW: 1 PBANK: 1 CYCLE: 306720959
NORMAL PADDR: 0 VADDR: 0 PROW: 1 PBANK: 2 CYCLE: 306720959
PNORMAL PADDR: 0 VADDR: 0 PROW: 1 PBANK: 2 CYCLE: 306720959
NORMAL PADDR: 0 VADDR: 0 PROW: 1 PBANK: 3 CYCLE: 306720959
PNORMAL PADDR: 0 VADDR: 0 PROW: 1 PBANK: 3 CYCLE: 306720959
NORMAL PADDR: 0 VADDR: 0 PROW: 1 PBANK: 4 CYCLE: 306720959
PNORMAL PADDR: 0 VADDR: 0 PROW: 1 PBANK: 4 CYCLE: 306720959
NORMAL PADDR: 0 VADDR: 0 PROW: 1 PBANK: 5 CYCLE: 306720959
PNORMAL PADDR: 0 VADDR: 0 PROW: 1 PBANK: 5 CYCLE: 306720959
NORMAL PADDR: 0 VADDR: 0 PROW: 1 PBANK: 6 CYCLE: 306720959
PNORMAL PADDR: 0 VADDR: 0 PROW: 1 PBANK: 6 CYCLE: 306720959
NORMAL PADDR: 0 VADDR: 0 PROW: 1 PBANK: 7 CYCLE: 306720959
PNORMAL PADDR: 0 VADDR: 0 PROW: 1 PBANK: 7 CYCLE: 306720959
NORMAL PADDR: 0 VADDR: 0 PROW: 1 PBANK: 8 CYCLE: 306720959
PNORMAL PADDR: 0 VADDR: 0 PROW: 1 PBANK: 8 CYCLE: 306720959
NORMAL PADDR: 0 VADDR: 0 PROW: 1 PBANK: 9 CYCLE: 306720959
PNORMAL PADDR: 0 VADDR: 0 PROW: 1 PBANK: 9 CYCLE: 306720959
NORMAL PADDR: 0 VADDR: 0 PROW: 1 PBANK: a CYCLE: 306720959
PNORMAL PADDR: 0 VADDR: 0 PROW: 1 PBANK: a CYCLE: 306720959
NORMAL PADDR: 0 VADDR: 0 PROW: 1 PBANK: b CYCLE: 306720959
PNORMAL PADDR: 0 VADDR: 0 PROW: 1 PBANK: b CYCLE: 306720959
NORMAL PADDR: 0 VADDR: 0 PROW: 1 PBANK: c CYCLE: 306720959
PNORMAL PADDR: 0 VADDR: 0 PROW: 1 PBANK: c CYCLE: 306720959
NORMAL PADDR: 0 VADDR: 0 PROW: 1 PBANK: d CYCLE: 306720959
PNORMAL PADDR: 0 VADDR: 0 PROW: 1 PBANK: d CYCLE: 306720959
NORMAL PADDR: 0 VADDR: 0 PROW: 1 PBANK: e CYCLE: 306720959
PNORMAL PADDR: 0 VADDR: 0 PROW: 1 PBANK: e CYCLE: 306720959
NORMAL PADDR: 0 VADDR: 0 PROW: 1 PBANK: f CYCLE: 306720959
PNORMAL PADDR: 0 VADDR: 0 PROW: 3 PBANK: f CYCLE: 306720959
NORMAL PADDR: 0 VADDR: 0 PROW: 0 PBANK: 0 CYCLE: 306720959
PNORMAL PADDR: 0 VADDR: 0 PROW: 0 PBANK: 0 CYCLE: 306720959
NORMAL PADDR: 0 VADDR: 0 PROW: 0 PBANK: 1 CYCLE: 306720959
PNORMAL PADDR: 0 VADDR: 0 PROW: 0 PBANK: 1 CYCLE: 306720959
NORMAL PADDR: 0 VADDR: 0 PROW: 0 PBANK: 2 CYCLE: 306720959
PNORMAL PADDR: 0 VADDR: 0 PROW: 0 PBANK: 2 CYCLE: 306720959
NORMAL PADDR: 0 VADDR: 0 PROW: 0 PBANK: 3 CYCLE: 306720959
PNORMAL PADDR: 0 VADDR: 0 PROW: 0 PBANK: 3 CYCLE: 306720959
NORMAL PADDR: 0 VADDR: 0 PROW: 0 PBANK: 4 CYCLE: 306720959
PNORMAL PADDR: 0 VADDR: 0 PROW: 0 PBANK: 4 CYCLE: 306720959
NORMAL PADDR: 0 VADDR: 0 PROW: 0 PBANK: 5 CYCLE: 306720959
PNORMAL PADDR: 0 VADDR: 0 PROW: 0 PBANK: 5 CYCLE: 306720959
NORMAL PADDR: 0 VADDR: 0 PROW: 0 PBANK: 6 CYCLE: 306720959
PNORMAL PADDR: 0 VADDR: 0 PROW: 0 PBANK: 6 CYCLE: 306720959
NORMAL PADDR: 0 VADDR: 0 PROW: 0 PBANK: 7 CYCLE: 306720959
PNORMAL PADDR: 0 VADDR: 0 PROW: 0 PBANK: 7 CYCLE: 306720959
NORMAL PADDR: 0 VADDR: 0 PROW: 0 PBANK: 8 CYCLE: 306720959
PNORMAL PADDR: 0 VADDR: 0 PROW: 0 PBANK: 8 CYCLE: 306720959
NORMAL PADDR: 0 VADDR: 0 PROW: 0 PBANK: 9 CYCLE: 306720959
PNORMAL PADDR: 0 VADDR: 0 PROW: 0 PBANK: 9 CYCLE: 306720959
NORMAL PADDR: 0 VADDR: 0 PROW: 0 PBANK: a CYCLE: 306720959
PNORMAL PADDR: 0 VADDR: 0 PROW: 0 PBANK: a CYCLE: 306720959
NORMAL PADDR: 0 VADDR: 0 PROW: 0 PBANK: b CYCLE: 306720959
PNORMAL PADDR: 0 VADDR: 0 PROW: 0 PBANK: b CYCLE: 306720959
NORMAL PADDR: 0 VADDR: 0 PROW: 0 PBANK: c CYCLE: 306720959
PNORMAL PADDR: 0 VADDR: 0 PROW: 0 PBANK: c CYCLE: 306720959
NORMAL PADDR: 0 VADDR: 0 PROW: 0 PBANK: d CYCLE: 306720959
PNORMAL PADDR: 0 VADDR: 0 PROW: 0 PBANK: d CYCLE: 306720959
NORMAL PADDR: 0 VADDR: 0 PROW: 0 PBANK: e CYCLE: 306720959
PNORMAL PADDR: 0 VADDR: 0 PROW: 0 PBANK: e CYCLE: 306720959
NORMAL PADDR: 0 VADDR: 0 PROW: 0 PBANK: f CYCLE: 306720959
PNORMAL PADDR: 0 VADDR: 0 PROW: 0 PBANK: f CYCLE: 306720959
NORMAL PADDR: 0 VADDR: 0 PROW: 1 PBANK: 0 CYCLE: 306720959
PNORMAL PADDR: 0 VADDR: 0 PROW: 1 PBANK: 0 CYCLE: 306720959
NORMAL PADDR: 0 VADDR: 0 PROW: 1 PBANK: 1 CYCLE: 306720959
PNORMAL PADDR: 0 VADDR: 0 PROW: 1 PBANK: 1 CYCLE: 306720959
NORMAL PADDR: 0 VADDR: 0 PROW: 1 PBANK: 2 CYCLE: 306720959
PNORMAL PADDR: 0 VADDR: 0 PROW: 1 PBANK: 2 CYCLE: 306720959
NORMAL PADDR: 0 VADDR: 0 PROW: 1 PBANK: 3 CYCLE: 306720959
PNORMAL PADDR: 0 VADDR: 0 PROW: 1 PBANK: 3 CYCLE: 306720959
NORMAL PADDR: 0 VADDR: 0 PROW: 1 PBANK: 4 CYCLE: 306720959
PNORMAL PADDR: 0 VADDR: 0 PROW: 1 PBANK: 4 CYCLE: 306720959
NORMAL PADDR: 0 VADDR: 0 PROW: 1 PBANK: 5 CYCLE: 306720959
PNORMAL PADDR: 0 VADDR: 0 PROW: 1 PBANK: 5 CYCLE: 306720959
NORMAL PADDR: 0 VADDR: 0 PROW: 1 PBANK: 6 CYCLE: 306720959
PNORMAL PADDR: 0 VADDR: 0 PROW: 1 PBANK: 6 CYCLE: 306720959
NORMAL PADDR: 0 VADDR: 0 PROW: 1 PBANK: 7 CYCLE: 306720959
PNORMAL PADDR: 0 VADDR: 0 PROW: 1 PBANK: 7 CYCLE: 306720959
NORMAL PADDR: 0 VADDR: 0 PROW: 1 PBANK: 8 CYCLE: 306720959
PNORMAL PADDR: 0 VADDR: 0 PROW: 1 PBANK: 8 CYCLE: 306720959
NORMAL PADDR: 0 VADDR: 0 PROW: 1 PBANK: 9 CYCLE: 306720959
PNORMAL PADDR: 0 VADDR: 0 PROW: 1 PBANK: 9 CYCLE: 306720959
NORMAL PADDR: 0 VADDR: 0 PROW: 1 PBANK: a CYCLE: 306720959
PNORMAL PADDR: 0 VADDR: 0 PROW: 1 PBANK: a CYCLE: 306720959
NORMAL PADDR: 0 VADDR: 0 PROW: 1 PBANK: b CYCLE: 306720959
PNORMAL PADDR: 0 VADDR: 0 PROW: 1 PBANK: b CYCLE: 306720959
NORMAL PADDR: 0 VADDR: 0 PROW: 1 PBANK: c CYCLE: 306720959
PNORMAL PADDR: 0 VADDR: 0 PROW: 1 PBANK: c CYCLE: 306720959
NORMAL PADDR: 0 VADDR: 0 PROW: 1 PBANK: d CYCLE: 306720959
PNORMAL PADDR: 0 VADDR: 0 PROW: 1 PBANK: d CYCLE: 306720959
NORMAL PADDR: 0 VADDR: 0 PROW: 1 PBANK: e CYCLE: 306720959
PNORMAL PADDR: 0 VADDR: 0 PROW: 1 PBANK: e CYCLE: 306720959
NORMAL PADDR: 0 VADDR: 0 PROW: 1 PBANK: f CYCLE: 306720959
PNORMAL PADDR: 117110 VADDR: 0 PROW: 13 PBANK: 2 CYCLE: 5512
NORMAL PADDR: 0 VADDR: 0 PROW: 0 PBANK: 0 CYCLE: 12499
PNORMAL PADDR: 0 VADDR: 0 PROW: 0 PBANK: 0 CYCLE: 12499
NORMAL PADDR: 0 VADDR: 0 PROW: 0 PBANK: 1 CYCLE: 12499
PNORMAL PADDR: 0 VADDR: 0 PROW: 0 PBANK: 1 CYCLE: 12499
NORMAL PADDR: 0 VADDR: 0 PROW: 0 PBANK: 2 CYCLE: 12499
PNORMAL PADDR: 0 VADDR: 0 PROW: 0 PBANK: 2 CYCLE: 12499
NORMAL PADDR: 0 VADDR: 0 PROW: 0 PBANK: 3 CYCLE: 12499
PNORMAL PADDR: 0 VADDR: 0 PROW: 0 PBANK: 3 CYCLE: 12499
NORMAL PADDR: 0 VADDR: 0 PROW: 0 PBANK: 4 CYCLE: 12499
PNORMAL PADDR: 0 VADDR: 0 PROW: 0 PBANK: 4 CYCLE: 12499
NORMAL PADDR: 0 VADDR: 0 PROW: 0 PBANK: 5 CYCLE: 12499
PNORMAL PADDR: 0 VADDR: 0 PROW: 0 PBANK: 5 CYCLE: 12499
NORMAL PADDR: 0 VADDR: 0 PROW: 0 PBANK: 6 CYCLE: 12499
PNORMAL PADDR: 0 VADDR: 0 PROW: 0 PBANK: 6 CYCLE: 12499
NORMAL PADDR: 0 VADDR: 0 PROW: 0 PBANK: 7 CYCLE: 12499
PNORMAL PADDR: 0 VADDR: 0 PROW: 0 PBANK: 7 CYCLE: 12499
NORMAL PADDR: 0 VADDR: 0 PROW: 0 PBANK: 8 CYCLE: 12499
PNORMAL PADDR: 0 VADDR: 0 PROW: 0 PBANK: 8 CYCLE: 12499
NORMAL PADDR: 0 VADDR: 0 PROW: 0 PBANK: 9 CYCLE: 12499
PNORMAL PADDR: 0 VADDR: 0 PROW: 0 PBANK: 9 CYCLE: 12499
NORMAL PADDR: 0 VADDR: 0 PROW: 0 PBANK: a CYCLE: 12499
PNORMAL PADDR: 0 VADDR: 0 PROW: 0 PBANK: a CYCLE: 12499
NORMAL PADDR: 0 VADDR: 0 PROW: 0 PBANK: b CYCLE: 12499
PNORMAL PADDR: 0 VADDR: 0 PROW: 0 PBANK: b CYCLE: 12499
NORMAL PADDR: 0 VADDR: 0 PROW: 0 PBANK: c CYCLE: 12499
PNORMAL PADDR: 0 VADDR: 0 PROW: 0 PBANK: c CYCLE: 12499
NORMAL PADDR: 0 VADDR: 0 PROW: 0 PBANK: d CYCLE: 12499
PNORMAL PADDR: 0 VADDR: 0 PROW: 0 PBANK: d CYCLE: 12499
NORMAL PADDR: 0 VADDR: 0 PROW: 0 PBANK: e CYCLE: 12499
PNORMAL PADDR: 0 VADDR: 0 PROW: 0 PBANK: e CYCLE: 12499
NORMAL PADDR: 0 VADDR: 0 PROW: 0 PBANK: f CYCLE: 12499
PNORMAL PADDR: 0 VADDR: 0 PROW: 0 PBANK: f CYCLE: 12499
NORMAL PADDR: 0 VADDR: 0 PROW: 1 PBANK: 0 CYCLE: 12499
PNORMAL PADDR: 0 VADDR: 0 PROW: 1 PBANK: 0 CYCLE: 12499
NORMAL PADDR: 0 VADDR: 0 PROW: 1 PBANK: 1 CYCLE: 12499
PNORMAL PADDR: 0 VADDR: 0 PROW: 1 PBANK: 1 CYCLE: 12499
NORMAL PADDR: 0 VADDR: 0 PROW: 1 PBANK: 2 CYCLE: 12499
PNORMAL PADDR: 0 VADDR: 0 PROW: 1 PBANK: 2 CYCLE: 12499
NORMAL PADDR: 0 VADDR: 0 PROW: 1 PBANK: 3 CYCLE: 12499
PNORMAL PADDR: 0 VADDR: 0 PROW: 1 PBANK: 3 CYCLE: 12499
NORMAL PADDR: 0 VADDR: 0 PROW: 1 PBANK: 4 CYCLE: 12499
PNORMAL PADDR: 0 VADDR: 0 PROW: 1 PBANK: 4 CYCLE: 12499
NORMAL PADDR: 0 VADDR: 0 PROW: 1 PBANK: 5 CYCLE: 12499
PNORMAL PADDR: 0 VADDR: 0 PROW: 1 PBANK: 5 CYCLE: 12499
NORMAL PADDR: 0 VADDR: 0 PROW: 1 PBANK: 6 CYCLE: 12499
PNORMAL PADDR: 0 VADDR: 0 PROW: 1 PBANK: 6 CYCLE: 12499
NORMAL PADDR: 0 VADDR: 0 PROW: 1 PBANK: 7 CYCLE: 12499
PNORMAL PADDR: 0 VADDR: 0 PROW: 1 PBANK: 7 CYCLE: 12499
NORMAL PADDR: 0 VADDR: 0 PROW: 1 PBANK: 8 CYCLE: 12499
PNORMAL PADDR: 0 VADDR: 0 PROW: 1 PBANK: 8 CYCLE: 12499
NORMAL PADDR: 0 VADDR: 0 PROW: 1 PBANK: 9 CYCLE: 12499
PNORMAL PADDR: 0 VADDR: 0 PROW: 1 PBANK: 9 CYCLE: 12499
NORMAL PADDR: 0 VADDR: 0 PROW: 1 PBANK: a CYCLE: 12499
PNORMAL PADDR: 0 VADDR: 0 PROW: 1 PBANK: a CYCLE: 12499
NORMAL PADDR: 0 VADDR: 0 PROW: 1 PBANK: b CYCLE: 12499
PNORMAL PADDR: 0 VADDR: 0 PROW: 1 PBANK: b CYCLE: 12499
NORMAL PADDR: 0 VADDR: 0 PROW: 1 PBANK: c CYCLE: 12499
PNORMAL PADDR: 0 VADDR: 0 PROW: 1 PBANK: c CYCLE: 12499
NORMAL PADDR: 0 VADDR: 0 PROW: 1 PBANK: d CYCLE: 12499
PNORMAL PADDR: 0 VADDR: 0 PROW: 1 PBANK: d CYCLE: 12499
NORMAL PADDR: 0 VADDR: 0 PROW: 1 PBANK: e CYCLE: 12499
PNORMAL PADDR: 0 VADDR: 0 PROW: 1 PBANK: e CYCLE: 12499
NORMAL PADDR: 0 VADDR: 0 PROW: 1 PBANK: f CYCLE: 12499
PNORMAL PADDR: 0 VADDR: 0 PROW: 3 PBANK: f CYCLE: 12499
NORMAL PADDR: 0 VADDR: 0 PROW: 0 PBANK: 0 CYCLE: 12499
PNORMAL PADDR: 0 VADDR: 0 PROW: 0 PBANK: 0 CYCLE: 12499
NORMAL PADDR: 0 VADDR: 0 PROW: 0 PBANK: 1 CYCLE: 12499
PNORMAL PADDR: 0 VADDR: 0 PROW: 0 PBANK: 1 CYCLE: 12499
NORMAL PADDR: 0 VADDR: 0 PROW: 0 PBANK: 2 CYCLE: 12499
PNORMAL PADDR: 0 VADDR: 0 PROW: 0 PBANK: 2 CYCLE: 12499
NORMAL PADDR: 0 VADDR: 0 PROW: 0 PBANK: 3 CYCLE: 12499
PNORMAL PADDR: 0 VADDR: 0 PROW: 0 PBANK: 3 CYCLE: 12499
NORMAL PADDR: 0 VADDR: 0 PROW: 0 PBANK: 4 CYCLE: 12499
PNORMAL PADDR: 0 VADDR: 0 PROW: 0 PBANK: 4 CYCLE: 12499
NORMAL PADDR: 0 VADDR: 0 PROW: 0 PBANK: 5 CYCLE: 12499
PNORMAL PADDR: 0 VADDR: 0 PROW: 0 PBANK: 5 CYCLE: 12499
NORMAL PADDR: 0 VADDR: 0 PROW: 0 PBANK: 6 CYCLE: 12499
PNORMAL PADDR: 0 VADDR: 0 PROW: 0 PBANK: 6 CYCLE: 12499
NORMAL PADDR: 0 VADDR: 0 PROW: 0 PBANK: 7 CYCLE: 12499
PNORMAL PADDR: 0 VADDR: 0 PROW: 0 PBANK: 7 CYCLE: 12499
NORMAL PADDR: 0 VADDR: 0 PROW: 0 PBANK: 8 CYCLE: 12499
PNORMAL PADDR: 0 VADDR: 0 PROW: 0 PBANK: 8 CYCLE: 12499
NORMAL PADDR: 0 VADDR: 0 PROW: 0 PBANK: 9 CYCLE: 12499
PNORMAL PADDR: 0 VADDR: 0 PROW: 0 PBANK: 9 CYCLE: 12499
NORMAL PADDR: 0 VADDR: 0 PROW: 0 PBANK: a CYCLE: 12499
PNORMAL PADDR: 0 VADDR: 0 PROW: 0 PBANK: a CYCLE: 12499
NORMAL PADDR: 0 VADDR: 0 PROW: 0 PBANK: b CYCLE: 12499
PNORMAL PADDR: 0 VADDR: 0 PROW: 0 PBANK: b CYCLE: 12499
NORMAL PADDR: 0 VADDR: 0 PROW: 0 PBANK: c CYCLE: 12499
PNORMAL PADDR: 0 VADDR: 0 PROW: 0 PBANK: c CYCLE: 12499
NORMAL PADDR: 0 VADDR: 0 PROW: 0 PBANK: d CYCLE: 12499
PNORMAL PADDR: 0 VADDR: 0 PROW: 0 PBANK: d CYCLE: 12499
NORMAL PADDR: 0 VADDR: 0 PROW: 0 PBANK: e CYCLE: 12499
PNORMAL PADDR: 0 VADDR: 0 PROW: 0 PBANK: e CYCLE: 12499
NORMAL PADDR: 0 VADDR: 0 PROW: 0 PBANK: f CYCLE: 12499
PNORMAL PADDR: 0 VADDR: 0 PROW: 0 PBANK: f CYCLE: 12499
NORMAL PADDR: 0 VADDR: 0 PROW: 1 PBANK: 0 CYCLE: 12499
PNORMAL PADDR: 0 VADDR: 0 PROW: 1 PBANK: 0 CYCLE: 12499
NORMAL PADDR: 0 VADDR: 0 PROW: 1 PBANK: 1 CYCLE: 12499
PNORMAL PADDR: 0 VADDR: 0 PROW: 1 PBANK: 1 CYCLE: 12499
NORMAL PADDR: 0 VADDR: 0 PROW: 1 PBANK: 2 CYCLE: 12499
PNORMAL PADDR: 0 VADDR: 0 PROW: 1 PBANK: 2 CYCLE: 12499
NORMAL PADDR: 0 VADDR: 0 PROW: 1 PBANK: 3 CYCLE: 12499
PNORMAL PADDR: 0 VADDR: 0 PROW: 1 PBANK: 3 CYCLE: 12499
NORMAL PADDR: 0 VADDR: 0 PROW: 1 PBANK: 4 CYCLE: 12499
PNORMAL PADDR: 0 VADDR: 0 PROW: 1 PBANK: 4 CYCLE: 12499
NORMAL PADDR: 0 VADDR: 0 PROW: 1 PBANK: 5 CYCLE: 12499
PNORMAL PADDR: 0 VADDR: 0 PROW: 1 PBANK: 5 CYCLE: 12499
NORMAL PADDR: 0 VADDR: 0 PROW: 1 PBANK: 6 CYCLE: 12499
PNORMAL PADDR: 0 VADDR: 0 PROW: 1 PBANK: 6 CYCLE: 12499
NORMAL PADDR: 0 VADDR: 0 PROW: 1 PBANK: 7 CYCLE: 12499
PNORMAL PADDR: 0 VADDR: 0 PROW: 1 PBANK: 7 CYCLE: 12499
NORMAL PADDR: 0 VADDR: 0 PROW: 1 PBANK: 8 CYCLE: 12499
PNORMAL PADDR: 0 VADDR: 0 PROW: 1 PBANK: 8 CYCLE: 12499
NORMAL PADDR: 0 VADDR: 0 PROW: 1 PBANK: 9 CYCLE: 12499
PNORMAL PADDR: 0 VADDR: 0 PROW: 1 PBANK: 9 CYCLE: 12499
NORMAL PADDR: 0 VADDR: 0 PROW: 1 PBANK: a CYCLE: 12499
PNORMAL PADDR: 0 VADDR: 0 PROW: 1 PBANK: a CYCLE: 12499
NORMAL PADDR: 0 VADDR: 0 PROW: 1 PBANK: b CYCLE: 12499
PNORMAL PADDR: 0 VADDR: 0 PROW: 1 PBANK: b CYCLE: 12499
NORMAL PADDR: 0 VADDR: 0 PROW: 1 PBANK: c CYCLE: 12499
PNORMAL PADDR: 0 VADDR: 0 PROW: 1 PBANK: c CYCLE: 12499
NORMAL PADDR: 0 VADDR: 0 PROW: 1 PBANK: d CYCLE: 12499
PNORMAL PADDR: 0 VADDR: 0 PROW: 1 PBANK: d CYCLE: 12499
NORMAL PADDR: 0 VADDR: 0 PROW: 1 PBANK: e CYCLE: 12499
PNORMAL PADDR: 0 VADDR: 0 PROW: 1 PBANK: e CYCLE: 12499
NORMAL PADDR: 0 VADDR: 0 PROW: 1 PBANK: f CYCLE: 12499
PNORMAL PADDR: 0 VADDR: 0 PROW: 7ffe PBANK: f CYCLE: 102236179
NORMAL PADDR: 0 VADDR: 0 PROW: 7fff PBANK: 0 CYCLE: 102236179
PNORMAL PADDR: 0 VADDR: 0 PROW: 7fff PBANK: 0 CYCLE: 102236179
NORMAL PADDR: 0 VADDR: 0 PROW: 7fff PBANK: 1 CYCLE: 102236179
PNORMAL PADDR: 0 VADDR: 0 PROW: 7fff PBANK: 1 CYCLE: 102236179
NORMAL PADDR: 0 VADDR: 0 PROW: 7fff PBANK: 2 CYCLE: 102236179
PNORMAL PADDR: 0 VADDR: 0 PROW: 7fff PBANK: 2 CYCLE: 102236179
NORMAL PADDR: 0 VADDR: 0 PROW: 7fff PBANK: 3 CYCLE: 102236179
PNORMAL PADDR: 0 VADDR: 0 PROW: 7fff PBANK: 3 CYCLE: 102236179
NORMAL PADDR: 0 VADDR: 0 PROW: 7fff PBANK: 4 CYCLE: 102236179
PNORMAL PADDR: 0 VADDR: 0 PROW: 7fff PBANK: 4 CYCLE: 102236179
NORMAL PADDR: 0 VADDR: 0 PROW: 7fff PBANK: 5 CYCLE: 102236179
PNORMAL PADDR: 0 VADDR: 0 PROW: 7fff PBANK: 5 CYCLE: 102236179
NORMAL PADDR: 0 VADDR: 0 PROW: 7fff PBANK: 6 CYCLE: 102236179
PNORMAL PADDR: 0 VADDR: 0 PROW: 7fff PBANK: 6 CYCLE: 102236179
NORMAL PADDR: 0 VADDR: 0 PROW: 7fff PBANK: 7 CYCLE: 102236179
PNORMAL PADDR: 0 VADDR: 0 PROW: 7fff PBANK: 7 CYCLE: 102236179
NORMAL PADDR: 0 VADDR: 0 PROW: 7fff PBANK: 8 CYCLE: 102236179
PNORMAL PADDR: 0 VADDR: 0 PROW: 7fff PBANK: 8 CYCLE: 102236179
NORMAL PADDR: 0 VADDR: 0 PROW: 7fff PBANK: 9 CYCLE: 102236179
PNORMAL PADDR: 0 VADDR: 0 PROW: 7fff PBANK: 9 CYCLE: 102236179
NORMAL PADDR: 0 VADDR: 0 PROW: 7fff PBANK: a CYCLE: 102236179
PNORMAL PADDR: 0 VADDR: 0 PROW: 7fff PBANK: a CYCLE: 102236179
NORMAL PADDR: 0 VADDR: 0 PROW: 7fff PBANK: b CYCLE: 102236179
PNORMAL PADDR: 0 VADDR: 0 PROW: 7fff PBANK: b CYCLE: 102236179
NORMAL PADDR: 0 VADDR: 0 PROW: 7fff PBANK: c CYCLE: 102236179
PNORMAL PADDR: 0 VADDR: 0 PROW: 7fff PBANK: c CYCLE: 102236179
NORMAL PADDR: 0 VADDR: 0 PROW: 7fff PBANK: d CYCLE: 102236179
PNORMAL PADDR: 0 VADDR: 0 PROW: 7fff PBANK: d CYCLE: 102236179
NORMAL PADDR: 0 VADDR: 0 PROW: 7fff PBANK: e CYCLE: 102236179
PNORMAL PADDR: 0 VADDR: 0 PROW: 7fff PBANK: e CYCLE: 102236179
NORMAL PADDR: 0 VADDR: 0 PROW: 7fff PBANK: f CYCLE: 102236179
PNORMAL PADDR: 0 VADDR: 0 PROW: 7ffe PBANK: f CYCLE: 102236179
NORMAL PADDR: 0 VADDR: 0 PROW: 7fff PBANK: 0 CYCLE: 102236179
PNORMAL PADDR: 0 VADDR: 0 PROW: 7fff PBANK: 0 CYCLE: 102236179
NORMAL PADDR: 0 VADDR: 0 PROW: 7fff PBANK: 1 CYCLE: 102236179
PNORMAL PADDR: 0 VADDR: 0 PROW: 7fff PBANK: 1 CYCLE: 102236179
NORMAL PADDR: 0 VADDR: 0 PROW: 7fff PBANK: 2 CYCLE: 102236179
PNORMAL PADDR: 0 VADDR: 0 PROW: 7fff PBANK: 2 CYCLE: 102236179
NORMAL PADDR: 0 VADDR: 0 PROW: 7fff PBANK: 3 CYCLE: 102236179
PNORMAL PADDR: 0 VADDR: 0 PROW: 7fff PBANK: 3 CYCLE: 102236179
NORMAL PADDR: 0 VADDR: 0 PROW: 7fff PBANK: 4 CYCLE: 102236179
PNORMAL PADDR: 0 VADDR: 0 PROW: 7fff PBANK: 4 CYCLE: 102236179
NORMAL PADDR: 0 VADDR: 0 PROW: 7fff PBANK: 5 CYCLE: 102236179
PNORMAL PADDR: 0 VADDR: 0 PROW: 7fff PBANK: 5 CYCLE: 102236179
NORMAL PADDR: 0 VADDR: 0 PROW: 7fff PBANK: 6 CYCLE: 102236179
PNORMAL PADDR: 0 VADDR: 0 PROW: 7fff PBANK: 6 CYCLE: 102236179
NORMAL PADDR: 0 VADDR: 0 PROW: 7fff PBANK: 7 CYCLE: 102236179
PNORMAL PADDR: 0 VADDR: 0 PROW: 7fff PBANK: 7 CYCLE: 102236179
NORMAL PADDR: 0 VADDR: 0 PROW: 7fff PBANK: 8 CYCLE: 102236179
PNORMAL PADDR: 0 VADDR: 0 PROW: 7fff PBANK: 8 CYCLE: 102236179
NORMAL PADDR: 0 VADDR: 0 PROW: 7fff PBANK: 9 CYCLE: 102236179
PNORMAL PADDR: 0 VADDR: 0 PROW: 7fff PBANK: 9 CYCLE: 102236179
NORMAL PADDR: 0 VADDR: 0 PROW: 7fff PBANK: a CYCLE: 102236179
PNORMAL PADDR: 0 VADDR: 0 PROW: 7fff PBANK: a CYCLE: 102236179
NORMAL PADDR: 0 VADDR: 0 PROW: 7fff PBANK: b CYCLE: 102236179
PNORMAL PADDR: 0 VADDR: 0 PROW: 7fff PBANK: b CYCLE: 102236179
NORMAL PADDR: 0 VADDR: 0 PROW: 7fff PBANK: c CYCLE: 102236179
PNORMAL PADDR: 0 VADDR: 0 PROW: 7fff PBANK: c CYCLE: 102236179
NORMAL PADDR: 0 VADDR: 0 PROW: 7fff PBANK: d CYCLE: 102236179
PNORMAL PADDR: 0 VADDR: 0 PROW: 7fff PBANK: d CYCLE: 102236179
NORMAL PADDR: 0 VADDR: 0 PROW: 7fff PBANK: e CYCLE: 102236179
PNORMAL PADDR: 0 VADDR: 0 PROW: 7fff PBANK: e CYCLE: 102236179
NORMAL PADDR: 0 VADDR: 0 PROW: 7fff PBANK: f CYCLE: 102236179
PPREFETCH PADDR: 65f18c0 VADDR: 0 PROW: 1a6 PBANK: 3 CYCLE: 102246582
NORMAL PADDR: 0 VADDR: 0 PROW: 0 PBANK: 0 CYCLE: 102248659
PNORMAL PADDR: 0 VADDR: 0 PROW: 0 PBANK: 0 CYCLE: 102248659
NORMAL PADDR: 0 VADDR: 0 PROW: 0 PBANK: 1 CYCLE: 102248659
PNORMAL PADDR: 0 VADDR: 0 PROW: 0 PBANK: 1 CYCLE: 102248659
NORMAL PADDR: 0 VADDR: 0 PROW: 0 PBANK: 2 CYCLE: 102248659
PNORMAL PADDR: 0 VADDR: 0 PROW: 0 PBANK: 2 CYCLE: 102248659
NORMAL PADDR: 0 VADDR: 0 PROW: 0 PBANK: 3 CYCLE: 102248659
PNORMAL PADDR: 0 VADDR: 0 PROW: 0 PBANK: 3 CYCLE: 102248659
NORMAL PADDR: 0 VADDR: 0 PROW: 0 PBANK: 4 CYCLE: 102248659
PNORMAL PADDR: 0 VADDR: 0 PROW: 0 PBANK: 4 CYCLE: 102248659
NORMAL PADDR: 0 VADDR: 0 PROW: 0 PBANK: 5 CYCLE: 102248659
PNORMAL PADDR: 0 VADDR: 0 PROW: 0 PBANK: 5 CYCLE: 102248659
NORMAL PADDR: 0 VADDR: 0 PROW: 0 PBANK: 6 CYCLE: 102248659
PNORMAL PADDR: 0 VADDR: 0 PROW: 0 PBANK: 6 CYCLE: 102248659
NORMAL PADDR: 0 VADDR: 0 PROW: 0 PBANK: 7 CYCLE: 102248659
PNORMAL PADDR: 0 VADDR: 0 PROW: 0 PBANK: 7 CYCLE: 102248659
NORMAL PADDR: 0 VADDR: 0 PROW: 0 PBANK: 8 CYCLE: 102248659
PNORMAL PADDR: 0 VADDR: 0 PROW: 0 PBANK: 8 CYCLE: 102248659
NORMAL PADDR: 0 VADDR: 0 PROW: 0 PBANK: 9 CYCLE: 102248659
PNORMAL PADDR: 0 VADDR: 0 PROW: 0 PBANK: 9 CYCLE: 102248659
NORMAL PADDR: 0 VADDR: 0 PROW: 0 PBANK: a CYCLE: 102248659
PNORMAL PADDR: 0 VADDR: 0 PROW: 0 PBANK: a CYCLE: 102248659
NORMAL PADDR: 0 VADDR: 0 PROW: 0 PBANK: b CYCLE: 102248659
PNORMAL PADDR: 0 VADDR: 0 PROW: 0 PBANK: b CYCLE: 102248659
NORMAL PADDR: 0 VADDR: 0 PROW: 0 PBANK: c CYCLE: 102248659
PNORMAL PADDR: 0 VADDR: 0 PROW: 0 PBANK: c CYCLE: 102248659
NORMAL PADDR: 0 VADDR: 0 PROW: 0 PBANK: d CYCLE: 102248659
PNORMAL PADDR: 0 VADDR: 0 PROW: 0 PBANK: d CYCLE: 102248659
NORMAL PADDR: 0 VADDR: 0 PROW: 0 PBANK: e CYCLE: 102248659
PNORMAL PADDR: 0 VADDR: 0 PROW: 0 PBANK: e CYCLE: 102248659
NORMAL PADDR: 0 VADDR: 0 PROW: 0 PBANK: f CYCLE: 102248659
PNORMAL PADDR: 0 VADDR: 0 PROW: 0 PBANK: f CYCLE: 102248659
NORMAL PADDR: 0 VADDR: 0 PROW: 1 PBANK: 0 CYCLE: 102248659
PNORMAL PADDR: 0 VADDR: 0 PROW: 1 PBANK: 0 CYCLE: 102248659
NORMAL PADDR: 0 VADDR: 0 PROW: 1 PBANK: 1 CYCLE: 102248659
PNORMAL PADDR: 0 VADDR: 0 PROW: 1 PBANK: 1 CYCLE: 102248659
NORMAL PADDR: 0 VADDR: 0 PROW: 1 PBANK: 2 CYCLE: 102248659
PNORMAL PADDR: 0 VADDR: 0 PROW: 1 PBANK: 2 CYCLE: 102248659
NORMAL PADDR: 0 VADDR: 0 PROW: 1 PBANK: 3 CYCLE: 102248659
PNORMAL PADDR: 0 VADDR: 0 PROW: 1 PBANK: 3 CYCLE: 102248659
NORMAL PADDR: 0 VADDR: 0 PROW: 1 PBANK: 4 CYCLE: 102248659
PNORMAL PADDR: 0 VADDR: 0 PROW: 1 PBANK: 4 CYCLE: 102248659
NORMAL PADDR: 0 VADDR: 0 PROW: 1 PBANK: 5 CYCLE: 102248659
PNORMAL PADDR: 0 VADDR: 0 PROW: 1 PBANK: 5 CYCLE: 102248659
NORMAL PADDR: 0 VADDR: 0 PROW: 1 PBANK: 6 CYCLE: 102248659
PNORMAL PADDR: 0 VADDR: 0 PROW: 1 PBANK: 6 CYCLE: 102248659
NORMAL PADDR: 0 VADDR: 0 PROW: 1 PBANK: 7 CYCLE: 102248659
PNORMAL PADDR: 0 VADDR: 0 PROW: 1 PBANK: 7 CYCLE: 102248659
NORMAL PADDR: 0 VADDR: 0 PROW: 1 PBANK: 8 CYCLE: 102248659
PNORMAL PADDR: 0 VADDR: 0 PROW: 1 PBANK: 8 CYCLE: 102248659
NORMAL PADDR: 0 VADDR: 0 PROW: 1 PBANK: 9 CYCLE: 102248659
PNORMAL PADDR: 0 VADDR: 0 PROW: 1 PBANK: 9 CYCLE: 102248659
NORMAL PADDR: 0 VADDR: 0 PROW: 1 PBANK: a CYCLE: 102248659
PNORMAL PADDR: 0 VADDR: 0 PROW: 1 PBANK: a CYCLE: 102248659
NORMAL PADDR: 0 VADDR: 0 PROW: 1 PBANK: b CYCLE: 102248659
PNORMAL PADDR: 0 VADDR: 0 PROW: 1 PBANK: b CYCLE: 102248659
NORMAL PADDR: 0 VADDR: 0 PROW: 1 PBANK: c CYCLE: 102248659
PNORMAL PADDR: 0 VADDR: 0 PROW: 1 PBANK: c CYCLE: 102248659
NORMAL PADDR: 0 VADDR: 0 PROW: 1 PBANK: d CYCLE: 102248659
PNORMAL PADDR: 0 VADDR: 0 PROW: 1 PBANK: d CYCLE: 102248659
NORMAL PADDR: 0 VADDR: 0 PROW: 1 PBANK: e CYCLE: 102248659
PNORMAL PADDR: 0 VADDR: 0 PROW: 1 PBANK: e CYCLE: 102248659
NORMAL PADDR: 0 VADDR: 0 PROW: 1 PBANK: f CYCLE: 102248659
PNORMAL PADDR: 0 VADDR: 0 PROW: 3 PBANK: f CYCLE: 102248659
NORMAL PADDR: 0 VADDR: 0 PROW: 0 PBANK: 0 CYCLE: 102248659
PNORMAL PADDR: 0 VADDR: 0 PROW: 0 PBANK: 0 CYCLE: 102248659
NORMAL PADDR: 0 VADDR: 0 PROW: 0 PBANK: 1 CYCLE: 102248659
PNORMAL PADDR: 0 VADDR: 0 PROW: 0 PBANK: 1 CYCLE: 102248659
NORMAL PADDR: 0 VADDR: 0 PROW: 0 PBANK: 2 CYCLE: 102248659
PNORMAL PADDR: 0 VADDR: 0 PROW: 0 PBANK: 2 CYCLE: 102248659
NORMAL PADDR: 0 VADDR: 0 PROW: 0 PBANK: 3 CYCLE: 102248659
PNORMAL PADDR: 0 VADDR: 0 PROW: 0 PBANK: 3 CYCLE: 102248659
NORMAL PADDR: 0 VADDR: 0 PROW: 0 PBANK: 4 CYCLE: 102248659
PNORMAL PADDR: 0 VADDR: 0 PROW: 0 PBANK: 4 CYCLE: 102248659
NORMAL PADDR: 0 VADDR: 0 PROW: 0 PBANK: 5 CYCLE: 102248659
PNORMAL PADDR: 0 VADDR: 0 PROW: 0 PBANK: 5 CYCLE: 102248659
NORMAL PADDR: 0 VADDR: 0 PROW: 0 PBANK: 6 CYCLE: 102248659
PNORMAL PADDR: 0 VADDR: 0 PROW: 0 PBANK: 6 CYCLE: 102248659
NORMAL PADDR: 0 VADDR: 0 PROW: 0 PBANK: 7 CYCLE: 102248659
PNORMAL PADDR: 0 VADDR: 0 PROW: 0 PBANK: 7 CYCLE: 102248659
NORMAL PADDR: 0 VADDR: 0 PROW: 0 PBANK: 8 CYCLE: 102248659
PNORMAL PADDR: 0 VADDR: 0 PROW: 0 PBANK: 8 CYCLE: 102248659
NORMAL PADDR: 0 VADDR: 0 PROW: 0 PBANK: 9 CYCLE: 102248659
PNORMAL PADDR: 0 VADDR: 0 PROW: 0 PBANK: 9 CYCLE: 102248659
NORMAL PADDR: 0 VADDR: 0 PROW: 0 PBANK: a CYCLE: 102248659
PNORMAL PADDR: 0 VADDR: 0 PROW: 0 PBANK: a CYCLE: 102248659
NORMAL PADDR: 0 VADDR: 0 PROW: 0 PBANK: b CYCLE: 102248659
PNORMAL PADDR: 0 VADDR: 0 PROW: 0 PBANK: b CYCLE: 102248659
NORMAL PADDR: 0 VADDR: 0 PROW: 0 PBANK: c CYCLE: 102248659
PNORMAL PADDR: 0 VADDR: 0 PROW: 0 PBANK: c CYCLE: 102248659
NORMAL PADDR: 0 VADDR: 0 PROW: 0 PBANK: d CYCLE: 102248659
PNORMAL PADDR: 0 VADDR: 0 PROW: 0 PBANK: d CYCLE: 102248659
NORMAL PADDR: 0 VADDR: 0 PROW: 0 PBANK: e CYCLE: 102248659
PNORMAL PADDR: 0 VADDR: 0 PROW: 0 PBANK: e CYCLE: 102248659
NORMAL PADDR: 0 VADDR: 0 PROW: 0 PBANK: f CYCLE: 102248659
PNORMAL PADDR: 0 VADDR: 0 PROW: 0 PBANK: f CYCLE: 102248659
NORMAL PADDR: 0 VADDR: 0 PROW: 1 PBANK: 0 CYCLE: 102248659
PNORMAL PADDR: 0 VADDR: 0 PROW: 1 PBANK: 0 CYCLE: 102248659
NORMAL PADDR: 0 VADDR: 0 PROW: 1 PBANK: 1 CYCLE: 102248659
PNORMAL PADDR: 0 VADDR: 0 PROW: 1 PBANK: 1 CYCLE: 102248659
NORMAL PADDR: 0 VADDR: 0 PROW: 1 PBANK: 2 CYCLE: 102248659
PNORMAL PADDR: 0 VADDR: 0 PROW: 1 PBANK: 2 CYCLE: 102248659
NORMAL PADDR: 0 VADDR: 0 PROW: 1 PBANK: 3 CYCLE: 102248659
PNORMAL PADDR: 0 VADDR: 0 PROW: 1 PBANK: 3 CYCLE: 102248659
NORMAL PADDR: 0 VADDR: 0 PROW: 1 PBANK: 4 CYCLE: 102248659
PNORMAL PADDR: 0 VADDR: 0 PROW: 1 PBANK: 4 CYCLE: 102248659
NORMAL PADDR: 0 VADDR: 0 PROW: 1 PBANK: 5 CYCLE: 102248659
PNORMAL PADDR: 0 VADDR: 0 PROW: 1 PBANK: 5 CYCLE: 102248659
NORMAL PADDR: 0 VADDR: 0 PROW: 1 PBANK: 6 CYCLE: 102248659
PNORMAL PADDR: 0 VADDR: 0 PROW: 1 PBANK: 6 CYCLE: 102248659
NORMAL PADDR: 0 VADDR: 0 PROW: 1 PBANK: 7 CYCLE: 102248659
PNORMAL PADDR: 0 VADDR: 0 PROW: 1 PBANK: 7 CYCLE: 102248659
NORMAL PADDR: 0 VADDR: 0 PROW: 1 PBANK: 8 CYCLE: 102248659
PNORMAL PADDR: 0 VADDR: 0 PROW: 1 PBANK: 8 CYCLE: 102248659
NORMAL PADDR: 0 VADDR: 0 PROW: 1 PBANK: 9 CYCLE: 102248659
PNORMAL PADDR: 0 VADDR: 0 PROW: 1 PBANK: 9 CYCLE: 102248659
NORMAL PADDR: 0 VADDR: 0 PROW: 1 PBANK: a CYCLE: 102248659
PNORMAL PADDR: 0 VADDR: 0 PROW: 1 PBANK: a CYCLE: 102248659
NORMAL PADDR: 0 VADDR: 0 PROW: 1 PBANK: b CYCLE: 102248659
PNORMAL PADDR: 0 VADDR: 0 PROW: 1 PBANK: b CYCLE: 102248659
NORMAL PADDR: 0 VADDR: 0 PROW: 1 PBANK: c CYCLE: 102248659
PNORMAL PADDR: 0 VADDR: 0 PROW: 1 PBANK: c CYCLE: 102248659
NORMAL PADDR: 0 VADDR: 0 PROW: 1 PBANK: d CYCLE: 102248659
PNORMAL PADDR: 0 VADDR: 0 PROW: 1 PBANK: d CYCLE: 102248659
NORMAL PADDR: 0 VADDR: 0 PROW: 1 PBANK: e CYCLE: 102248659
PNORMAL PADDR: 0 VADDR: 0 PROW: 1 PBANK: e CYCLE: 102248659
NORMAL PADDR: 0 VADDR: 0 PROW: 1 PBANK: f CYCLE: 102248659
PNORMAL PADDR: 0 VADDR: 0 PROW: 7ffe PBANK: f CYCLE: 204472339
NORMAL PADDR: 0 VADDR: 0 PROW: 7fff PBANK: 0 CYCLE: 204472339
PNORMAL PADDR: 0 VADDR: 0 PROW: 7fff PBANK: 0 CYCLE: 204472339
NORMAL PADDR: 0 VADDR: 0 PROW: 7fff PBANK: 1 CYCLE: 204472339
PNORMAL PADDR: 0 VADDR: 0 PROW: 7fff PBANK: 1 CYCLE: 204472339
NORMAL PADDR: 0 VADDR: 0 PROW: 7fff PBANK: 2 CYCLE: 204472339
PNORMAL PADDR: 0 VADDR: 0 PROW: 7fff PBANK: 2 CYCLE: 204472339
NORMAL PADDR: 0 VADDR: 0 PROW: 7fff PBANK: 3 CYCLE: 204472339
PNORMAL PADDR: 0 VADDR: 0 PROW: 7fff PBANK: 3 CYCLE: 204472339
NORMAL PADDR: 0 VADDR: 0 PROW: 7fff PBANK: 4 CYCLE: 204472339
PNORMAL PADDR: 0 VADDR: 0 PROW: 7fff PBANK: 4 CYCLE: 204472339
NORMAL PADDR: 0 VADDR: 0 PROW: 7fff PBANK: 5 CYCLE: 204472339
PNORMAL PADDR: 0 VADDR: 0 PROW: 7fff PBANK: 5 CYCLE: 204472339
NORMAL PADDR: 0 VADDR: 0 PROW: 7fff PBANK: 6 CYCLE: 204472339
PNORMAL PADDR: 0 VADDR: 0 PROW: 7fff PBANK: 6 CYCLE: 204472339
NORMAL PADDR: 0 VADDR: 0 PROW: 7fff PBANK: 7 CYCLE: 204472339
PNORMAL PADDR: 0 VADDR: 0 PROW: 7fff PBANK: 7 CYCLE: 204472339
NORMAL PADDR: 0 VADDR: 0 PROW: 7fff PBANK: 8 CYCLE: 204472339
PNORMAL PADDR: 0 VADDR: 0 PROW: 7fff PBANK: 8 CYCLE: 204472339
NORMAL PADDR: 0 VADDR: 0 PROW: 7fff PBANK: 9 CYCLE: 204472339
PNORMAL PADDR: 0 VADDR: 0 PROW: 7fff PBANK: 9 CYCLE: 204472339
NORMAL PADDR: 0 VADDR: 0 PROW: 7fff PBANK: a CYCLE: 204472339
PNORMAL PADDR: 0 VADDR: 0 PROW: 7fff PBANK: a CYCLE: 204472339
NORMAL PADDR: 0 VADDR: 0 PROW: 7fff PBANK: b CYCLE: 204472339
PNORMAL PADDR: 0 VADDR: 0 PROW: 7fff PBANK: b CYCLE: 204472339
NORMAL PADDR: 0 VADDR: 0 PROW: 7fff PBANK: c CYCLE: 204472339
PNORMAL PADDR: 0 VADDR: 0 PROW: 7fff PBANK: c CYCLE: 204472339
NORMAL PADDR: 0 VADDR: 0 PROW: 7fff PBANK: d CYCLE: 204472339
PNORMAL PADDR: 0 VADDR: 0 PROW: 7fff PBANK: d CYCLE: 204472339
NORMAL PADDR: 0 VADDR: 0 PROW: 7fff PBANK: e CYCLE: 204472339
PNORMAL PADDR: 0 VADDR: 0 PROW: 7fff PBANK: e CYCLE: 204472339
NORMAL PADDR: 0 VADDR: 0 PROW: 7fff PBANK: f CYCLE: 204472339
PNORMAL PADDR: 0 VADDR: 0 PROW: 7ffe PBANK: f CYCLE: 204472339
NORMAL PADDR: 0 VADDR: 0 PROW: 7fff PBANK: 0 CYCLE: 204472339
PNORMAL PADDR: 0 VADDR: 0 PROW: 7fff PBANK: 0 CYCLE: 204472339
NORMAL PADDR: 0 VADDR: 0 PROW: 7fff PBANK: 1 CYCLE: 204472339
PNORMAL PADDR: 0 VADDR: 0 PROW: 7fff PBANK: 1 CYCLE: 204472339
NORMAL PADDR: 0 VADDR: 0 PROW: 7fff PBANK: 2 CYCLE: 204472339
PNORMAL PADDR: 0 VADDR: 0 PROW: 7fff PBANK: 2 CYCLE: 204472339
NORMAL PADDR: 0 VADDR: 0 PROW: 7fff PBANK: 3 CYCLE: 204472339
PNORMAL PADDR: 0 VADDR: 0 PROW: 7fff PBANK: 3 CYCLE: 204472339
NORMAL PADDR: 0 VADDR: 0 PROW: 7fff PBANK: 4 CYCLE: 204472339
PNORMAL PADDR: 0 VADDR: 0 PROW: 7fff PBANK: 4 CYCLE: 204472339
NORMAL PADDR: 0 VADDR: 0 PROW: 7fff PBANK: 5 CYCLE: 204472339
PNORMAL PADDR: 0 VADDR: 0 PROW: 7fff PBANK: 5 CYCLE: 204472339
NORMAL PADDR: 0 VADDR: 0 PROW: 7fff PBANK: 6 CYCLE: 204472339
PNORMAL PADDR: 0 VADDR: 0 PROW: 7fff PBANK: 6 CYCLE: 204472339
NORMAL PADDR: 0 VADDR: 0 PROW: 7fff PBANK: 7 CYCLE: 204472339
PNORMAL PADDR: 0 VADDR: 0 PROW: 7fff PBANK: 7 CYCLE: 204472339
NORMAL PADDR: 0 VADDR: 0 PROW: 7fff PBANK: 8 CYCLE: 204472339
PNORMAL PADDR: 0 VADDR: 0 PROW: 7fff PBANK: 8 CYCLE: 204472339
NORMAL PADDR: 0 VADDR: 0 PROW: 7fff PBANK: 9 CYCLE: 204472339
PNORMAL PADDR: 0 VADDR: 0 PROW: 7fff PBANK: 9 CYCLE: 204472339
NORMAL PADDR: 0 VADDR: 0 PROW: 7fff PBANK: a CYCLE: 204472339
PNORMAL PADDR: 0 VADDR: 0 PROW: 7fff PBANK: a CYCLE: 204472339
NORMAL PADDR: 0 VADDR: 0 PROW: 7fff PBANK: b CYCLE: 204472339
PNORMAL PADDR: 0 VADDR: 0 PROW: 7fff PBANK: b CYCLE: 204472339
NORMAL PADDR: 0 VADDR: 0 PROW: 7fff PBANK: c CYCLE: 204472339
PNORMAL PADDR: 0 VADDR: 0 PROW: 7fff PBANK: c CYCLE: 204472339
NORMAL PADDR: 0 VADDR: 0 PROW: 7fff PBANK: d CYCLE: 204472339
PNORMAL PADDR: 0 VADDR: 0 PROW: 7fff PBANK: d CYCLE: 204472339
NORMAL PADDR: 0 VADDR: 0 PROW: 7fff PBANK: e CYCLE: 204472339
PNORMAL PADDR: 0 VADDR: 0 PROW: 7fff PBANK: e CYCLE: 204472339
NORMAL PADDR: 0 VADDR: 0 PROW: 7fff PBANK: f CYCLE: 204472339
PWRITEBACK PADDR: cc84ac0 VADDR: 0 PROW: 341 PBANK: 5 CYCLE: 204484390
NORMAL PADDR: 0 VADDR: 0 PROW: 0 PBANK: 0 CYCLE: 204484819
PNORMAL PADDR: 0 VADDR: 0 PROW: 0 PBANK: 0 CYCLE: 204484819
NORMAL PADDR: 0 VADDR: 0 PROW: 0 PBANK: 1 CYCLE: 204484819
PNORMAL PADDR: 0 VADDR: 0 PROW: 0 PBANK: 1 CYCLE: 204484819
NORMAL PADDR: 0 VADDR: 0 PROW: 0 PBANK: 2 CYCLE: 204484819
PNORMAL PADDR: 0 VADDR: 0 PROW: 0 PBANK: 2 CYCLE: 204484819
NORMAL PADDR: 0 VADDR: 0 PROW: 0 PBANK: 3 CYCLE: 204484819
PNORMAL PADDR: 0 VADDR: 0 PROW: 0 PBANK: 3 CYCLE: 204484819
NORMAL PADDR: 0 VADDR: 0 PROW: 0 PBANK: 4 CYCLE: 204484819
PNORMAL PADDR: 0 VADDR: 0 PROW: 0 PBANK: 4 CYCLE: 204484819
NORMAL PADDR: 0 VADDR: 0 PROW: 0 PBANK: 5 CYCLE: 204484819
PNORMAL PADDR: 0 VADDR: 0 PROW: 0 PBANK: 5 CYCLE: 204484819
NORMAL PADDR: 0 VADDR: 0 PROW: 0 PBANK: 6 CYCLE: 204484819
PNORMAL PADDR: 0 VADDR: 0 PROW: 0 PBANK: 6 CYCLE: 204484819
NORMAL PADDR: 0 VADDR: 0 PROW: 0 PBANK: 7 CYCLE: 204484819
PNORMAL PADDR: 0 VADDR: 0 PROW: 0 PBANK: 7 CYCLE: 204484819
NORMAL PADDR: 0 VADDR: 0 PROW: 0 PBANK: 8 CYCLE: 204484819
PNORMAL PADDR: 0 VADDR: 0 PROW: 0 PBANK: 8 CYCLE: 204484819
NORMAL PADDR: 0 VADDR: 0 PROW: 0 PBANK: 9 CYCLE: 204484819
PNORMAL PADDR: 0 VADDR: 0 PROW: 0 PBANK: 9 CYCLE: 204484819
NORMAL PADDR: 0 VADDR: 0 PROW: 0 PBANK: a CYCLE: 204484819
PNORMAL PADDR: 0 VADDR: 0 PROW: 0 PBANK: a CYCLE: 204484819
NORMAL PADDR: 0 VADDR: 0 PROW: 0 PBANK: b CYCLE: 204484819
PNORMAL PADDR: 0 VADDR: 0 PROW: 0 PBANK: b CYCLE: 204484819
NORMAL PADDR: 0 VADDR: 0 PROW: 0 PBANK: c CYCLE: 204484819
PNORMAL PADDR: 0 VADDR: 0 PROW: 0 PBANK: c CYCLE: 204484819
NORMAL PADDR: 0 VADDR: 0 PROW: 0 PBANK: d CYCLE: 204484819
PNORMAL PADDR: 0 VADDR: 0 PROW: 0 PBANK: d CYCLE: 204484819
NORMAL PADDR: 0 VADDR: 0 PROW: 0 PBANK: e CYCLE: 204484819
PNORMAL PADDR: 0 VADDR: 0 PROW: 0 PBANK: e CYCLE: 204484819
NORMAL PADDR: 0 VADDR: 0 PROW: 0 PBANK: f CYCLE: 204484819
PNORMAL PADDR: 0 VADDR: 0 PROW: 0 PBANK: f CYCLE: 204484819
NORMAL PADDR: 0 VADDR: 0 PROW: 1 PBANK: 0 CYCLE: 204484819
PNORMAL PADDR: 0 VADDR: 0 PROW: 1 PBANK: 0 CYCLE: 204484819
NORMAL PADDR: 0 VADDR: 0 PROW: 1 PBANK: 1 CYCLE: 204484819
PNORMAL PADDR: 0 VADDR: 0 PROW: 1 PBANK: 1 CYCLE: 204484819
NORMAL PADDR: 0 VADDR: 0 PROW: 1 PBANK: 2 CYCLE: 204484819
PNORMAL PADDR: 0 VADDR: 0 PROW: 1 PBANK: 2 CYCLE: 204484819
NORMAL PADDR: 0 VADDR: 0 PROW: 1 PBANK: 3 CYCLE: 204484819
PNORMAL PADDR: 0 VADDR: 0 PROW: 1 PBANK: 3 CYCLE: 204484819
NORMAL PADDR: 0 VADDR: 0 PROW: 1 PBANK: 4 CYCLE: 204484819
PNORMAL PADDR: 0 VADDR: 0 PROW: 1 PBANK: 4 CYCLE: 204484819
NORMAL PADDR: 0 VADDR: 0 PROW: 1 PBANK: 5 CYCLE: 204484819
PNORMAL PADDR: 0 VADDR: 0 PROW: 1 PBANK: 5 CYCLE: 204484819
NORMAL PADDR: 0 VADDR: 0 PROW: 1 PBANK: 6 CYCLE: 204484819
PNORMAL PADDR: 0 VADDR: 0 PROW: 1 PBANK: 6 CYCLE: 204484819
NORMAL PADDR: 0 VADDR: 0 PROW: 1 PBANK: 7 CYCLE: 204484819
PNORMAL PADDR: 0 VADDR: 0 PROW: 1 PBANK: 7 CYCLE: 204484819
NORMAL PADDR: 0 VADDR: 0 PROW: 1 PBANK: 8 CYCLE: 204484819
PNORMAL PADDR: 0 VADDR: 0 PROW: 1 PBANK: 8 CYCLE: 204484819
NORMAL PADDR: 0 VADDR: 0 PROW: 1 PBANK: 9 CYCLE: 204484819
PNORMAL PADDR: 0 VADDR: 0 PROW: 1 PBANK: 9 CYCLE: 204484819
NORMAL PADDR: 0 VADDR: 0 PROW: 1 PBANK: a CYCLE: 204484819
PNORMAL PADDR: 0 VADDR: 0 PROW: 1 PBANK: a CYCLE: 204484819
NORMAL PADDR: 0 VADDR: 0 PROW: 1 PBANK: b CYCLE: 204484819
PNORMAL PADDR: 0 VADDR: 0 PROW: 1 PBANK: b CYCLE: 204484819
NORMAL PADDR: 0 VADDR: 0 PROW: 1 PBANK: c CYCLE: 204484819
PNORMAL PADDR: 0 VADDR: 0 PROW: 1 PBANK: c CYCLE: 204484819
NORMAL PADDR: 0 VADDR: 0 PROW: 1 PBANK: d CYCLE: 204484819
PNORMAL PADDR: 0 VADDR: 0 PROW: 1 PBANK: d CYCLE: 204484819
NORMAL PADDR: 0 VADDR: 0 PROW: 1 PBANK: e CYCLE: 204484819
PNORMAL PADDR: 0 VADDR: 0 PROW: 1 PBANK: e CYCLE: 204484819
NORMAL PADDR: 0 VADDR: 0 PROW: 1 PBANK: f CYCLE: 204484819
PNORMAL PADDR: 0 VADDR: 0 PROW: 3 PBANK: f CYCLE: 204484819
NORMAL PADDR: 0 VADDR: 0 PROW: 0 PBANK: 0 CYCLE: 204484819
PNORMAL PADDR: 0 VADDR: 0 PROW: 0 PBANK: 0 CYCLE: 204484819
NORMAL PADDR: 0 VADDR: 0 PROW: 0 PBANK: 1 CYCLE: 204484819
PNORMAL PADDR: 0 VADDR: 0 PROW: 0 PBANK: 1 CYCLE: 204484819
NORMAL PADDR: 0 VADDR: 0 PROW: 0 PBANK: 2 CYCLE: 204484819
PNORMAL PADDR: 0 VADDR: 0 PROW: 0 PBANK: 2 CYCLE: 204484819
NORMAL PADDR: 0 VADDR: 0 PROW: 0 PBANK: 3 CYCLE: 204484819
PNORMAL PADDR: 0 VADDR: 0 PROW: 0 PBANK: 3 CYCLE: 204484819
NORMAL PADDR: 0 VADDR: 0 PROW: 0 PBANK: 4 CYCLE: 204484819
PNORMAL PADDR: 0 VADDR: 0 PROW: 0 PBANK: 4 CYCLE: 204484819
NORMAL PADDR: 0 VADDR: 0 PROW: 0 PBANK: 5 CYCLE: 204484819
PNORMAL PADDR: 0 VADDR: 0 PROW: 0 PBANK: 5 CYCLE: 204484819
NORMAL PADDR: 0 VADDR: 0 PROW: 0 PBANK: 6 CYCLE: 204484819
PNORMAL PADDR: 0 VADDR: 0 PROW: 0 PBANK: 6 CYCLE: 204484819
NORMAL PADDR: 0 VADDR: 0 PROW: 0 PBANK: 7 CYCLE: 204484819
PNORMAL PADDR: 0 VADDR: 0 PROW: 0 PBANK: 7 CYCLE: 204484819
NORMAL PADDR: 0 VADDR: 0 PROW: 0 PBANK: 8 CYCLE: 204484819
PNORMAL PADDR: 0 VADDR: 0 PROW: 0 PBANK: 8 CYCLE: 204484819
NORMAL PADDR: 0 VADDR: 0 PROW: 0 PBANK: 9 CYCLE: 204484819
PNORMAL PADDR: 0 VADDR: 0 PROW: 0 PBANK: 9 CYCLE: 204484819
NORMAL PADDR: 0 VADDR: 0 PROW: 0 PBANK: a CYCLE: 204484819
PNORMAL PADDR: 0 VADDR: 0 PROW: 0 PBANK: a CYCLE: 204484819
NORMAL PADDR: 0 VADDR: 0 PROW: 0 PBANK: b CYCLE: 204484819
PNORMAL PADDR: 0 VADDR: 0 PROW: 0 PBANK: b CYCLE: 204484819
NORMAL PADDR: 0 VADDR: 0 PROW: 0 PBANK: c CYCLE: 204484819
PNORMAL PADDR: 0 VADDR: 0 PROW: 0 PBANK: c CYCLE: 204484819
NORMAL PADDR: 0 VADDR: 0 PROW: 0 PBANK: d CYCLE: 204484819
PNORMAL PADDR: 0 VADDR: 0 PROW: 0 PBANK: d CYCLE: 204484819
NORMAL PADDR: 0 VADDR: 0 PROW: 0 PBANK: e CYCLE: 204484819
PNORMAL PADDR: 0 VADDR: 0 PROW: 0 PBANK: e CYCLE: 204484819
NORMAL PADDR: 0 VADDR: 0 PROW: 0 PBANK: f CYCLE: 204484819
PNORMAL PADDR: 0 VADDR: 0 PROW: 0 PBANK: f CYCLE: 204484819
NORMAL PADDR: 0 VADDR: 0 PROW: 1 PBANK: 0 CYCLE: 204484819
PNORMAL PADDR: 0 VADDR: 0 PROW: 1 PBANK: 0 CYCLE: 204484819
NORMAL PADDR: 0 VADDR: 0 PROW: 1 PBANK: 1 CYCLE: 204484819
PNORMAL PADDR: 0 VADDR: 0 PROW: 1 PBANK: 1 CYCLE: 204484819
NORMAL PADDR: 0 VADDR: 0 PROW: 1 PBANK: 2 CYCLE: 204484819
PNORMAL PADDR: 0 VADDR: 0 PROW: 1 PBANK: 2 CYCLE: 204484819
NORMAL PADDR: 0 VADDR: 0 PROW: 1 PBANK: 3 CYCLE: 204484819
PNORMAL PADDR: 0 VADDR: 0 PROW: 1 PBANK: 3 CYCLE: 204484819
NORMAL PADDR: 0 VADDR: 0 PROW: 1 PBANK: 4 CYCLE: 204484819
PNORMAL PADDR: 0 VADDR: 0 PROW: 1 PBANK: 4 CYCLE: 204484819
NORMAL PADDR: 0 VADDR: 0 PROW: 1 PBANK: 5 CYCLE: 204484819
PNORMAL PADDR: 0 VADDR: 0 PROW: 1 PBANK: 5 CYCLE: 204484819
NORMAL PADDR: 0 VADDR: 0 PROW: 1 PBANK: 6 CYCLE: 204484819
PNORMAL PADDR: 0 VADDR: 0 PROW: 1 PBANK: 6 CYCLE: 204484819
NORMAL PADDR: 0 VADDR: 0 PROW: 1 PBANK: 7 CYCLE: 204484819
PNORMAL PADDR: 0 VADDR: 0 PROW: 1 PBANK: 7 CYCLE: 204484819
NORMAL PADDR: 0 VADDR: 0 PROW: 1 PBANK: 8 CYCLE: 204484819
PNORMAL PADDR: 0 VADDR: 0 PROW: 1 PBANK: 8 CYCLE: 204484819
NORMAL PADDR: 0 VADDR: 0 PROW: 1 PBANK: 9 CYCLE: 204484819
PNORMAL PADDR: 0 VADDR: 0 PROW: 1 PBANK: 9 CYCLE: 204484819
NORMAL PADDR: 0 VADDR: 0 PROW: 1 PBANK: a CYCLE: 204484819
PNORMAL PADDR: 0 VADDR: 0 PROW: 1 PBANK: a CYCLE: 204484819
NORMAL PADDR: 0 VADDR: 0 PROW: 1 PBANK: b CYCLE: 204484819
PNORMAL PADDR: 0 VADDR: 0 PROW: 1 PBANK: b CYCLE: 204484819
NORMAL PADDR: 0 VADDR: 0 PROW: 1 PBANK: c CYCLE: 204484819
PNORMAL PADDR: 0 VADDR: 0 PROW: 1 PBANK: c CYCLE: 204484819
NORMAL PADDR: 0 VADDR: 0 PROW: 1 PBANK: d CYCLE: 204484819
PNORMAL PADDR: 0 VADDR: 0 PROW: 1 PBANK: d CYCLE: 204484819
NORMAL PADDR: 0 VADDR: 0 PROW: 1 PBANK: e CYCLE: 204484819
PNORMAL PADDR: 0 VADDR: 0 PROW: 1 PBANK: e CYCLE: 204484819
NORMAL PADDR: 0 VADDR: 0 PROW: 1 PBANK: f CYCLE: 204484819
PNORMAL PADDR: 0 VADDR: 0 PROW: 7ffe PBANK: f CYCLE: 306708479
NORMAL PADDR: 0 VADDR: 0 PROW: 7fff PBANK: 0 CYCLE: 306708479
PNORMAL PADDR: 0 VADDR: 0 PROW: 7fff PBANK: 0 CYCLE: 306708479
NORMAL PADDR: 0 VADDR: 0 PROW: 7fff PBANK: 1 CYCLE: 306708479
PNORMAL PADDR: 0 VADDR: 0 PROW: 7fff PBANK: 1 CYCLE: 306708479
NORMAL PADDR: 0 VADDR: 0 PROW: 7fff PBANK: 2 CYCLE: 306708479
PNORMAL PADDR: 0 VADDR: 0 PROW: 7fff PBANK: 2 CYCLE: 306708479
NORMAL PADDR: 0 VADDR: 0 PROW: 7fff PBANK: 3 CYCLE: 306708479
PNORMAL PADDR: 0 VADDR: 0 PROW: 7fff PBANK: 3 CYCLE: 306708479
NORMAL PADDR: 0 VADDR: 0 PROW: 7fff PBANK: 4 CYCLE: 306708479
PNORMAL PADDR: 0 VADDR: 0 PROW: 7fff PBANK: 4 CYCLE: 306708479
NORMAL PADDR: 0 VADDR: 0 PROW: 7fff PBANK: 5 CYCLE: 306708479
PNORMAL PADDR: 0 VADDR: 0 PROW: 7fff PBANK: 5 CYCLE: 306708479
NORMAL PADDR: 0 VADDR: 0 PROW: 7fff PBANK: 6 CYCLE: 306708479
PNORMAL PADDR: 0 VADDR: 0 PROW: 7fff PBANK: 6 CYCLE: 306708479
NORMAL PADDR: 0 VADDR: 0 PROW: 7fff PBANK: 7 CYCLE: 306708479
PNORMAL PADDR: 0 VADDR: 0 PROW: 7fff PBANK: 7 CYCLE: 306708479
NORMAL PADDR: 0 VADDR: 0 PROW: 7fff PBANK: 8 CYCLE: 306708479
PNORMAL PADDR: 0 VADDR: 0 PROW: 7fff PBANK: 8 CYCLE: 306708479
NORMAL PADDR: 0 VADDR: 0 PROW: 7fff PBANK: 9 CYCLE: 306708479
PNORMAL PADDR: 0 VADDR: 0 PROW: 7fff PBANK: 9 CYCLE: 306708479
NORMAL PADDR: 0 VADDR: 0 PROW: 7fff PBANK: a CYCLE: 306708479
PNORMAL PADDR: 0 VADDR: 0 PROW: 7fff PBANK: a CYCLE: 306708479
NORMAL PADDR: 0 VADDR: 0 PROW: 7fff PBANK: b CYCLE: 306708479
PNORMAL PADDR: 0 VADDR: 0 PROW: 7fff PBANK: b CYCLE: 306708479
NORMAL PADDR: 0 VADDR: 0 PROW: 7fff PBANK: c CYCLE: 306708479
PNORMAL PADDR: 0 VADDR: 0 PROW: 7fff PBANK: c CYCLE: 306708479
NORMAL PADDR: 0 VADDR: 0 PROW: 7fff PBANK: d CYCLE: 306708479
PNORMAL PADDR: 0 VADDR: 0 PROW: 7fff PBANK: d CYCLE: 306708479
NORMAL PADDR: 0 VADDR: 0 PROW: 7fff PBANK: e CYCLE: 306708479
PNORMAL PADDR: 0 VADDR: 0 PROW: 7fff PBANK: e CYCLE: 306708479
NORMAL PADDR: 0 VADDR: 0 PROW: 7fff PBANK: f CYCLE: 306708479
PNORMAL PADDR: 0 VADDR: 0 PROW: 7ffe PBANK: f CYCLE: 306708479
NORMAL PADDR: 0 VADDR: 0 PROW: 7fff PBANK: 0 CYCLE: 306708479
PNORMAL PADDR: 0 VADDR: 0 PROW: 7fff PBANK: 0 CYCLE: 306708479
NORMAL PADDR: 0 VADDR: 0 PROW: 7fff PBANK: 1 CYCLE: 306708479
PNORMAL PADDR: 0 VADDR: 0 PROW: 7fff PBANK: 1 CYCLE: 306708479
NORMAL PADDR: 0 VADDR: 0 PROW: 7fff PBANK: 2 CYCLE: 306708479
PNORMAL PADDR: 0 VADDR: 0 PROW: 7fff PBANK: 2 CYCLE: 306708479
NORMAL PADDR: 0 VADDR: 0 PROW: 7fff PBANK: 3 CYCLE: 306708479
PNORMAL PADDR: 0 VADDR: 0 PROW: 7fff PBANK: 3 CYCLE: 306708479
NORMAL PADDR: 0 VADDR: 0 PROW: 7fff PBANK: 4 CYCLE: 306708479
PNORMAL PADDR: 0 VADDR: 0 PROW: 7fff PBANK: 4 CYCLE: 306708479
NORMAL PADDR: 0 VADDR: 0 PROW: 7fff PBANK: 5 CYCLE: 306708479
PNORMAL PADDR: 0 VADDR: 0 PROW: 7fff PBANK: 5 CYCLE: 306708479
NORMAL PADDR: 0 VADDR: 0 PROW: 7fff PBANK: 6 CYCLE: 306708479
PNORMAL PADDR: 0 VADDR: 0 PROW: 7fff PBANK: 6 CYCLE: 306708479
NORMAL PADDR: 0 VADDR: 0 PROW: 7fff PBANK: 7 CYCLE: 306708479
PNORMAL PADDR: 0 VADDR: 0 PROW: 7fff PBANK: 7 CYCLE: 306708479
NORMAL PADDR: 0 VADDR: 0 PROW: 7fff PBANK: 8 CYCLE: 306708479
PNORMAL PADDR: 0 VADDR: 0 PROW: 7fff PBANK: 8 CYCLE: 306708479
NORMAL PADDR: 0 VADDR: 0 PROW: 7fff PBANK: 9 CYCLE: 306708479
PNORMAL PADDR: 0 VADDR: 0 PROW: 7fff PBANK: 9 CYCLE: 306708479
NORMAL PADDR: 0 VADDR: 0 PROW: 7fff PBANK: a CYCLE: 306708479
PNORMAL PADDR: 0 VADDR: 0 PROW: 7fff PBANK: a CYCLE: 306708479
NORMAL PADDR: 0 VADDR: 0 PROW: 7fff PBANK: b CYCLE: 306708479
PNORMAL PADDR: 0 VADDR: 0 PROW: 7fff PBANK: b CYCLE: 306708479
NORMAL PADDR: 0 VADDR: 0 PROW: 7fff PBANK: c CYCLE: 306708479
PNORMAL PADDR: 0 VADDR: 0 PROW: 7fff PBANK: c CYCLE: 306708479
NORMAL PADDR: 0 VADDR: 0 PROW: 7fff PBANK: d CYCLE: 306708479
PNORMAL PADDR: 0 VADDR: 0 PROW: 7fff PBANK: d CYCLE: 306708479
NORMAL PADDR: 0 VADDR: 0 PROW: 7fff PBANK: e CYCLE: 306708479
PNORMAL PADDR: 0 VADDR: 0 PROW: 7fff PBANK: e CYCLE: 306708479
NORMAL PADDR: 0 VADDR: 0 PROW: 7fff PBANK: f CYCLE: 306708479
PWRITEBACK PADDR: 1bf0bfc0 VADDR: 0 PROW: 70b PBANK: f CYCLE: 306720901
NORMAL PADDR: 0 VADDR: 0 PROW: 0 PBANK: 0 CYCLE: 306720979
PNORMAL PADDR: 0 VADDR: 0 PROW: 0 PBANK: 0 CYCLE: 306720979
NORMAL PADDR: 0 VADDR: 0 PROW: 0 PBANK: 1 CYCLE: 306720979
PNORMAL PADDR: 0 VADDR: 0 PROW: 0 PBANK: 1 CYCLE: 306720979
NORMAL PADDR: 0 VADDR: 0 PROW: 0 PBANK: 2 CYCLE: 306720979
PNORMAL PADDR: 0 VADDR: 0 PROW: 0 PBANK: 2 CYCLE: 306720979
NORMAL PADDR: 0 VADDR: 0 PROW: 0 PBANK: 3 CYCLE: 306720979
PNORMAL PADDR: 0 VADDR: 0 PROW: 0 PBANK: 3 CYCLE: 306720979
NORMAL PADDR: 0 VADDR: 0 PROW: 0 PBANK: 4 CYCLE: 306720979
PNORMAL PADDR: 0 VADDR: 0 PROW: 0 PBANK: 4 CYCLE: 306720979
NORMAL PADDR: 0 VADDR: 0 PROW: 0 PBANK: 5 CYCLE: 306720979
PNORMAL PADDR: 0 VADDR: 0 PROW: 0 PBANK: 5 CYCLE: 306720979
NORMAL PADDR: 0 VADDR: 0 PROW: 0 PBANK: 6 CYCLE: 306720979
PNORMAL PADDR: 0 VADDR: 0 PROW: 0 PBANK: 6 CYCLE: 306720979
NORMAL PADDR: 0 VADDR: 0 PROW: 0 PBANK: 7 CYCLE: 306720979
PNORMAL PADDR: 0 VADDR: 0 PROW: 0 PBANK: 7 CYCLE: 306720979
NORMAL PADDR: 0 VADDR: 0 PROW: 0 PBANK: 8 CYCLE: 306720979
PNORMAL PADDR: 0 VADDR: 0 PROW: 0 PBANK: 8 CYCLE: 306720979
NORMAL PADDR: 0 VADDR: 0 PROW: 0 PBANK: 9 CYCLE: 306720979
PNORMAL PADDR: 0 VADDR: 0 PROW: 0 PBANK: 9 CYCLE: 306720979
NORMAL PADDR: 0 VADDR: 0 PROW: 0 PBANK: a CYCLE: 306720979
PNORMAL PADDR: 0 VADDR: 0 PROW: 0 PBANK: a CYCLE: 306720979
NORMAL PADDR: 0 VADDR: 0 PROW: 0 PBANK: b CYCLE: 306720979
PNORMAL PADDR: 0 VADDR: 0 PROW: 0 PBANK: b CYCLE: 306720979
NORMAL PADDR: 0 VADDR: 0 PROW: 0 PBANK: c CYCLE: 306720979
PNORMAL PADDR: 0 VADDR: 0 PROW: 0 PBANK: c CYCLE: 306720979
NORMAL PADDR: 0 VADDR: 0 PROW: 0 PBANK: d CYCLE: 306720979
PNORMAL PADDR: 0 VADDR: 0 PROW: 0 PBANK: d CYCLE: 306720979
NORMAL PADDR: 0 VADDR: 0 PROW: 0 PBANK: e CYCLE: 306720979
PNORMAL PADDR: 0 VADDR: 0 PROW: 0 PBANK: e CYCLE: 306720979
NORMAL PADDR: 0 VADDR: 0 PROW: 0 PBANK: f CYCLE: 306720979
PNORMAL PADDR: 0 VADDR: 0 PROW: 0 PBANK: f CYCLE: 306720979
NORMAL PADDR: 0 VADDR: 0 PROW: 1 PBANK: 0 CYCLE: 306720979
PNORMAL PADDR: 0 VADDR: 0 PROW: 1 PBANK: 0 CYCLE: 306720979
NORMAL PADDR: 0 VADDR: 0 PROW: 1 PBANK: 1 CYCLE: 306720979
PNORMAL PADDR: 0 VADDR: 0 PROW: 1 PBANK: 1 CYCLE: 306720979
NORMAL PADDR: 0 VADDR: 0 PROW: 1 PBANK: 2 CYCLE: 306720979
PNORMAL PADDR: 0 VADDR: 0 PROW: 1 PBANK: 2 CYCLE: 306720979
NORMAL PADDR: 0 VADDR: 0 PROW: 1 PBANK: 3 CYCLE: 306720979
PNORMAL PADDR: 0 VADDR: 0 PROW: 1 PBANK: 3 CYCLE: 306720979
NORMAL PADDR: 0 VADDR: 0 PROW: 1 PBANK: 4 CYCLE: 306720979
PNORMAL PADDR: 0 VADDR: 0 PROW: 1 PBANK: 4 CYCLE: 306720979
NORMAL PADDR: 0 VADDR: 0 PROW: 1 PBANK: 5 CYCLE: 306720979
PNORMAL PADDR: 0 VADDR: 0 PROW: 1 PBANK: 5 CYCLE: 306720979
NORMAL PADDR: 0 VADDR: 0 PROW: 1 PBANK: 6 CYCLE: 306720979
PNORMAL PADDR: 0 VADDR: 0 PROW: 1 PBANK: 6 CYCLE: 306720979
NORMAL PADDR: 0 VADDR: 0 PROW: 1 PBANK: 7 CYCLE: 306720979
PNORMAL PADDR: 0 VADDR: 0 PROW: 1 PBANK: 7 CYCLE: 306720979
NORMAL PADDR: 0 VADDR: 0 PROW: 1 PBANK: 8 CYCLE: 306720979
PNORMAL PADDR: 0 VADDR: 0 PROW: 1 PBANK: 8 CYCLE: 306720979
NORMAL PADDR: 0 VADDR: 0 PROW: 1 PBANK: 9 CYCLE: 306720979
PNORMAL PADDR: 0 VADDR: 0 PROW: 1 PBANK: 9 CYCLE: 306720979
NORMAL PADDR: 0 VADDR: 0 PROW: 1 PBANK: a CYCLE: 306720979
PNORMAL PADDR: 0 VADDR: 0 PROW: 1 PBANK: a CYCLE: 306720979
NORMAL PADDR: 0 VADDR: 0 PROW: 1 PBANK: b CYCLE: 306720979
PNORMAL PADDR: 0 VADDR: 0 PROW: 1 PBANK: b CYCLE: 306720979
NORMAL PADDR: 0 VADDR: 0 PROW: 1 PBANK: c CYCLE: 306720979
PNORMAL PADDR: 0 VADDR: 0 PROW: 1 PBANK: c CYCLE: 306720979
NORMAL PADDR: 0 VADDR: 0 PROW: 1 PBANK: d CYCLE: 306720979
PNORMAL PADDR: 0 VADDR: 0 PROW: 1 PBANK: d CYCLE: 306720979
NORMAL PADDR: 0 VADDR: 0 PROW: 1 PBANK: e CYCLE: 306720979
PNORMAL PADDR: 0 VADDR: 0 PROW: 1 PBANK: e CYCLE: 306720979
NORMAL PADDR: 0 VADDR: 0 PROW: 1 PBANK: f CYCLE: 306720979
PNORMAL PADDR: 0 VADDR: 0 PROW: 3 PBANK: f CYCLE: 306720979
NORMAL PADDR: 0 VADDR: 0 PROW: 0 PBANK: 0 CYCLE: 306720979
PNORMAL PADDR: 0 VADDR: 0 PROW: 0 PBANK: 0 CYCLE: 306720979
NORMAL PADDR: 0 VADDR: 0 PROW: 0 PBANK: 1 CYCLE: 306720979
PNORMAL PADDR: 0 VADDR: 0 PROW: 0 PBANK: 1 CYCLE: 306720979
NORMAL PADDR: 0 VADDR: 0 PROW: 0 PBANK: 2 CYCLE: 306720979
PNORMAL PADDR: 0 VADDR: 0 PROW: 0 PBANK: 2 CYCLE: 306720979
NORMAL PADDR: 0 VADDR: 0 PROW: 0 PBANK: 3 CYCLE: 306720979
PNORMAL PADDR: 0 VADDR: 0 PROW: 0 PBANK: 3 CYCLE: 306720979
NORMAL PADDR: 0 VADDR: 0 PROW: 0 PBANK: 4 CYCLE: 306720979
PNORMAL PADDR: 0 VADDR: 0 PROW: 0 PBANK: 4 CYCLE: 306720979
NORMAL PADDR: 0 VADDR: 0 PROW: 0 PBANK: 5 CYCLE: 306720979
PNORMAL PADDR: 0 VADDR: 0 PROW: 0 PBANK: 5 CYCLE: 306720979
NORMAL PADDR: 0 VADDR: 0 PROW: 0 PBANK: 6 CYCLE: 306720979
PNORMAL PADDR: 0 VADDR: 0 PROW: 0 PBANK: 6 CYCLE: 306720979
NORMAL PADDR: 0 VADDR: 0 PROW: 0 PBANK: 7 CYCLE: 306720979
PNORMAL PADDR: 0 VADDR: 0 PROW: 0 PBANK: 7 CYCLE: 306720979
NORMAL PADDR: 0 VADDR: 0 PROW: 0 PBANK: 8 CYCLE: 306720979
PNORMAL PADDR: 0 VADDR: 0 PROW: 0 PBANK: 8 CYCLE: 306720979
NORMAL PADDR: 0 VADDR: 0 PROW: 0 PBANK: 9 CYCLE: 306720979
PNORMAL PADDR: 0 VADDR: 0 PROW: 0 PBANK: 9 CYCLE: 306720979
NORMAL PADDR: 0 VADDR: 0 PROW: 0 PBANK: a CYCLE: 306720979
PNORMAL PADDR: 0 VADDR: 0 PROW: 0 PBANK: a CYCLE: 306720979
NORMAL PADDR: 0 VADDR: 0 PROW: 0 PBANK: b CYCLE: 306720979
PNORMAL PADDR: 0 VADDR: 0 PROW: 0 PBANK: b CYCLE: 306720979
NORMAL PADDR: 0 VADDR: 0 PROW: 0 PBANK: c CYCLE: 306720979
PNORMAL PADDR: 0 VADDR: 0 PROW: 0 PBANK: c CYCLE: 306720979
NORMAL PADDR: 0 VADDR: 0 PROW: 0 PBANK: d CYCLE: 306720979
PNORMAL PADDR: 0 VADDR: 0 PROW: 0 PBANK: d CYCLE: 306720979
NORMAL PADDR: 0 VADDR: 0 PROW: 0 PBANK: e CYCLE: 306720979
PNORMAL PADDR: 0 VADDR: 0 PROW: 0 PBANK: e CYCLE: 306720979
NORMAL PADDR: 0 VADDR: 0 PROW: 0 PBANK: f CYCLE: 306720979
PNORMAL PADDR: 0 VADDR: 0 PROW: 0 PBANK: f CYCLE: 306720979
NORMAL PADDR: 0 VADDR: 0 PROW: 1 PBANK: 0 CYCLE: 306720979
PNORMAL PADDR: 0 VADDR: 0 PROW: 1 PBANK: 0 CYCLE: 306720979
NORMAL PADDR: 0 VADDR: 0 PROW: 1 PBANK: 1 CYCLE: 306720979
PNORMAL PADDR: 0 VADDR: 0 PROW: 1 PBANK: 1 CYCLE: 306720979
NORMAL PADDR: 0 VADDR: 0 PROW: 1 PBANK: 2 CYCLE: 306720979
PNORMAL PADDR: 0 VADDR: 0 PROW: 1 PBANK: 2 CYCLE: 306720979
NORMAL PADDR: 0 VADDR: 0 PROW: 1 PBANK: 3 CYCLE: 306720979
PNORMAL PADDR: 0 VADDR: 0 PROW: 1 PBANK: 3 CYCLE: 306720979
NORMAL PADDR: 0 VADDR: 0 PROW: 1 PBANK: 4 CYCLE: 306720979
PNORMAL PADDR: 0 VADDR: 0 PROW: 1 PBANK: 4 CYCLE: 306720979
NORMAL PADDR: 0 VADDR: 0 PROW: 1 PBANK: 5 CYCLE: 306720979
PNORMAL PADDR: 0 VADDR: 0 PROW: 1 PBANK: 5 CYCLE: 306720979
NORMAL PADDR: 0 VADDR: 0 PROW: 1 PBANK: 6 CYCLE: 306720979
PNORMAL PADDR: 0 VADDR: 0 PROW: 1 PBANK: 6 CYCLE: 306720979
NORMAL PADDR: 0 VADDR: 0 PROW: 1 PBANK: 7 CYCLE: 306720979
PNORMAL PADDR: 0 VADDR: 0 PROW: 1 PBANK: 7 CYCLE: 306720979
NORMAL PADDR: 0 VADDR: 0 PROW: 1 PBANK: 8 CYCLE: 306720979
PNORMAL PADDR: 0 VADDR: 0 PROW: 1 PBANK: 8 CYCLE: 306720979
NORMAL PADDR: 0 VADDR: 0 PROW: 1 PBANK: 9 CYCLE: 306720979
PNORMAL PADDR: 0 VADDR: 0 PROW: 1 PBANK: 9 CYCLE: 306720979
NORMAL PADDR: 0 VADDR: 0 PROW: 1 PBANK: a CYCLE: 306720979
PNORMAL PADDR: 0 VADDR: 0 PROW: 1 PBANK: a CYCLE: 306720979
NORMAL PADDR: 0 VADDR: 0 PROW: 1 PBANK: b CYCLE: 306720979
PNORMAL PADDR: 0 VADDR: 0 PROW: 1 PBANK: b CYCLE: 306720979
NORMAL PADDR: 0 VADDR: 0 PROW: 1 PBANK: c CYCLE: 306720979
PNORMAL PADDR: 0 VADDR: 0 PROW: 1 PBANK: c CYCLE: 306720979
NORMAL PADDR: 0 VADDR: 0 PROW: 1 PBANK: d CYCLE: 306720979
PNORMAL PADDR: 0 VADDR: 0 PROW: 1 PBANK: d CYCLE: 306720979
NORMAL PADDR: 0 VADDR: 0 PROW: 1 PBANK: e CYCLE: 306720979
PNORMAL PADDR: 0 VADDR: 0 PROW: 1 PBANK: e CYCLE: 306720979
NORMAL PADDR: 0 VADDR: 0 PROW: 1 PBANK: f CYCLE: 306720979
PNORMAL PADDR: 127cb8 VADDR: 0 PROW: 20 PBANK: 4 CYCLE: 12298
NORMAL PADDR: 0 VADDR: 0 PROW: 0 PBANK: 0 CYCLE: 12499
PNORMAL PADDR: 0 VADDR: 0 PROW: 0 PBANK: 0 CYCLE: 12499
NORMAL PADDR: 0 VADDR: 0 PROW: 0 PBANK: 1 CYCLE: 12499
PNORMAL PADDR: 0 VADDR: 0 PROW: 0 PBANK: 1 CYCLE: 12499
NORMAL PADDR: 0 VADDR: 0 PROW: 0 PBANK: 2 CYCLE: 12499
PNORMAL PADDR: 0 VADDR: 0 PROW: 0 PBANK: 2 CYCLE: 12499
NORMAL PADDR: 0 VADDR: 0 PROW: 0 PBANK: 3 CYCLE: 12499
PNORMAL PADDR: 0 VADDR: 0 PROW: 0 PBANK: 3 CYCLE: 12499
NORMAL PADDR: 0 VADDR: 0 PROW: 0 PBANK: 4 CYCLE: 12499
PNORMAL PADDR: 0 VADDR: 0 PROW: 0 PBANK: 4 CYCLE: 12499
NORMAL PADDR: 0 VADDR: 0 PROW: 0 PBANK: 5 CYCLE: 12499
PNORMAL PADDR: 0 VADDR: 0 PROW: 0 PBANK: 5 CYCLE: 12499
NORMAL PADDR: 0 VADDR: 0 PROW: 0 PBANK: 6 CYCLE: 12499
PNORMAL PADDR: 0 VADDR: 0 PROW: 0 PBANK: 6 CYCLE: 12499
NORMAL PADDR: 0 VADDR: 0 PROW: 0 PBANK: 7 CYCLE: 12499
PNORMAL PADDR: 0 VADDR: 0 PROW: 0 PBANK: 7 CYCLE: 12499
NORMAL PADDR: 0 VADDR: 0 PROW: 0 PBANK: 8 CYCLE: 12499
PNORMAL PADDR: 0 VADDR: 0 PROW: 0 PBANK: 8 CYCLE: 12499
NORMAL PADDR: 0 VADDR: 0 PROW: 0 PBANK: 9 CYCLE: 12499
PNORMAL PADDR: 0 VADDR: 0 PROW: 0 PBANK: 9 CYCLE: 12499
NORMAL PADDR: 0 VADDR: 0 PROW: 0 PBANK: a CYCLE: 12499
PNORMAL PADDR: 0 VADDR: 0 PROW: 0 PBANK: a CYCLE: 12499
NORMAL PADDR: 0 VADDR: 0 PROW: 0 PBANK: b CYCLE: 12499
PNORMAL PADDR: 0 VADDR: 0 PROW: 0 PBANK: b CYCLE: 12499
NORMAL PADDR: 0 VADDR: 0 PROW: 0 PBANK: c CYCLE: 12499
PNORMAL PADDR: 0 VADDR: 0 PROW: 0 PBANK: c CYCLE: 12499
NORMAL PADDR: 0 VADDR: 0 PROW: 0 PBANK: d CYCLE: 12499
PNORMAL PADDR: 0 VADDR: 0 PROW: 0 PBANK: d CYCLE: 12499
NORMAL PADDR: 0 VADDR: 0 PROW: 0 PBANK: e CYCLE: 12499
PNORMAL PADDR: 0 VADDR: 0 PROW: 0 PBANK: e CYCLE: 12499
NORMAL PADDR: 0 VADDR: 0 PROW: 0 PBANK: f CYCLE: 12499
PNORMAL PADDR: 0 VADDR: 0 PROW: 0 PBANK: f CYCLE: 12499
NORMAL PADDR: 0 VADDR: 0 PROW: 1 PBANK: 0 CYCLE: 12499
PNORMAL PADDR: 0 VADDR: 0 PROW: 1 PBANK: 0 CYCLE: 12499
NORMAL PADDR: 0 VADDR: 0 PROW: 1 PBANK: 1 CYCLE: 12499
PNORMAL PADDR: 0 VADDR: 0 PROW: 1 PBANK: 1 CYCLE: 12499
NORMAL PADDR: 0 VADDR: 0 PROW: 1 PBANK: 2 CYCLE: 12499
PNORMAL PADDR: 0 VADDR: 0 PROW: 1 PBANK: 2 CYCLE: 12499
NORMAL PADDR: 0 VADDR: 0 PROW: 1 PBANK: 3 CYCLE: 12499
PNORMAL PADDR: 0 VADDR: 0 PROW: 1 PBANK: 3 CYCLE: 12499
NORMAL PADDR: 0 VADDR: 0 PROW: 1 PBANK: 4 CYCLE: 12499
PNORMAL PADDR: 0 VADDR: 0 PROW: 1 PBANK: 4 CYCLE: 12499
NORMAL PADDR: 0 VADDR: 0 PROW: 1 PBANK: 5 CYCLE: 12499
PNORMAL PADDR: 0 VADDR: 0 PROW: 1 PBANK: 5 CYCLE: 12499
NORMAL PADDR: 0 VADDR: 0 PROW: 1 PBANK: 6 CYCLE: 12499
PNORMAL PADDR: 0 VADDR: 0 PROW: 1 PBANK: 6 CYCLE: 12499
NORMAL PADDR: 0 VADDR: 0 PROW: 1 PBANK: 7 CYCLE: 12499
PNORMAL PADDR: 0 VADDR: 0 PROW: 1 PBANK: 7 CYCLE: 12499
NORMAL PADDR: 0 VADDR: 0 PROW: 1 PBANK: 8 CYCLE: 12499
PNORMAL PADDR: 0 VADDR: 0 PROW: 1 PBANK: 8 CYCLE: 12499
NORMAL PADDR: 0 VADDR: 0 PROW: 1 PBANK: 9 CYCLE: 12499
PNORMAL PADDR: 0 VADDR: 0 PROW: 1 PBANK: 9 CYCLE: 12499
NORMAL PADDR: 0 VADDR: 0 PROW: 1 PBANK: a CYCLE: 12499
PNORMAL PADDR: 0 VADDR: 0 PROW: 1 PBANK: a CYCLE: 12499
NORMAL PADDR: 0 VADDR: 0 PROW: 1 PBANK: b CYCLE: 12499
PNORMAL PADDR: 0 VADDR: 0 PROW: 1 PBANK: b CYCLE: 12499
NORMAL PADDR: 0 VADDR: 0 PROW: 1 PBANK: c CYCLE: 12499
PNORMAL PADDR: 0 VADDR: 0 PROW: 1 PBANK: c CYCLE: 12499
NORMAL PADDR: 0 VADDR: 0 PROW: 1 PBANK: d CYCLE: 12499
PNORMAL PADDR: 0 VADDR: 0 PROW: 1 PBANK: d CYCLE: 12499
NORMAL PADDR: 0 VADDR: 0 PROW: 1 PBANK: e CYCLE: 12499
PNORMAL PADDR: 0 VADDR: 0 PROW: 1 PBANK: e CYCLE: 12499
NORMAL PADDR: 0 VADDR: 0 PROW: 1 PBANK: f CYCLE: 12499
PNORMAL PADDR: 0 VADDR: 0 PROW: 3 PBANK: f CYCLE: 12499
NORMAL PADDR: 0 VADDR: 0 PROW: 0 PBANK: 0 CYCLE: 12499
PNORMAL PADDR: 0 VADDR: 0 PROW: 0 PBANK: 0 CYCLE: 12499
NORMAL PADDR: 0 VADDR: 0 PROW: 0 PBANK: 1 CYCLE: 12499
PNORMAL PADDR: 0 VADDR: 0 PROW: 0 PBANK: 1 CYCLE: 12499
NORMAL PADDR: 0 VADDR: 0 PROW: 0 PBANK: 2 CYCLE: 12499
PNORMAL PADDR: 0 VADDR: 0 PROW: 0 PBANK: 2 CYCLE: 12499
NORMAL PADDR: 0 VADDR: 0 PROW: 0 PBANK: 3 CYCLE: 12499
PNORMAL PADDR: 0 VADDR: 0 PROW: 0 PBANK: 3 CYCLE: 12499
NORMAL PADDR: 0 VADDR: 0 PROW: 0 PBANK: 4 CYCLE: 12499
PNORMAL PADDR: 0 VADDR: 0 PROW: 0 PBANK: 4 CYCLE: 12499
NORMAL PADDR: 0 VADDR: 0 PROW: 0 PBANK: 5 CYCLE: 12499
PNORMAL PADDR: 0 VADDR: 0 PROW: 0 PBANK: 5 CYCLE: 12499
NORMAL PADDR: 0 VADDR: 0 PROW: 0 PBANK: 6 CYCLE: 12499
PNORMAL PADDR: 0 VADDR: 0 PROW: 0 PBANK: 6 CYCLE: 12499
NORMAL PADDR: 0 VADDR: 0 PROW: 0 PBANK: 7 CYCLE: 12499
PNORMAL PADDR: 0 VADDR: 0 PROW: 0 PBANK: 7 CYCLE: 12499
NORMAL PADDR: 0 VADDR: 0 PROW: 0 PBANK: 8 CYCLE: 12499
PNORMAL PADDR: 0 VADDR: 0 PROW: 0 PBANK: 8 CYCLE: 12499
NORMAL PADDR: 0 VADDR: 0 PROW: 0 PBANK: 9 CYCLE: 12499
PNORMAL PADDR: 0 VADDR: 0 PROW: 0 PBANK: 9 CYCLE: 12499
NORMAL PADDR: 0 VADDR: 0 PROW: 0 PBANK: a CYCLE: 12499
PNORMAL PADDR: 0 VADDR: 0 PROW: 0 PBANK: a CYCLE: 12499
NORMAL PADDR: 0 VADDR: 0 PROW: 0 PBANK: b CYCLE: 12499
PNORMAL PADDR: 0 VADDR: 0 PROW: 0 PBANK: b CYCLE: 12499
NORMAL PADDR: 0 VADDR: 0 PROW: 0 PBANK: c CYCLE: 12499
PNORMAL PADDR: 0 VADDR: 0 PROW: 0 PBANK: c CYCLE: 12499
NORMAL PADDR: 0 VADDR: 0 PROW: 0 PBANK: d CYCLE: 12499
PNORMAL PADDR: 0 VADDR: 0 PROW: 0 PBANK: d CYCLE: 12499
NORMAL PADDR: 0 VADDR: 0 PROW: 0 PBANK: e CYCLE: 12499
PNORMAL PADDR: 0 VADDR: 0 PROW: 0 PBANK: e CYCLE: 12499
NORMAL PADDR: 0 VADDR: 0 PROW: 0 PBANK: f CYCLE: 12499
PNORMAL PADDR: 0 VADDR: 0 PROW: 0 PBANK: f CYCLE: 12499
NORMAL PADDR: 0 VADDR: 0 PROW: 1 PBANK: 0 CYCLE: 12499
PNORMAL PADDR: 0 VADDR: 0 PROW: 1 PBANK: 0 CYCLE: 12499
NORMAL PADDR: 0 VADDR: 0 PROW: 1 PBANK: 1 CYCLE: 12499
PNORMAL PADDR: 0 VADDR: 0 PROW: 1 PBANK: 1 CYCLE: 12499
NORMAL PADDR: 0 VADDR: 0 PROW: 1 PBANK: 2 CYCLE: 12499
PNORMAL PADDR: 0 VADDR: 0 PROW: 1 PBANK: 2 CYCLE: 12499
NORMAL PADDR: 0 VADDR: 0 PROW: 1 PBANK: 3 CYCLE: 12499
PNORMAL PADDR: 0 VADDR: 0 PROW: 1 PBANK: 3 CYCLE: 12499
NORMAL PADDR: 0 VADDR: 0 PROW: 1 PBANK: 4 CYCLE: 12499
PNORMAL PADDR: 0 VADDR: 0 PROW: 1 PBANK: 4 CYCLE: 12499
NORMAL PADDR: 0 VADDR: 0 PROW: 1 PBANK: 5 CYCLE: 12499
PNORMAL PADDR: 0 VADDR: 0 PROW: 1 PBANK: 5 CYCLE: 12499
NORMAL PADDR: 0 VADDR: 0 PROW: 1 PBANK: 6 CYCLE: 12499
PNORMAL PADDR: 0 VADDR: 0 PROW: 1 PBANK: 6 CYCLE: 12499
NORMAL PADDR: 0 VADDR: 0 PROW: 1 PBANK: 7 CYCLE: 12499
PNORMAL PADDR: 0 VADDR: 0 PROW: 1 PBANK: 7 CYCLE: 12499
NORMAL PADDR: 0 VADDR: 0 PROW: 1 PBANK: 8 CYCLE: 12499
PNORMAL PADDR: 0 VADDR: 0 PROW: 1 PBANK: 8 CYCLE: 12499
NORMAL PADDR: 0 VADDR: 0 PROW: 1 PBANK: 9 CYCLE: 12499
PNORMAL PADDR: 0 VADDR: 0 PROW: 1 PBANK: 9 CYCLE: 12499
NORMAL PADDR: 0 VADDR: 0 PROW: 1 PBANK: a CYCLE: 12499
PNORMAL PADDR: 0 VADDR: 0 PROW: 1 PBANK: a CYCLE: 12499
NORMAL PADDR: 0 VADDR: 0 PROW: 1 PBANK: b CYCLE: 12499
PNORMAL PADDR: 0 VADDR: 0 PROW: 1 PBANK: b CYCLE: 12499
NORMAL PADDR: 0 VADDR: 0 PROW: 1 PBANK: c CYCLE: 12499
PNORMAL PADDR: 0 VADDR: 0 PROW: 1 PBANK: c CYCLE: 12499
NORMAL PADDR: 0 VADDR: 0 PROW: 1 PBANK: d CYCLE: 12499
PNORMAL PADDR: 0 VADDR: 0 PROW: 1 PBANK: d CYCLE: 12499
NORMAL PADDR: 0 VADDR: 0 PROW: 1 PBANK: e CYCLE: 12499
PNORMAL PADDR: 0 VADDR: 0 PROW: 1 PBANK: e CYCLE: 12499
NORMAL PADDR: 0 VADDR: 0 PROW: 1 PBANK: f CYCLE: 12499
PNORMAL PADDR: 0 VADDR: 0 PROW: 7ffe PBANK: f CYCLE: 102236179
NORMAL PADDR: 0 VADDR: 0 PROW: 7fff PBANK: 0 CYCLE: 102236179
PNORMAL PADDR: 0 VADDR: 0 PROW: 7fff PBANK: 0 CYCLE: 102236179
NORMAL PADDR: 0 VADDR: 0 PROW: 7fff PBANK: 1 CYCLE: 102236179
PNORMAL PADDR: 0 VADDR: 0 PROW: 7fff PBANK: 1 CYCLE: 102236179
NORMAL PADDR: 0 VADDR: 0 PROW: 7fff PBANK: 2 CYCLE: 102236179
PNORMAL PADDR: 0 VADDR: 0 PROW: 7fff PBANK: 2 CYCLE: 102236179
NORMAL PADDR: 0 VADDR: 0 PROW: 7fff PBANK: 3 CYCLE: 102236179
PNORMAL PADDR: 0 VADDR: 0 PROW: 7fff PBANK: 3 CYCLE: 102236179
NORMAL PADDR: 0 VADDR: 0 PROW: 7fff PBANK: 4 CYCLE: 102236179
PNORMAL PADDR: 0 VADDR: 0 PROW: 7fff PBANK: 4 CYCLE: 102236179
NORMAL PADDR: 0 VADDR: 0 PROW: 7fff PBANK: 5 CYCLE: 102236179
PNORMAL PADDR: 0 VADDR: 0 PROW: 7fff PBANK: 5 CYCLE: 102236179
NORMAL PADDR: 0 VADDR: 0 PROW: 7fff PBANK: 6 CYCLE: 102236179
PNORMAL PADDR: 0 VADDR: 0 PROW: 7fff PBANK: 6 CYCLE: 102236179
NORMAL PADDR: 0 VADDR: 0 PROW: 7fff PBANK: 7 CYCLE: 102236179
PNORMAL PADDR: 0 VADDR: 0 PROW: 7fff PBANK: 7 CYCLE: 102236179
NORMAL PADDR: 0 VADDR: 0 PROW: 7fff PBANK: 8 CYCLE: 102236179
PNORMAL PADDR: 0 VADDR: 0 PROW: 7fff PBANK: 8 CYCLE: 102236179
NORMAL PADDR: 0 VADDR: 0 PROW: 7fff PBANK: 9 CYCLE: 102236179
PNORMAL PADDR: 0 VADDR: 0 PROW: 7fff PBANK: 9 CYCLE: 102236179
NORMAL PADDR: 0 VADDR: 0 PROW: 7fff PBANK: a CYCLE: 102236179
PNORMAL PADDR: 0 VADDR: 0 PROW: 7fff PBANK: a CYCLE: 102236179
NORMAL PADDR: 0 VADDR: 0 PROW: 7fff PBANK: b CYCLE: 102236179
PNORMAL PADDR: 0 VADDR: 0 PROW: 7fff PBANK: b CYCLE: 102236179
NORMAL PADDR: 0 VADDR: 0 PROW: 7fff PBANK: c CYCLE: 102236179
PNORMAL PADDR: 0 VADDR: 0 PROW: 7fff PBANK: c CYCLE: 102236179
NORMAL PADDR: 0 VADDR: 0 PROW: 7fff PBANK: d CYCLE: 102236179
PNORMAL PADDR: 0 VADDR: 0 PROW: 7fff PBANK: d CYCLE: 102236179
NORMAL PADDR: 0 VADDR: 0 PROW: 7fff PBANK: e CYCLE: 102236179
PNORMAL PADDR: 0 VADDR: 0 PROW: 7fff PBANK: e CYCLE: 102236179
NORMAL PADDR: 0 VADDR: 0 PROW: 7fff PBANK: f CYCLE: 102236179
PNORMAL PADDR: 0 VADDR: 0 PROW: 7ffe PBANK: f CYCLE: 102236179
NORMAL PADDR: 0 VADDR: 0 PROW: 7fff PBANK: 0 CYCLE: 102236179
PNORMAL PADDR: 0 VADDR: 0 PROW: 7fff PBANK: 0 CYCLE: 102236179
NORMAL PADDR: 0 VADDR: 0 PROW: 7fff PBANK: 1 CYCLE: 102236179
PNORMAL PADDR: 0 VADDR: 0 PROW: 7fff PBANK: 1 CYCLE: 102236179
NORMAL PADDR: 0 VADDR: 0 PROW: 7fff PBANK: 2 CYCLE: 102236179
PNORMAL PADDR: 0 VADDR: 0 PROW: 7fff PBANK: 2 CYCLE: 102236179
NORMAL PADDR: 0 VADDR: 0 PROW: 7fff PBANK: 3 CYCLE: 102236179
PNORMAL PADDR: 0 VADDR: 0 PROW: 7fff PBANK: 3 CYCLE: 102236179
NORMAL PADDR: 0 VADDR: 0 PROW: 7fff PBANK: 4 CYCLE: 102236179
PNORMAL PADDR: 0 VADDR: 0 PROW: 7fff PBANK: 4 CYCLE: 102236179
NORMAL PADDR: 0 VADDR: 0 PROW: 7fff PBANK: 5 CYCLE: 102236179
PNORMAL PADDR: 0 VADDR: 0 PROW: 7fff PBANK: 5 CYCLE: 102236179
NORMAL PADDR: 0 VADDR: 0 PROW: 7fff PBANK: 6 CYCLE: 102236179
PNORMAL PADDR: 0 VADDR: 0 PROW: 7fff PBANK: 6 CYCLE: 102236179
NORMAL PADDR: 0 VADDR: 0 PROW: 7fff PBANK: 7 CYCLE: 102236179
PNORMAL PADDR: 0 VADDR: 0 PROW: 7fff PBANK: 7 CYCLE: 102236179
NORMAL PADDR: 0 VADDR: 0 PROW: 7fff PBANK: 8 CYCLE: 102236179
PNORMAL PADDR: 0 VADDR: 0 PROW: 7fff PBANK: 8 CYCLE: 102236179
NORMAL PADDR: 0 VADDR: 0 PROW: 7fff PBANK: 9 CYCLE: 102236179
PNORMAL PADDR: 0 VADDR: 0 PROW: 7fff PBANK: 9 CYCLE: 102236179
NORMAL PADDR: 0 VADDR: 0 PROW: 7fff PBANK: a CYCLE: 102236179
PNORMAL PADDR: 0 VADDR: 0 PROW: 7fff PBANK: a CYCLE: 102236179
NORMAL PADDR: 0 VADDR: 0 PROW: 7fff PBANK: b CYCLE: 102236179
PNORMAL PADDR: 0 VADDR: 0 PROW: 7fff PBANK: b CYCLE: 102236179
NORMAL PADDR: 0 VADDR: 0 PROW: 7fff PBANK: c CYCLE: 102236179
PNORMAL PADDR: 0 VADDR: 0 PROW: 7fff PBANK: c CYCLE: 102236179
NORMAL PADDR: 0 VADDR: 0 PROW: 7fff PBANK: d CYCLE: 102236179
PNORMAL PADDR: 0 VADDR: 0 PROW: 7fff PBANK: d CYCLE: 102236179
NORMAL PADDR: 0 VADDR: 0 PROW: 7fff PBANK: e CYCLE: 102236179
PNORMAL PADDR: 0 VADDR: 0 PROW: 7fff PBANK: e CYCLE: 102236179
NORMAL PADDR: 0 VADDR: 0 PROW: 7fff PBANK: f CYCLE: 102236179
PNORMAL PADDR: 63c2890 VADDR: 0 PROW: c78 PBANK: 4 CYCLE: 102248345
NORMAL PADDR: 0 VADDR: 0 PROW: 0 PBANK: 0 CYCLE: 102248659
PNORMAL PADDR: 0 VADDR: 0 PROW: 0 PBANK: 0 CYCLE: 102248659
NORMAL PADDR: 0 VADDR: 0 PROW: 0 PBANK: 1 CYCLE: 102248659
PNORMAL PADDR: 0 VADDR: 0 PROW: 0 PBANK: 1 CYCLE: 102248659
NORMAL PADDR: 0 VADDR: 0 PROW: 0 PBANK: 2 CYCLE: 102248659
PNORMAL PADDR: 0 VADDR: 0 PROW: 0 PBANK: 2 CYCLE: 102248659
NORMAL PADDR: 0 VADDR: 0 PROW: 0 PBANK: 3 CYCLE: 102248659
PNORMAL PADDR: 0 VADDR: 0 PROW: 0 PBANK: 3 CYCLE: 102248659
NORMAL PADDR: 0 VADDR: 0 PROW: 0 PBANK: 4 CYCLE: 102248659
PNORMAL PADDR: 0 VADDR: 0 PROW: 0 PBANK: 4 CYCLE: 102248659
NORMAL PADDR: 0 VADDR: 0 PROW: 0 PBANK: 5 CYCLE: 102248659
PNORMAL PADDR: 0 VADDR: 0 PROW: 0 PBANK: 5 CYCLE: 102248659
NORMAL PADDR: 0 VADDR: 0 PROW: 0 PBANK: 6 CYCLE: 102248659
PNORMAL PADDR: 0 VADDR: 0 PROW: 0 PBANK: 6 CYCLE: 102248659
NORMAL PADDR: 0 VADDR: 0 PROW: 0 PBANK: 7 CYCLE: 102248659
PNORMAL PADDR: 0 VADDR: 0 PROW: 0 PBANK: 7 CYCLE: 102248659
NORMAL PADDR: 0 VADDR: 0 PROW: 0 PBANK: 8 CYCLE: 102248659
PNORMAL PADDR: 0 VADDR: 0 PROW: 0 PBANK: 8 CYCLE: 102248659
NORMAL PADDR: 0 VADDR: 0 PROW: 0 PBANK: 9 CYCLE: 102248659
PNORMAL PADDR: 0 VADDR: 0 PROW: 0 PBANK: 9 CYCLE: 102248659
NORMAL PADDR: 0 VADDR: 0 PROW: 0 PBANK: a CYCLE: 102248659
PNORMAL PADDR: 0 VADDR: 0 PROW: 0 PBANK: a CYCLE: 102248659
NORMAL PADDR: 0 VADDR: 0 PROW: 0 PBANK: b CYCLE: 102248659
PNORMAL PADDR: 0 VADDR: 0 PROW: 0 PBANK: b CYCLE: 102248659
NORMAL PADDR: 0 VADDR: 0 PROW: 0 PBANK: c CYCLE: 102248659
PNORMAL PADDR: 0 VADDR: 0 PROW: 0 PBANK: c CYCLE: 102248659
NORMAL PADDR: 0 VADDR: 0 PROW: 0 PBANK: d CYCLE: 102248659
PNORMAL PADDR: 0 VADDR: 0 PROW: 0 PBANK: d CYCLE: 102248659
NORMAL PADDR: 0 VADDR: 0 PROW: 0 PBANK: e CYCLE: 102248659
PNORMAL PADDR: 0 VADDR: 0 PROW: 0 PBANK: e CYCLE: 102248659
NORMAL PADDR: 0 VADDR: 0 PROW: 0 PBANK: f CYCLE: 102248659
PNORMAL PADDR: 0 VADDR: 0 PROW: 0 PBANK: f CYCLE: 102248659
NORMAL PADDR: 0 VADDR: 0 PROW: 1 PBANK: 0 CYCLE: 102248659
PNORMAL PADDR: 0 VADDR: 0 PROW: 1 PBANK: 0 CYCLE: 102248659
NORMAL PADDR: 0 VADDR: 0 PROW: 1 PBANK: 1 CYCLE: 102248659
PNORMAL PADDR: 0 VADDR: 0 PROW: 1 PBANK: 1 CYCLE: 102248659
NORMAL PADDR: 0 VADDR: 0 PROW: 1 PBANK: 2 CYCLE: 102248659
PNORMAL PADDR: 0 VADDR: 0 PROW: 1 PBANK: 2 CYCLE: 102248659
NORMAL PADDR: 0 VADDR: 0 PROW: 1 PBANK: 3 CYCLE: 102248659
PNORMAL PADDR: 0 VADDR: 0 PROW: 1 PBANK: 3 CYCLE: 102248659
NORMAL PADDR: 0 VADDR: 0 PROW: 1 PBANK: 4 CYCLE: 102248659
PNORMAL PADDR: 0 VADDR: 0 PROW: 1 PBANK: 4 CYCLE: 102248659
NORMAL PADDR: 0 VADDR: 0 PROW: 1 PBANK: 5 CYCLE: 102248659
PNORMAL PADDR: 0 VADDR: 0 PROW: 1 PBANK: 5 CYCLE: 102248659
NORMAL PADDR: 0 VADDR: 0 PROW: 1 PBANK: 6 CYCLE: 102248659
PNORMAL PADDR: 0 VADDR: 0 PROW: 1 PBANK: 6 CYCLE: 102248659
NORMAL PADDR: 0 VADDR: 0 PROW: 1 PBANK: 7 CYCLE: 102248659
PNORMAL PADDR: 0 VADDR: 0 PROW: 1 PBANK: 7 CYCLE: 102248659
NORMAL PADDR: 0 VADDR: 0 PROW: 1 PBANK: 8 CYCLE: 102248659
PNORMAL PADDR: 0 VADDR: 0 PROW: 1 PBANK: 8 CYCLE: 102248659
NORMAL PADDR: 0 VADDR: 0 PROW: 1 PBANK: 9 CYCLE: 102248659
PNORMAL PADDR: 0 VADDR: 0 PROW: 1 PBANK: 9 CYCLE: 102248659
NORMAL PADDR: 0 VADDR: 0 PROW: 1 PBANK: a CYCLE: 102248659
PNORMAL PADDR: 0 VADDR: 0 PROW: 1 PBANK: a CYCLE: 102248659
NORMAL PADDR: 0 VADDR: 0 PROW: 1 PBANK: b CYCLE: 102248659
PNORMAL PADDR: 0 VADDR: 0 PROW: 1 PBANK: b CYCLE: 102248659
NORMAL PADDR: 0 VADDR: 0 PROW: 1 PBANK: c CYCLE: 102248659
PNORMAL PADDR: 0 VADDR: 0 PROW: 1 PBANK: c CYCLE: 102248659
NORMAL PADDR: 0 VADDR: 0 PROW: 1 PBANK: d CYCLE: 102248659
PNORMAL PADDR: 0 VADDR: 0 PROW: 1 PBANK: d CYCLE: 102248659
NORMAL PADDR: 0 VADDR: 0 PROW: 1 PBANK: e CYCLE: 102248659
PNORMAL PADDR: 0 VADDR: 0 PROW: 1 PBANK: e CYCLE: 102248659
NORMAL PADDR: 0 VADDR: 0 PROW: 1 PBANK: f CYCLE: 102248659
PNORMAL PADDR: 0 VADDR: 0 PROW: 3 PBANK: f CYCLE: 102248659
NORMAL PADDR: 0 VADDR: 0 PROW: 0 PBANK: 0 CYCLE: 102248659
PNORMAL PADDR: 0 VADDR: 0 PROW: 0 PBANK: 0 CYCLE: 102248659
NORMAL PADDR: 0 VADDR: 0 PROW: 0 PBANK: 1 CYCLE: 102248659
PNORMAL PADDR: 0 VADDR: 0 PROW: 0 PBANK: 1 CYCLE: 102248659
NORMAL PADDR: 0 VADDR: 0 PROW: 0 PBANK: 2 CYCLE: 102248659
PNORMAL PADDR: 0 VADDR: 0 PROW: 0 PBANK: 2 CYCLE: 102248659
NORMAL PADDR: 0 VADDR: 0 PROW: 0 PBANK: 3 CYCLE: 102248659
PNORMAL PADDR: 0 VADDR: 0 PROW: 0 PBANK: 3 CYCLE: 102248659
NORMAL PADDR: 0 VADDR: 0 PROW: 0 PBANK: 4 CYCLE: 102248659
PNORMAL PADDR: 0 VADDR: 0 PROW: 0 PBANK: 4 CYCLE: 102248659
NORMAL PADDR: 0 VADDR: 0 PROW: 0 PBANK: 5 CYCLE: 102248659
PNORMAL PADDR: 0 VADDR: 0 PROW: 0 PBANK: 5 CYCLE: 102248659
NORMAL PADDR: 0 VADDR: 0 PROW: 0 PBANK: 6 CYCLE: 102248659
PNORMAL PADDR: 0 VADDR: 0 PROW: 0 PBANK: 6 CYCLE: 102248659
NORMAL PADDR: 0 VADDR: 0 PROW: 0 PBANK: 7 CYCLE: 102248659
PNORMAL PADDR: 0 VADDR: 0 PROW: 0 PBANK: 7 CYCLE: 102248659
NORMAL PADDR: 0 VADDR: 0 PROW: 0 PBANK: 8 CYCLE: 102248659
PNORMAL PADDR: 0 VADDR: 0 PROW: 0 PBANK: 8 CYCLE: 102248659
NORMAL PADDR: 0 VADDR: 0 PROW: 0 PBANK: 9 CYCLE: 102248659
PNORMAL PADDR: 0 VADDR: 0 PROW: 0 PBANK: 9 CYCLE: 102248659
NORMAL PADDR: 0 VADDR: 0 PROW: 0 PBANK: a CYCLE: 102248659
PNORMAL PADDR: 0 VADDR: 0 PROW: 0 PBANK: a CYCLE: 102248659
NORMAL PADDR: 0 VADDR: 0 PROW: 0 PBANK: b CYCLE: 102248659
PNORMAL PADDR: 0 VADDR: 0 PROW: 0 PBANK: b CYCLE: 102248659
NORMAL PADDR: 0 VADDR: 0 PROW: 0 PBANK: c CYCLE: 102248659
PNORMAL PADDR: 0 VADDR: 0 PROW: 0 PBANK: c CYCLE: 102248659
NORMAL PADDR: 0 VADDR: 0 PROW: 0 PBANK: d CYCLE: 102248659
PNORMAL PADDR: 0 VADDR: 0 PROW: 0 PBANK: d CYCLE: 102248659
NORMAL PADDR: 0 VADDR: 0 PROW: 0 PBANK: e CYCLE: 102248659
PNORMAL PADDR: 0 VADDR: 0 PROW: 0 PBANK: e CYCLE: 102248659
NORMAL PADDR: 0 VADDR: 0 PROW: 0 PBANK: f CYCLE: 102248659
PNORMAL PADDR: 0 VADDR: 0 PROW: 0 PBANK: f CYCLE: 102248659
NORMAL PADDR: 0 VADDR: 0 PROW: 1 PBANK: 0 CYCLE: 102248659
PNORMAL PADDR: 0 VADDR: 0 PROW: 1 PBANK: 0 CYCLE: 102248659
NORMAL PADDR: 0 VADDR: 0 PROW: 1 PBANK: 1 CYCLE: 102248659
PNORMAL PADDR: 0 VADDR: 0 PROW: 1 PBANK: 1 CYCLE: 102248659
NORMAL PADDR: 0 VADDR: 0 PROW: 1 PBANK: 2 CYCLE: 102248659
PNORMAL PADDR: 0 VADDR: 0 PROW: 1 PBANK: 2 CYCLE: 102248659
NORMAL PADDR: 0 VADDR: 0 PROW: 1 PBANK: 3 CYCLE: 102248659
PNORMAL PADDR: 0 VADDR: 0 PROW: 1 PBANK: 3 CYCLE: 102248659
NORMAL PADDR: 0 VADDR: 0 PROW: 1 PBANK: 4 CYCLE: 102248659
PNORMAL PADDR: 0 VADDR: 0 PROW: 1 PBANK: 4 CYCLE: 102248659
NORMAL PADDR: 0 VADDR: 0 PROW: 1 PBANK: 5 CYCLE: 102248659
PNORMAL PADDR: 0 VADDR: 0 PROW: 1 PBANK: 5 CYCLE: 102248659
NORMAL PADDR: 0 VADDR: 0 PROW: 1 PBANK: 6 CYCLE: 102248659
PNORMAL PADDR: 0 VADDR: 0 PROW: 1 PBANK: 6 CYCLE: 102248659
NORMAL PADDR: 0 VADDR: 0 PROW: 1 PBANK: 7 CYCLE: 102248659
PNORMAL PADDR: 0 VADDR: 0 PROW: 1 PBANK: 7 CYCLE: 102248659
NORMAL PADDR: 0 VADDR: 0 PROW: 1 PBANK: 8 CYCLE: 102248659
PNORMAL PADDR: 0 VADDR: 0 PROW: 1 PBANK: 8 CYCLE: 102248659
NORMAL PADDR: 0 VADDR: 0 PROW: 1 PBANK: 9 CYCLE: 102248659
PNORMAL PADDR: 0 VADDR: 0 PROW: 1 PBANK: 9 CYCLE: 102248659
NORMAL PADDR: 0 VADDR: 0 PROW: 1 PBANK: a CYCLE: 102248659
PNORMAL PADDR: 0 VADDR: 0 PROW: 1 PBANK: a CYCLE: 102248659
NORMAL PADDR: 0 VADDR: 0 PROW: 1 PBANK: b CYCLE: 102248659
PNORMAL PADDR: 0 VADDR: 0 PROW: 1 PBANK: b CYCLE: 102248659
NORMAL PADDR: 0 VADDR: 0 PROW: 1 PBANK: c CYCLE: 102248659
PNORMAL PADDR: 0 VADDR: 0 PROW: 1 PBANK: c CYCLE: 102248659
NORMAL PADDR: 0 VADDR: 0 PROW: 1 PBANK: d CYCLE: 102248659
PNORMAL PADDR: 0 VADDR: 0 PROW: 1 PBANK: d CYCLE: 102248659
NORMAL PADDR: 0 VADDR: 0 PROW: 1 PBANK: e CYCLE: 102248659
PNORMAL PADDR: 0 VADDR: 0 PROW: 1 PBANK: e CYCLE: 102248659
NORMAL PADDR: 0 VADDR: 0 PROW: 1 PBANK: f CYCLE: 102248659
PNORMAL PADDR: 0 VADDR: 0 PROW: 7ffe PBANK: f CYCLE: 204472339
NORMAL PADDR: 0 VADDR: 0 PROW: 7fff PBANK: 0 CYCLE: 204472339
PNORMAL PADDR: 0 VADDR: 0 PROW: 7fff PBANK: 0 CYCLE: 204472339
NORMAL PADDR: 0 VADDR: 0 PROW: 7fff PBANK: 1 CYCLE: 204472339
PNORMAL PADDR: 0 VADDR: 0 PROW: 7fff PBANK: 1 CYCLE: 204472339
NORMAL PADDR: 0 VADDR: 0 PROW: 7fff PBANK: 2 CYCLE: 204472339
PNORMAL PADDR: 0 VADDR: 0 PROW: 7fff PBANK: 2 CYCLE: 204472339
NORMAL PADDR: 0 VADDR: 0 PROW: 7fff PBANK: 3 CYCLE: 204472339
PNORMAL PADDR: 0 VADDR: 0 PROW: 7fff PBANK: 3 CYCLE: 204472339
NORMAL PADDR: 0 VADDR: 0 PROW: 7fff PBANK: 4 CYCLE: 204472339
PNORMAL PADDR: 0 VADDR: 0 PROW: 7fff PBANK: 4 CYCLE: 204472339
NORMAL PADDR: 0 VADDR: 0 PROW: 7fff PBANK: 5 CYCLE: 204472339
PNORMAL PADDR: 0 VADDR: 0 PROW: 7fff PBANK: 5 CYCLE: 204472339
NORMAL PADDR: 0 VADDR: 0 PROW: 7fff PBANK: 6 CYCLE: 204472339
PNORMAL PADDR: 0 VADDR: 0 PROW: 7fff PBANK: 6 CYCLE: 204472339
NORMAL PADDR: 0 VADDR: 0 PROW: 7fff PBANK: 7 CYCLE: 204472339
PNORMAL PADDR: 0 VADDR: 0 PROW: 7fff PBANK: 7 CYCLE: 204472339
NORMAL PADDR: 0 VADDR: 0 PROW: 7fff PBANK: 8 CYCLE: 204472339
PNORMAL PADDR: 0 VADDR: 0 PROW: 7fff PBANK: 8 CYCLE: 204472339
NORMAL PADDR: 0 VADDR: 0 PROW: 7fff PBANK: 9 CYCLE: 204472339
PNORMAL PADDR: 0 VADDR: 0 PROW: 7fff PBANK: 9 CYCLE: 204472339
NORMAL PADDR: 0 VADDR: 0 PROW: 7fff PBANK: a CYCLE: 204472339
PNORMAL PADDR: 0 VADDR: 0 PROW: 7fff PBANK: a CYCLE: 204472339
NORMAL PADDR: 0 VADDR: 0 PROW: 7fff PBANK: b CYCLE: 204472339
PNORMAL PADDR: 0 VADDR: 0 PROW: 7fff PBANK: b CYCLE: 204472339
NORMAL PADDR: 0 VADDR: 0 PROW: 7fff PBANK: c CYCLE: 204472339
PNORMAL PADDR: 0 VADDR: 0 PROW: 7fff PBANK: c CYCLE: 204472339
NORMAL PADDR: 0 VADDR: 0 PROW: 7fff PBANK: d CYCLE: 204472339
PNORMAL PADDR: 0 VADDR: 0 PROW: 7fff PBANK: d CYCLE: 204472339
NORMAL PADDR: 0 VADDR: 0 PROW: 7fff PBANK: e CYCLE: 204472339
PNORMAL PADDR: 0 VADDR: 0 PROW: 7fff PBANK: e CYCLE: 204472339
NORMAL PADDR: 0 VADDR: 0 PROW: 7fff PBANK: f CYCLE: 204472339
PNORMAL PADDR: 0 VADDR: 0 PROW: 7ffe PBANK: f CYCLE: 204472339
NORMAL PADDR: 0 VADDR: 0 PROW: 7fff PBANK: 0 CYCLE: 204472339
PNORMAL PADDR: 0 VADDR: 0 PROW: 7fff PBANK: 0 CYCLE: 204472339
NORMAL PADDR: 0 VADDR: 0 PROW: 7fff PBANK: 1 CYCLE: 204472339
PNORMAL PADDR: 0 VADDR: 0 PROW: 7fff PBANK: 1 CYCLE: 204472339
NORMAL PADDR: 0 VADDR: 0 PROW: 7fff PBANK: 2 CYCLE: 204472339
PNORMAL PADDR: 0 VADDR: 0 PROW: 7fff PBANK: 2 CYCLE: 204472339
NORMAL PADDR: 0 VADDR: 0 PROW: 7fff PBANK: 3 CYCLE: 204472339
PNORMAL PADDR: 0 VADDR: 0 PROW: 7fff PBANK: 3 CYCLE: 204472339
NORMAL PADDR: 0 VADDR: 0 PROW: 7fff PBANK: 4 CYCLE: 204472339
PNORMAL PADDR: 0 VADDR: 0 PROW: 7fff PBANK: 4 CYCLE: 204472339
NORMAL PADDR: 0 VADDR: 0 PROW: 7fff PBANK: 5 CYCLE: 204472339
PNORMAL PADDR: 0 VADDR: 0 PROW: 7fff PBANK: 5 CYCLE: 204472339
NORMAL PADDR: 0 VADDR: 0 PROW: 7fff PBANK: 6 CYCLE: 204472339
PNORMAL PADDR: 0 VADDR: 0 PROW: 7fff PBANK: 6 CYCLE: 204472339
NORMAL PADDR: 0 VADDR: 0 PROW: 7fff PBANK: 7 CYCLE: 204472339
PNORMAL PADDR: 0 VADDR: 0 PROW: 7fff PBANK: 7 CYCLE: 204472339
NORMAL PADDR: 0 VADDR: 0 PROW: 7fff PBANK: 8 CYCLE: 204472339
PNORMAL PADDR: 0 VADDR: 0 PROW: 7fff PBANK: 8 CYCLE: 204472339
NORMAL PADDR: 0 VADDR: 0 PROW: 7fff PBANK: 9 CYCLE: 204472339
PNORMAL PADDR: 0 VADDR: 0 PROW: 7fff PBANK: 9 CYCLE: 204472339
NORMAL PADDR: 0 VADDR: 0 PROW: 7fff PBANK: a CYCLE: 204472339
PNORMAL PADDR: 0 VADDR: 0 PROW: 7fff PBANK: a CYCLE: 204472339
NORMAL PADDR: 0 VADDR: 0 PROW: 7fff PBANK: b CYCLE: 204472339
PNORMAL PADDR: 0 VADDR: 0 PROW: 7fff PBANK: b CYCLE: 204472339
NORMAL PADDR: 0 VADDR: 0 PROW: 7fff PBANK: c CYCLE: 204472339
PNORMAL PADDR: 0 VADDR: 0 PROW: 7fff PBANK: c CYCLE: 204472339
NORMAL PADDR: 0 VADDR: 0 PROW: 7fff PBANK: d CYCLE: 204472339
PNORMAL PADDR: 0 VADDR: 0 PROW: 7fff PBANK: d CYCLE: 204472339
NORMAL PADDR: 0 VADDR: 0 PROW: 7fff PBANK: e CYCLE: 204472339
PNORMAL PADDR: 0 VADDR: 0 PROW: 7fff PBANK: e CYCLE: 204472339
NORMAL PADDR: 0 VADDR: 0 PROW: 7fff PBANK: f CYCLE: 204472339
PNORMAL PADDR: cdc55d0 VADDR: 0 PROW: 19b8 PBANK: e CYCLE: 204484548
NORMAL PADDR: 0 VADDR: 0 PROW: 0 PBANK: 0 CYCLE: 204484819
PNORMAL PADDR: 0 VADDR: 0 PROW: 0 PBANK: 0 CYCLE: 204484819
NORMAL PADDR: 0 VADDR: 0 PROW: 0 PBANK: 1 CYCLE: 204484819
PNORMAL PADDR: 0 VADDR: 0 PROW: 0 PBANK: 1 CYCLE: 204484819
NORMAL PADDR: 0 VADDR: 0 PROW: 0 PBANK: 2 CYCLE: 204484819
PNORMAL PADDR: 0 VADDR: 0 PROW: 0 PBANK: 2 CYCLE: 204484819
NORMAL PADDR: 0 VADDR: 0 PROW: 0 PBANK: 3 CYCLE: 204484819
PNORMAL PADDR: 0 VADDR: 0 PROW: 0 PBANK: 3 CYCLE: 204484819
NORMAL PADDR: 0 VADDR: 0 PROW: 0 PBANK: 4 CYCLE: 204484819
PNORMAL PADDR: 0 VADDR: 0 PROW: 0 PBANK: 4 CYCLE: 204484819
NORMAL PADDR: 0 VADDR: 0 PROW: 0 PBANK: 5 CYCLE: 204484819
PNORMAL PADDR: 0 VADDR: 0 PROW: 0 PBANK: 5 CYCLE: 204484819
NORMAL PADDR: 0 VADDR: 0 PROW: 0 PBANK: 6 CYCLE: 204484819
PNORMAL PADDR: 0 VADDR: 0 PROW: 0 PBANK: 6 CYCLE: 204484819
NORMAL PADDR: 0 VADDR: 0 PROW: 0 PBANK: 7 CYCLE: 204484819
PNORMAL PADDR: 0 VADDR: 0 PROW: 0 PBANK: 7 CYCLE: 204484819
NORMAL PADDR: 0 VADDR: 0 PROW: 0 PBANK: 8 CYCLE: 204484819
PNORMAL PADDR: 0 VADDR: 0 PROW: 0 PBANK: 8 CYCLE: 204484819
NORMAL PADDR: 0 VADDR: 0 PROW: 0 PBANK: 9 CYCLE: 204484819
PNORMAL PADDR: 0 VADDR: 0 PROW: 0 PBANK: 9 CYCLE: 204484819
NORMAL PADDR: 0 VADDR: 0 PROW: 0 PBANK: a CYCLE: 204484819
PNORMAL PADDR: 0 VADDR: 0 PROW: 0 PBANK: a CYCLE: 204484819
NORMAL PADDR: 0 VADDR: 0 PROW: 0 PBANK: b CYCLE: 204484819
PNORMAL PADDR: 0 VADDR: 0 PROW: 0 PBANK: b CYCLE: 204484819
NORMAL PADDR: 0 VADDR: 0 PROW: 0 PBANK: c CYCLE: 204484819
PNORMAL PADDR: 0 VADDR: 0 PROW: 0 PBANK: c CYCLE: 204484819
NORMAL PADDR: 0 VADDR: 0 PROW: 0 PBANK: d CYCLE: 204484819
PNORMAL PADDR: 0 VADDR: 0 PROW: 0 PBANK: d CYCLE: 204484819
NORMAL PADDR: 0 VADDR: 0 PROW: 0 PBANK: e CYCLE: 204484819
PNORMAL PADDR: 0 VADDR: 0 PROW: 0 PBANK: e CYCLE: 204484819
NORMAL PADDR: 0 VADDR: 0 PROW: 0 PBANK: f CYCLE: 204484819
PNORMAL PADDR: 0 VADDR: 0 PROW: 0 PBANK: f CYCLE: 204484819
NORMAL PADDR: 0 VADDR: 0 PROW: 1 PBANK: 0 CYCLE: 204484819
PNORMAL PADDR: 0 VADDR: 0 PROW: 1 PBANK: 0 CYCLE: 204484819
NORMAL PADDR: 0 VADDR: 0 PROW: 1 PBANK: 1 CYCLE: 204484819
PNORMAL PADDR: 0 VADDR: 0 PROW: 1 PBANK: 1 CYCLE: 204484819
NORMAL PADDR: 0 VADDR: 0 PROW: 1 PBANK: 2 CYCLE: 204484819
PNORMAL PADDR: 0 VADDR: 0 PROW: 1 PBANK: 2 CYCLE: 204484819
NORMAL PADDR: 0 VADDR: 0 PROW: 1 PBANK: 3 CYCLE: 204484819
PNORMAL PADDR: 0 VADDR: 0 PROW: 1 PBANK: 3 CYCLE: 204484819
NORMAL PADDR: 0 VADDR: 0 PROW: 1 PBANK: 4 CYCLE: 204484819
PNORMAL PADDR: 0 VADDR: 0 PROW: 1 PBANK: 4 CYCLE: 204484819
NORMAL PADDR: 0 VADDR: 0 PROW: 1 PBANK: 5 CYCLE: 204484819
PNORMAL PADDR: 0 VADDR: 0 PROW: 1 PBANK: 5 CYCLE: 204484819
NORMAL PADDR: 0 VADDR: 0 PROW: 1 PBANK: 6 CYCLE: 204484819
PNORMAL PADDR: 0 VADDR: 0 PROW: 1 PBANK: 6 CYCLE: 204484819
NORMAL PADDR: 0 VADDR: 0 PROW: 1 PBANK: 7 CYCLE: 204484819
PNORMAL PADDR: 0 VADDR: 0 PROW: 1 PBANK: 7 CYCLE: 204484819
NORMAL PADDR: 0 VADDR: 0 PROW: 1 PBANK: 8 CYCLE: 204484819
PNORMAL PADDR: 0 VADDR: 0 PROW: 1 PBANK: 8 CYCLE: 204484819
NORMAL PADDR: 0 VADDR: 0 PROW: 1 PBANK: 9 CYCLE: 204484819
PNORMAL PADDR: 0 VADDR: 0 PROW: 1 PBANK: 9 CYCLE: 204484819
NORMAL PADDR: 0 VADDR: 0 PROW: 1 PBANK: a CYCLE: 204484819
PNORMAL PADDR: 0 VADDR: 0 PROW: 1 PBANK: a CYCLE: 204484819
NORMAL PADDR: 0 VADDR: 0 PROW: 1 PBANK: b CYCLE: 204484819
PNORMAL PADDR: 0 VADDR: 0 PROW: 1 PBANK: b CYCLE: 204484819
NORMAL PADDR: 0 VADDR: 0 PROW: 1 PBANK: c CYCLE: 204484819
PNORMAL PADDR: 0 VADDR: 0 PROW: 1 PBANK: c CYCLE: 204484819
NORMAL PADDR: 0 VADDR: 0 PROW: 1 PBANK: d CYCLE: 204484819
PNORMAL PADDR: 0 VADDR: 0 PROW: 1 PBANK: d CYCLE: 204484819
NORMAL PADDR: 0 VADDR: 0 PROW: 1 PBANK: e CYCLE: 204484819
PNORMAL PADDR: 0 VADDR: 0 PROW: 1 PBANK: e CYCLE: 204484819
NORMAL PADDR: 0 VADDR: 0 PROW: 1 PBANK: f CYCLE: 204484819
PNORMAL PADDR: 0 VADDR: 0 PROW: 3 PBANK: f CYCLE: 204484819
NORMAL PADDR: 0 VADDR: 0 PROW: 0 PBANK: 0 CYCLE: 204484819
PNORMAL PADDR: 0 VADDR: 0 PROW: 0 PBANK: 0 CYCLE: 204484819
NORMAL PADDR: 0 VADDR: 0 PROW: 0 PBANK: 1 CYCLE: 204484819
PNORMAL PADDR: 0 VADDR: 0 PROW: 0 PBANK: 1 CYCLE: 204484819
NORMAL PADDR: 0 VADDR: 0 PROW: 0 PBANK: 2 CYCLE: 204484819
PNORMAL PADDR: 0 VADDR: 0 PROW: 0 PBANK: 2 CYCLE: 204484819
NORMAL PADDR: 0 VADDR: 0 PROW: 0 PBANK: 3 CYCLE: 204484819
PNORMAL PADDR: 0 VADDR: 0 PROW: 0 PBANK: 3 CYCLE: 204484819
NORMAL PADDR: 0 VADDR: 0 PROW: 0 PBANK: 4 CYCLE: 204484819
PNORMAL PADDR: 0 VADDR: 0 PROW: 0 PBANK: 4 CYCLE: 204484819
NORMAL PADDR: 0 VADDR: 0 PROW: 0 PBANK: 5 CYCLE: 204484819
PNORMAL PADDR: 0 VADDR: 0 PROW: 0 PBANK: 5 CYCLE: 204484819
NORMAL PADDR: 0 VADDR: 0 PROW: 0 PBANK: 6 CYCLE: 204484819
PNORMAL PADDR: 0 VADDR: 0 PROW: 0 PBANK: 6 CYCLE: 204484819
NORMAL PADDR: 0 VADDR: 0 PROW: 0 PBANK: 7 CYCLE: 204484819
PNORMAL PADDR: 0 VADDR: 0 PROW: 0 PBANK: 7 CYCLE: 204484819
NORMAL PADDR: 0 VADDR: 0 PROW: 0 PBANK: 8 CYCLE: 204484819
PNORMAL PADDR: 0 VADDR: 0 PROW: 0 PBANK: 8 CYCLE: 204484819
NORMAL PADDR: 0 VADDR: 0 PROW: 0 PBANK: 9 CYCLE: 204484819
PNORMAL PADDR: 0 VADDR: 0 PROW: 0 PBANK: 9 CYCLE: 204484819
NORMAL PADDR: 0 VADDR: 0 PROW: 0 PBANK: a CYCLE: 204484819
PNORMAL PADDR: 0 VADDR: 0 PROW: 0 PBANK: a CYCLE: 204484819
NORMAL PADDR: 0 VADDR: 0 PROW: 0 PBANK: b CYCLE: 204484819
PNORMAL PADDR: 0 VADDR: 0 PROW: 0 PBANK: b CYCLE: 204484819
NORMAL PADDR: 0 VADDR: 0 PROW: 0 PBANK: c CYCLE: 204484819
PNORMAL PADDR: 0 VADDR: 0 PROW: 0 PBANK: c CYCLE: 204484819
NORMAL PADDR: 0 VADDR: 0 PROW: 0 PBANK: d CYCLE: 204484819
PNORMAL PADDR: 0 VADDR: 0 PROW: 0 PBANK: d CYCLE: 204484819
NORMAL PADDR: 0 VADDR: 0 PROW: 0 PBANK: e CYCLE: 204484819
PNORMAL PADDR: 0 VADDR: 0 PROW: 0 PBANK: e CYCLE: 204484819
NORMAL PADDR: 0 VADDR: 0 PROW: 0 PBANK: f CYCLE: 204484819
PNORMAL PADDR: 0 VADDR: 0 PROW: 0 PBANK: f CYCLE: 204484819
NORMAL PADDR: 0 VADDR: 0 PROW: 1 PBANK: 0 CYCLE: 204484819
PNORMAL PADDR: 0 VADDR: 0 PROW: 1 PBANK: 0 CYCLE: 204484819
NORMAL PADDR: 0 VADDR: 0 PROW: 1 PBANK: 1 CYCLE: 204484819
PNORMAL PADDR: 0 VADDR: 0 PROW: 1 PBANK: 1 CYCLE: 204484819
NORMAL PADDR: 0 VADDR: 0 PROW: 1 PBANK: 2 CYCLE: 204484819
PNORMAL PADDR: 0 VADDR: 0 PROW: 1 PBANK: 2 CYCLE: 204484819
NORMAL PADDR: 0 VADDR: 0 PROW: 1 PBANK: 3 CYCLE: 204484819
PNORMAL PADDR: 0 VADDR: 0 PROW: 1 PBANK: 3 CYCLE: 204484819
NORMAL PADDR: 0 VADDR: 0 PROW: 1 PBANK: 4 CYCLE: 204484819
PNORMAL PADDR: 0 VADDR: 0 PROW: 1 PBANK: 4 CYCLE: 204484819
NORMAL PADDR: 0 VADDR: 0 PROW: 1 PBANK: 5 CYCLE: 204484819
PNORMAL PADDR: 0 VADDR: 0 PROW: 1 PBANK: 5 CYCLE: 204484819
NORMAL PADDR: 0 VADDR: 0 PROW: 1 PBANK: 6 CYCLE: 204484819
PNORMAL PADDR: 0 VADDR: 0 PROW: 1 PBANK: 6 CYCLE: 204484819
NORMAL PADDR: 0 VADDR: 0 PROW: 1 PBANK: 7 CYCLE: 204484819
PNORMAL PADDR: 0 VADDR: 0 PROW: 1 PBANK: 7 CYCLE: 204484819
NORMAL PADDR: 0 VADDR: 0 PROW: 1 PBANK: 8 CYCLE: 204484819
PNORMAL PADDR: 0 VADDR: 0 PROW: 1 PBANK: 8 CYCLE: 204484819
NORMAL PADDR: 0 VADDR: 0 PROW: 1 PBANK: 9 CYCLE: 204484819
PNORMAL PADDR: 0 VADDR: 0 PROW: 1 PBANK: 9 CYCLE: 204484819
NORMAL PADDR: 0 VADDR: 0 PROW: 1 PBANK: a CYCLE: 204484819
PNORMAL PADDR: 0 VADDR: 0 PROW: 1 PBANK: a CYCLE: 204484819
NORMAL PADDR: 0 VADDR: 0 PROW: 1 PBANK: b CYCLE: 204484819
PNORMAL PADDR: 0 VADDR: 0 PROW: 1 PBANK: b CYCLE: 204484819
NORMAL PADDR: 0 VADDR: 0 PROW: 1 PBANK: c CYCLE: 204484819
PNORMAL PADDR: 0 VADDR: 0 PROW: 1 PBANK: c CYCLE: 204484819
NORMAL PADDR: 0 VADDR: 0 PROW: 1 PBANK: d CYCLE: 204484819
PNORMAL PADDR: 0 VADDR: 0 PROW: 1 PBANK: d CYCLE: 204484819
NORMAL PADDR: 0 VADDR: 0 PROW: 1 PBANK: e CYCLE: 204484819
PNORMAL PADDR: 0 VADDR: 0 PROW: 1 PBANK: e CYCLE: 204484819
NORMAL PADDR: 0 VADDR: 0 PROW: 1 PBANK: f CYCLE: 204484819
PNORMAL PADDR: 0 VADDR: 0 PROW: 7ffe PBANK: f CYCLE: 306708479
NORMAL PADDR: 0 VADDR: 0 PROW: 7fff PBANK: 0 CYCLE: 306708479
PNORMAL PADDR: 0 VADDR: 0 PROW: 7fff PBANK: 0 CYCLE: 306708479
NORMAL PADDR: 0 VADDR: 0 PROW: 7fff PBANK: 1 CYCLE: 306708479
PNORMAL PADDR: 0 VADDR: 0 PROW: 7fff PBANK: 1 CYCLE: 306708479
NORMAL PADDR: 0 VADDR: 0 PROW: 7fff PBANK: 2 CYCLE: 306708479
PNORMAL PADDR: 0 VADDR: 0 PROW: 7fff PBANK: 2 CYCLE: 306708479
NORMAL PADDR: 0 VADDR: 0 PROW: 7fff PBANK: 3 CYCLE: 306708479
PNORMAL PADDR: 0 VADDR: 0 PROW: 7fff PBANK: 3 CYCLE: 306708479
NORMAL PADDR: 0 VADDR: 0 PROW: 7fff PBANK: 4 CYCLE: 306708479
PNORMAL PADDR: 0 VADDR: 0 PROW: 7fff PBANK: 4 CYCLE: 306708479
NORMAL PADDR: 0 VADDR: 0 PROW: 7fff PBANK: 5 CYCLE: 306708479
PNORMAL PADDR: 0 VADDR: 0 PROW: 7fff PBANK: 5 CYCLE: 306708479
NORMAL PADDR: 0 VADDR: 0 PROW: 7fff PBANK: 6 CYCLE: 306708479
PNORMAL PADDR: 0 VADDR: 0 PROW: 7fff PBANK: 6 CYCLE: 306708479
NORMAL PADDR: 0 VADDR: 0 PROW: 7fff PBANK: 7 CYCLE: 306708479
PNORMAL PADDR: 0 VADDR: 0 PROW: 7fff PBANK: 7 CYCLE: 306708479
NORMAL PADDR: 0 VADDR: 0 PROW: 7fff PBANK: 8 CYCLE: 306708479
PNORMAL PADDR: 0 VADDR: 0 PROW: 7fff PBANK: 8 CYCLE: 306708479
NORMAL PADDR: 0 VADDR: 0 PROW: 7fff PBANK: 9 CYCLE: 306708479
PNORMAL PADDR: 0 VADDR: 0 PROW: 7fff PBANK: 9 CYCLE: 306708479
NORMAL PADDR: 0 VADDR: 0 PROW: 7fff PBANK: a CYCLE: 306708479
PNORMAL PADDR: 0 VADDR: 0 PROW: 7fff PBANK: a CYCLE: 306708479
NORMAL PADDR: 0 VADDR: 0 PROW: 7fff PBANK: b CYCLE: 306708479
PNORMAL PADDR: 0 VADDR: 0 PROW: 7fff PBANK: b CYCLE: 306708479
NORMAL PADDR: 0 VADDR: 0 PROW: 7fff PBANK: c CYCLE: 306708479
PNORMAL PADDR: 0 VADDR: 0 PROW: 7fff PBANK: c CYCLE: 306708479
NORMAL PADDR: 0 VADDR: 0 PROW: 7fff PBANK: d CYCLE: 306708479
PNORMAL PADDR: 0 VADDR: 0 PROW: 7fff PBANK: d CYCLE: 306708479
NORMAL PADDR: 0 VADDR: 0 PROW: 7fff PBANK: e CYCLE: 306708479
PNORMAL PADDR: 0 VADDR: 0 PROW: 7fff PBANK: e CYCLE: 306708479
NORMAL PADDR: 0 VADDR: 0 PROW: 7fff PBANK: f CYCLE: 306708479
PNORMAL PADDR: 0 VADDR: 0 PROW: 7ffe PBANK: f CYCLE: 306708479
NORMAL PADDR: 0 VADDR: 0 PROW: 7fff PBANK: 0 CYCLE: 306708479
PNORMAL PADDR: 0 VADDR: 0 PROW: 7fff PBANK: 0 CYCLE: 306708479
NORMAL PADDR: 0 VADDR: 0 PROW: 7fff PBANK: 1 CYCLE: 306708479
PNORMAL PADDR: 0 VADDR: 0 PROW: 7fff PBANK: 1 CYCLE: 306708479
NORMAL PADDR: 0 VADDR: 0 PROW: 7fff PBANK: 2 CYCLE: 306708479
PNORMAL PADDR: 0 VADDR: 0 PROW: 7fff PBANK: 2 CYCLE: 306708479
NORMAL PADDR: 0 VADDR: 0 PROW: 7fff PBANK: 3 CYCLE: 306708479
PNORMAL PADDR: 0 VADDR: 0 PROW: 7fff PBANK: 3 CYCLE: 306708479
NORMAL PADDR: 0 VADDR: 0 PROW: 7fff PBANK: 4 CYCLE: 306708479
PNORMAL PADDR: 0 VADDR: 0 PROW: 7fff PBANK: 4 CYCLE: 306708479
NORMAL PADDR: 0 VADDR: 0 PROW: 7fff PBANK: 5 CYCLE: 306708479
PNORMAL PADDR: 0 VADDR: 0 PROW: 7fff PBANK: 5 CYCLE: 306708479
NORMAL PADDR: 0 VADDR: 0 PROW: 7fff PBANK: 6 CYCLE: 306708479
PNORMAL PADDR: 0 VADDR: 0 PROW: 7fff PBANK: 6 CYCLE: 306708479
NORMAL PADDR: 0 VADDR: 0 PROW: 7fff PBANK: 7 CYCLE: 306708479
PNORMAL PADDR: 0 VADDR: 0 PROW: 7fff PBANK: 7 CYCLE: 306708479
NORMAL PADDR: 0 VADDR: 0 PROW: 7fff PBANK: 8 CYCLE: 306708479
PNORMAL PADDR: 0 VADDR: 0 PROW: 7fff PBANK: 8 CYCLE: 306708479
NORMAL PADDR: 0 VADDR: 0 PROW: 7fff PBANK: 9 CYCLE: 306708479
PNORMAL PADDR: 0 VADDR: 0 PROW: 7fff PBANK: 9 CYCLE: 306708479
NORMAL PADDR: 0 VADDR: 0 PROW: 7fff PBANK: a CYCLE: 306708479
PNORMAL PADDR: 0 VADDR: 0 PROW: 7fff PBANK: a CYCLE: 306708479
NORMAL PADDR: 0 VADDR: 0 PROW: 7fff PBANK: b CYCLE: 306708479
PNORMAL PADDR: 0 VADDR: 0 PROW: 7fff PBANK: b CYCLE: 306708479
NORMAL PADDR: 0 VADDR: 0 PROW: 7fff PBANK: c CYCLE: 306708479
PNORMAL PADDR: 0 VADDR: 0 PROW: 7fff PBANK: c CYCLE: 306708479
NORMAL PADDR: 0 VADDR: 0 PROW: 7fff PBANK: d CYCLE: 306708479
PNORMAL PADDR: 0 VADDR: 0 PROW: 7fff PBANK: d CYCLE: 306708479
NORMAL PADDR: 0 VADDR: 0 PROW: 7fff PBANK: e CYCLE: 306708479
PNORMAL PADDR: 0 VADDR: 0 PROW: 7fff PBANK: e CYCLE: 306708479
NORMAL PADDR: 0 VADDR: 0 PROW: 7fff PBANK: f CYCLE: 306708479
PNORMAL PADDR: 0 VADDR: 0 PROW: 7fff PBANK: f CYCLE: 306708479
NORMAL PADDR: 0 VADDR: 0 PROW: 0 PBANK: 0 CYCLE: 306720959
PNORMAL PADDR: 0 VADDR: 0 PROW: 0 PBANK: 0 CYCLE: 306720959
NORMAL PADDR: 0 VADDR: 0 PROW: 0 PBANK: 1 CYCLE: 306720959
PNORMAL PADDR: 0 VADDR: 0 PROW: 0 PBANK: 1 CYCLE: 306720959
NORMAL PADDR: 0 VADDR: 0 PROW: 0 PBANK: 2 CYCLE: 306720959
PNORMAL PADDR: 0 VADDR: 0 PROW: 0 PBANK: 2 CYCLE: 306720959
NORMAL PADDR: 0 VADDR: 0 PROW: 0 PBANK: 3 CYCLE: 306720959
PNORMAL PADDR: 0 VADDR: 0 PROW: 0 PBANK: 3 CYCLE: 306720959
NORMAL PADDR: 0 VADDR: 0 PROW: 0 PBANK: 4 CYCLE: 306720959
PNORMAL PADDR: 0 VADDR: 0 PROW: 0 PBANK: 4 CYCLE: 306720959
NORMAL PADDR: 0 VADDR: 0 PROW: 0 PBANK: 5 CYCLE: 306720959
PNORMAL PADDR: 0 VADDR: 0 PROW: 0 PBANK: 5 CYCLE: 306720959
NORMAL PADDR: 0 VADDR: 0 PROW: 0 PBANK: 6 CYCLE: 306720959
PNORMAL PADDR: 0 VADDR: 0 PROW: 0 PBANK: 6 CYCLE: 306720959
NORMAL PADDR: 0 VADDR: 0 PROW: 0 PBANK: 7 CYCLE: 306720959
PNORMAL PADDR: 0 VADDR: 0 PROW: 0 PBANK: 7 CYCLE: 306720959
NORMAL PADDR: 0 VADDR: 0 PROW: 0 PBANK: 8 CYCLE: 306720959
PNORMAL PADDR: 0 VADDR: 0 PROW: 0 PBANK: 8 CYCLE: 306720959
NORMAL PADDR: 0 VADDR: 0 PROW: 0 PBANK: 9 CYCLE: 306720959
PNORMAL PADDR: 0 VADDR: 0 PROW: 0 PBANK: 9 CYCLE: 306720959
NORMAL PADDR: 0 VADDR: 0 PROW: 0 PBANK: a CYCLE: 306720959
PNORMAL PADDR: 0 VADDR: 0 PROW: 0 PBANK: a CYCLE: 306720959
NORMAL PADDR: 0 VADDR: 0 PROW: 0 PBANK: b CYCLE: 306720959
PNORMAL PADDR: 0 VADDR: 0 PROW: 0 PBANK: b CYCLE: 306720959
NORMAL PADDR: 0 VADDR: 0 PROW: 0 PBANK: c CYCLE: 306720959
PNORMAL PADDR: 0 VADDR: 0 PROW: 0 PBANK: c CYCLE: 306720959
NORMAL PADDR: 0 VADDR: 0 PROW: 0 PBANK: d CYCLE: 306720959
PNORMAL PADDR: 0 VADDR: 0 PROW: 0 PBANK: d CYCLE: 306720959
NORMAL PADDR: 0 VADDR: 0 PROW: 0 PBANK: e CYCLE: 306720959
PNORMAL PADDR: 0 VADDR: 0 PROW: 0 PBANK: e CYCLE: 306720959
NORMAL PADDR: 0 VADDR: 0 PROW: 0 PBANK: f CYCLE: 306720959
PNORMAL PADDR: 0 VADDR: 0 PROW: 0 PBANK: f CYCLE: 306720959
NORMAL PADDR: 0 VADDR: 0 PROW: 1 PBANK: 0 CYCLE: 306720959
PNORMAL PADDR: 0 VADDR: 0 PROW: 1 PBANK: 0 CYCLE: 306720959
NORMAL PADDR: 0 VADDR: 0 PROW: 1 PBANK: 1 CYCLE: 306720959
PNORMAL PADDR: 0 VADDR: 0 PROW: 1 PBANK: 1 CYCLE: 306720959
NORMAL PADDR: 0 VADDR: 0 PROW: 1 PBANK: 2 CYCLE: 306720959
PNORMAL PADDR: 0 VADDR: 0 PROW: 1 PBANK: 2 CYCLE: 306720959
NORMAL PADDR: 0 VADDR: 0 PROW: 1 PBANK: 3 CYCLE: 306720959
PNORMAL PADDR: 0 VADDR: 0 PROW: 1 PBANK: 3 CYCLE: 306720959
NORMAL PADDR: 0 VADDR: 0 PROW: 1 PBANK: 4 CYCLE: 306720959
PNORMAL PADDR: 0 VADDR: 0 PROW: 1 PBANK: 4 CYCLE: 306720959
NORMAL PADDR: 0 VADDR: 0 PROW: 1 PBANK: 5 CYCLE: 306720959
PNORMAL PADDR: 0 VADDR: 0 PROW: 1 PBANK: 5 CYCLE: 306720959
NORMAL PADDR: 0 VADDR: 0 PROW: 1 PBANK: 6 CYCLE: 306720959
PNORMAL PADDR: 0 VADDR: 0 PROW: 1 PBANK: 6 CYCLE: 306720959
NORMAL PADDR: 0 VADDR: 0 PROW: 1 PBANK: 7 CYCLE: 306720959
PNORMAL PADDR: 0 VADDR: 0 PROW: 1 PBANK: 7 CYCLE: 306720959
NORMAL PADDR: 0 VADDR: 0 PROW: 1 PBANK: 8 CYCLE: 306720959
PNORMAL PADDR: 0 VADDR: 0 PROW: 1 PBANK: 8 CYCLE: 306720959
NORMAL PADDR: 0 VADDR: 0 PROW: 1 PBANK: 9 CYCLE: 306720959
PNORMAL PADDR: 0 VADDR: 0 PROW: 1 PBANK: 9 CYCLE: 306720959
NORMAL PADDR: 0 VADDR: 0 PROW: 1 PBANK: a CYCLE: 306720959
PNORMAL PADDR: 0 VADDR: 0 PROW: 1 PBANK: a CYCLE: 306720959
NORMAL PADDR: 0 VADDR: 0 PROW: 1 PBANK: b CYCLE: 306720959
PNORMAL PADDR: 0 VADDR: 0 PROW: 1 PBANK: b CYCLE: 306720959
NORMAL PADDR: 0 VADDR: 0 PROW: 1 PBANK: c CYCLE: 306720959
PNORMAL PADDR: 0 VADDR: 0 PROW: 1 PBANK: c CYCLE: 306720959
NORMAL PADDR: 0 VADDR: 0 PROW: 1 PBANK: d CYCLE: 306720959
PNORMAL PADDR: 0 VADDR: 0 PROW: 1 PBANK: d CYCLE: 306720959
NORMAL PADDR: 0 VADDR: 0 PROW: 1 PBANK: e CYCLE: 306720959
PNORMAL PADDR: 0 VADDR: 0 PROW: 1 PBANK: e CYCLE: 306720959
NORMAL PADDR: 0 VADDR: 0 PROW: 1 PBANK: f CYCLE: 306720959
PNORMAL PADDR: 0 VADDR: 0 PROW: 3 PBANK: f CYCLE: 306720959
NORMAL PADDR: 0 VADDR: 0 PROW: 0 PBANK: 0 CYCLE: 306720959
PNORMAL PADDR: 0 VADDR: 0 PROW: 0 PBANK: 0 CYCLE: 306720959
NORMAL PADDR: 0 VADDR: 0 PROW: 0 PBANK: 1 CYCLE: 306720959
PNORMAL PADDR: 0 VADDR: 0 PROW: 0 PBANK: 1 CYCLE: 306720959
NORMAL PADDR: 0 VADDR: 0 PROW: 0 PBANK: 2 CYCLE: 306720959
PNORMAL PADDR: 0 VADDR: 0 PROW: 0 PBANK: 2 CYCLE: 306720959
NORMAL PADDR: 0 VADDR: 0 PROW: 0 PBANK: 3 CYCLE: 306720959
PNORMAL PADDR: 0 VADDR: 0 PROW: 0 PBANK: 3 CYCLE: 306720959
NORMAL PADDR: 0 VADDR: 0 PROW: 0 PBANK: 4 CYCLE: 306720959
PNORMAL PADDR: 0 VADDR: 0 PROW: 0 PBANK: 4 CYCLE: 306720959
NORMAL PADDR: 0 VADDR: 0 PROW: 0 PBANK: 5 CYCLE: 306720959
PNORMAL PADDR: 0 VADDR: 0 PROW: 0 PBANK: 5 CYCLE: 306720959
NORMAL PADDR: 0 VADDR: 0 PROW: 0 PBANK: 6 CYCLE: 306720959
PNORMAL PADDR: 0 VADDR: 0 PROW: 0 PBANK: 6 CYCLE: 306720959
NORMAL PADDR: 0 VADDR: 0 PROW: 0 PBANK: 7 CYCLE: 306720959
PNORMAL PADDR: 0 VADDR: 0 PROW: 0 PBANK: 7 CYCLE: 306720959
NORMAL PADDR: 0 VADDR: 0 PROW: 0 PBANK: 8 CYCLE: 306720959
PNORMAL PADDR: 0 VADDR: 0 PROW: 0 PBANK: 8 CYCLE: 306720959
NORMAL PADDR: 0 VADDR: 0 PROW: 0 PBANK: 9 CYCLE: 306720959
PNORMAL PADDR: 0 VADDR: 0 PROW: 0 PBANK: 9 CYCLE: 306720959
NORMAL PADDR: 0 VADDR: 0 PROW: 0 PBANK: a CYCLE: 306720959
PNORMAL PADDR: 0 VADDR: 0 PROW: 0 PBANK: a CYCLE: 306720959
NORMAL PADDR: 0 VADDR: 0 PROW: 0 PBANK: b CYCLE: 306720959
PNORMAL PADDR: 0 VADDR: 0 PROW: 0 PBANK: b CYCLE: 306720959
NORMAL PADDR: 0 VADDR: 0 PROW: 0 PBANK: c CYCLE: 306720959
PNORMAL PADDR: 0 VADDR: 0 PROW: 0 PBANK: c CYCLE: 306720959
NORMAL PADDR: 0 VADDR: 0 PROW: 0 PBANK: d CYCLE: 306720959
PNORMAL PADDR: 0 VADDR: 0 PROW: 0 PBANK: d CYCLE: 306720959
NORMAL PADDR: 0 VADDR: 0 PROW: 0 PBANK: e CYCLE: 306720959
PNORMAL PADDR: 0 VADDR: 0 PROW: 0 PBANK: e CYCLE: 306720959
NORMAL PADDR: 0 VADDR: 0 PROW: 0 PBANK: f CYCLE: 306720959
PNORMAL PADDR: 0 VADDR: 0 PROW: 0 PBANK: f CYCLE: 306720959
NORMAL PADDR: 0 VADDR: 0 PROW: 1 PBANK: 0 CYCLE: 306720959
PNORMAL PADDR: 0 VADDR: 0 PROW: 1 PBANK: 0 CYCLE: 306720959
NORMAL PADDR: 0 VADDR: 0 PROW: 1 PBANK: 1 CYCLE: 306720959
PNORMAL PADDR: 0 VADDR: 0 PROW: 1 PBANK: 1 CYCLE: 306720959
NORMAL PADDR: 0 VADDR: 0 PROW: 1 PBANK: 2 CYCLE: 306720959
PNORMAL PADDR: 0 VADDR: 0 PROW: 1 PBANK: 2 CYCLE: 306720959
NORMAL PADDR: 0 VADDR: 0 PROW: 1 PBANK: 3 CYCLE: 306720959
PNORMAL PADDR: 0 VADDR: 0 PROW: 1 PBANK: 3 CYCLE: 306720959
NORMAL PADDR: 0 VADDR: 0 PROW: 1 PBANK: 4 CYCLE: 306720959
PNORMAL PADDR: 0 VADDR: 0 PROW: 1 PBANK: 4 CYCLE: 306720959
NORMAL PADDR: 0 VADDR: 0 PROW: 1 PBANK: 5 CYCLE: 306720959
PNORMAL PADDR: 0 VADDR: 0 PROW: 1 PBANK: 5 CYCLE: 306720959
NORMAL PADDR: 0 VADDR: 0 PROW: 1 PBANK: 6 CYCLE: 306720959
PNORMAL PADDR: 0 VADDR: 0 PROW: 1 PBANK: 6 CYCLE: 306720959
NORMAL PADDR: 0 VADDR: 0 PROW: 1 PBANK: 7 CYCLE: 306720959
PNORMAL PADDR: 0 VADDR: 0 PROW: 1 PBANK: 7 CYCLE: 306720959
NORMAL PADDR: 0 VADDR: 0 PROW: 1 PBANK: 8 CYCLE: 306720959
PNORMAL PADDR: 0 VADDR: 0 PROW: 1 PBANK: 8 CYCLE: 306720959
NORMAL PADDR: 0 VADDR: 0 PROW: 1 PBANK: 9 CYCLE: 306720959
PNORMAL PADDR: 0 VADDR: 0 PROW: 1 PBANK: 9 CYCLE: 306720959
NORMAL PADDR: 0 VADDR: 0 PROW: 1 PBANK: a CYCLE: 306720959
PNORMAL PADDR: 0 VADDR: 0 PROW: 1 PBANK: a CYCLE: 306720959
NORMAL PADDR: 0 VADDR: 0 PROW: 1 PBANK: b CYCLE: 306720959
PNORMAL PADDR: 0 VADDR: 0 PROW: 1 PBANK: b CYCLE: 306720959
NORMAL PADDR: 0 VADDR: 0 PROW: 1 PBANK: c CYCLE: 306720959
PNORMAL PADDR: 0 VADDR: 0 PROW: 1 PBANK: c CYCLE: 306720959
NORMAL PADDR: 0 VADDR: 0 PROW: 1 PBANK: d CYCLE: 306720959
PNORMAL PADDR: 0 VADDR: 0 PROW: 1 PBANK: d CYCLE: 306720959
NORMAL PADDR: 0 VADDR: 0 PROW: 1 PBANK: e CYCLE: 306720959
PNORMAL PADDR: 0 VADDR: 0 PROW: 1 PBANK: e CYCLE: 306720959
NORMAL PADDR: 0 VADDR: 0 PROW: 1 PBANK: f CYCLE: 306720959
PNORMAL PADDR: 127cb8 VADDR: 0 PROW: 4 PBANK: 8 CYCLE: 12298
NORMAL PADDR: 0 VADDR: 0 PROW: 0 PBANK: 0 CYCLE: 12499
PNORMAL PADDR: 0 VADDR: 0 PROW: 0 PBANK: 0 CYCLE: 12499
NORMAL PADDR: 0 VADDR: 0 PROW: 0 PBANK: 1 CYCLE: 12499
PNORMAL PADDR: 0 VADDR: 0 PROW: 0 PBANK: 1 CYCLE: 12499
NORMAL PADDR: 0 VADDR: 0 PROW: 0 PBANK: 2 CYCLE: 12499
PNORMAL PADDR: 0 VADDR: 0 PROW: 0 PBANK: 2 CYCLE: 12499
NORMAL PADDR: 0 VADDR: 0 PROW: 0 PBANK: 3 CYCLE: 12499
PNORMAL PADDR: 0 VADDR: 0 PROW: 0 PBANK: 3 CYCLE: 12499
NORMAL PADDR: 0 VADDR: 0 PROW: 0 PBANK: 4 CYCLE: 12499
PNORMAL PADDR: 0 VADDR: 0 PROW: 0 PBANK: 4 CYCLE: 12499
NORMAL PADDR: 0 VADDR: 0 PROW: 0 PBANK: 5 CYCLE: 12499
PNORMAL PADDR: 0 VADDR: 0 PROW: 0 PBANK: 5 CYCLE: 12499
NORMAL PADDR: 0 VADDR: 0 PROW: 0 PBANK: 6 CYCLE: 12499
PNORMAL PADDR: 0 VADDR: 0 PROW: 0 PBANK: 6 CYCLE: 12499
NORMAL PADDR: 0 VADDR: 0 PROW: 0 PBANK: 7 CYCLE: 12499
PNORMAL PADDR: 0 VADDR: 0 PROW: 0 PBANK: 7 CYCLE: 12499
NORMAL PADDR: 0 VADDR: 0 PROW: 0 PBANK: 8 CYCLE: 12499
PNORMAL PADDR: 0 VADDR: 0 PROW: 0 PBANK: 8 CYCLE: 12499
NORMAL PADDR: 0 VADDR: 0 PROW: 0 PBANK: 9 CYCLE: 12499
PNORMAL PADDR: 0 VADDR: 0 PROW: 0 PBANK: 9 CYCLE: 12499
NORMAL PADDR: 0 VADDR: 0 PROW: 0 PBANK: a CYCLE: 12499
PNORMAL PADDR: 0 VADDR: 0 PROW: 0 PBANK: a CYCLE: 12499
NORMAL PADDR: 0 VADDR: 0 PROW: 0 PBANK: b CYCLE: 12499
PNORMAL PADDR: 0 VADDR: 0 PROW: 0 PBANK: b CYCLE: 12499
NORMAL PADDR: 0 VADDR: 0 PROW: 0 PBANK: c CYCLE: 12499
PNORMAL PADDR: 0 VADDR: 0 PROW: 0 PBANK: c CYCLE: 12499
NORMAL PADDR: 0 VADDR: 0 PROW: 0 PBANK: d CYCLE: 12499
PNORMAL PADDR: 0 VADDR: 0 PROW: 0 PBANK: d CYCLE: 12499
NORMAL PADDR: 0 VADDR: 0 PROW: 0 PBANK: e CYCLE: 12499
PNORMAL PADDR: 0 VADDR: 0 PROW: 0 PBANK: e CYCLE: 12499
NORMAL PADDR: 0 VADDR: 0 PROW: 0 PBANK: f CYCLE: 12499
PNORMAL PADDR: 0 VADDR: 0 PROW: 0 PBANK: f CYCLE: 12499
NORMAL PADDR: 0 VADDR: 0 PROW: 1 PBANK: 0 CYCLE: 12499
PNORMAL PADDR: 0 VADDR: 0 PROW: 1 PBANK: 0 CYCLE: 12499
NORMAL PADDR: 0 VADDR: 0 PROW: 1 PBANK: 1 CYCLE: 12499
PNORMAL PADDR: 0 VADDR: 0 PROW: 1 PBANK: 1 CYCLE: 12499
NORMAL PADDR: 0 VADDR: 0 PROW: 1 PBANK: 2 CYCLE: 12499
PNORMAL PADDR: 0 VADDR: 0 PROW: 1 PBANK: 2 CYCLE: 12499
NORMAL PADDR: 0 VADDR: 0 PROW: 1 PBANK: 3 CYCLE: 12499
PNORMAL PADDR: 0 VADDR: 0 PROW: 1 PBANK: 3 CYCLE: 12499
NORMAL PADDR: 0 VADDR: 0 PROW: 1 PBANK: 4 CYCLE: 12499
PNORMAL PADDR: 0 VADDR: 0 PROW: 1 PBANK: 4 CYCLE: 12499
NORMAL PADDR: 0 VADDR: 0 PROW: 1 PBANK: 5 CYCLE: 12499
PNORMAL PADDR: 0 VADDR: 0 PROW: 1 PBANK: 5 CYCLE: 12499
NORMAL PADDR: 0 VADDR: 0 PROW: 1 PBANK: 6 CYCLE: 12499
PNORMAL PADDR: 0 VADDR: 0 PROW: 1 PBANK: 6 CYCLE: 12499
NORMAL PADDR: 0 VADDR: 0 PROW: 1 PBANK: 7 CYCLE: 12499
PNORMAL PADDR: 0 VADDR: 0 PROW: 1 PBANK: 7 CYCLE: 12499
NORMAL PADDR: 0 VADDR: 0 PROW: 1 PBANK: 8 CYCLE: 12499
PNORMAL PADDR: 0 VADDR: 0 PROW: 1 PBANK: 8 CYCLE: 12499
NORMAL PADDR: 0 VADDR: 0 PROW: 1 PBANK: 9 CYCLE: 12499
PNORMAL PADDR: 0 VADDR: 0 PROW: 1 PBANK: 9 CYCLE: 12499
NORMAL PADDR: 0 VADDR: 0 PROW: 1 PBANK: a CYCLE: 12499
PNORMAL PADDR: 0 VADDR: 0 PROW: 1 PBANK: a CYCLE: 12499
NORMAL PADDR: 0 VADDR: 0 PROW: 1 PBANK: b CYCLE: 12499
PNORMAL PADDR: 0 VADDR: 0 PROW: 1 PBANK: b CYCLE: 12499
NORMAL PADDR: 0 VADDR: 0 PROW: 1 PBANK: c CYCLE: 12499
PNORMAL PADDR: 0 VADDR: 0 PROW: 1 PBANK: c CYCLE: 12499
NORMAL PADDR: 0 VADDR: 0 PROW: 1 PBANK: d CYCLE: 12499
PNORMAL PADDR: 0 VADDR: 0 PROW: 1 PBANK: d CYCLE: 12499
NORMAL PADDR: 0 VADDR: 0 PROW: 1 PBANK: e CYCLE: 12499
PNORMAL PADDR: 0 VADDR: 0 PROW: 1 PBANK: e CYCLE: 12499
NORMAL PADDR: 0 VADDR: 0 PROW: 1 PBANK: f CYCLE: 12499
PNORMAL PADDR: 0 VADDR: 0 PROW: 3 PBANK: f CYCLE: 12499
NORMAL PADDR: 0 VADDR: 0 PROW: 0 PBANK: 0 CYCLE: 12499
PNORMAL PADDR: 0 VADDR: 0 PROW: 0 PBANK: 0 CYCLE: 12499
NORMAL PADDR: 0 VADDR: 0 PROW: 0 PBANK: 1 CYCLE: 12499
PNORMAL PADDR: 0 VADDR: 0 PROW: 0 PBANK: 1 CYCLE: 12499
NORMAL PADDR: 0 VADDR: 0 PROW: 0 PBANK: 2 CYCLE: 12499
PNORMAL PADDR: 0 VADDR: 0 PROW: 0 PBANK: 2 CYCLE: 12499
NORMAL PADDR: 0 VADDR: 0 PROW: 0 PBANK: 3 CYCLE: 12499
PNORMAL PADDR: 0 VADDR: 0 PROW: 0 PBANK: 3 CYCLE: 12499
NORMAL PADDR: 0 VADDR: 0 PROW: 0 PBANK: 4 CYCLE: 12499
PNORMAL PADDR: 0 VADDR: 0 PROW: 0 PBANK: 4 CYCLE: 12499
NORMAL PADDR: 0 VADDR: 0 PROW: 0 PBANK: 5 CYCLE: 12499
PNORMAL PADDR: 0 VADDR: 0 PROW: 0 PBANK: 5 CYCLE: 12499
NORMAL PADDR: 0 VADDR: 0 PROW: 0 PBANK: 6 CYCLE: 12499
PNORMAL PADDR: 0 VADDR: 0 PROW: 0 PBANK: 6 CYCLE: 12499
NORMAL PADDR: 0 VADDR: 0 PROW: 0 PBANK: 7 CYCLE: 12499
PNORMAL PADDR: 0 VADDR: 0 PROW: 0 PBANK: 7 CYCLE: 12499
NORMAL PADDR: 0 VADDR: 0 PROW: 0 PBANK: 8 CYCLE: 12499
PNORMAL PADDR: 0 VADDR: 0 PROW: 0 PBANK: 8 CYCLE: 12499
NORMAL PADDR: 0 VADDR: 0 PROW: 0 PBANK: 9 CYCLE: 12499
PNORMAL PADDR: 0 VADDR: 0 PROW: 0 PBANK: 9 CYCLE: 12499
NORMAL PADDR: 0 VADDR: 0 PROW: 0 PBANK: a CYCLE: 12499
PNORMAL PADDR: 0 VADDR: 0 PROW: 0 PBANK: a CYCLE: 12499
NORMAL PADDR: 0 VADDR: 0 PROW: 0 PBANK: b CYCLE: 12499
PNORMAL PADDR: 0 VADDR: 0 PROW: 0 PBANK: b CYCLE: 12499
NORMAL PADDR: 0 VADDR: 0 PROW: 0 PBANK: c CYCLE: 12499
PNORMAL PADDR: 0 VADDR: 0 PROW: 0 PBANK: c CYCLE: 12499
NORMAL PADDR: 0 VADDR: 0 PROW: 0 PBANK: d CYCLE: 12499
PNORMAL PADDR: 0 VADDR: 0 PROW: 0 PBANK: d CYCLE: 12499
NORMAL PADDR: 0 VADDR: 0 PROW: 0 PBANK: e CYCLE: 12499
PNORMAL PADDR: 0 VADDR: 0 PROW: 0 PBANK: e CYCLE: 12499
NORMAL PADDR: 0 VADDR: 0 PROW: 0 PBANK: f CYCLE: 12499
PNORMAL PADDR: 0 VADDR: 0 PROW: 0 PBANK: f CYCLE: 12499
NORMAL PADDR: 0 VADDR: 0 PROW: 1 PBANK: 0 CYCLE: 12499
PNORMAL PADDR: 0 VADDR: 0 PROW: 1 PBANK: 0 CYCLE: 12499
NORMAL PADDR: 0 VADDR: 0 PROW: 1 PBANK: 1 CYCLE: 12499
PNORMAL PADDR: 0 VADDR: 0 PROW: 1 PBANK: 1 CYCLE: 12499
NORMAL PADDR: 0 VADDR: 0 PROW: 1 PBANK: 2 CYCLE: 12499
PNORMAL PADDR: 0 VADDR: 0 PROW: 1 PBANK: 2 CYCLE: 12499
NORMAL PADDR: 0 VADDR: 0 PROW: 1 PBANK: 3 CYCLE: 12499
PNORMAL PADDR: 0 VADDR: 0 PROW: 1 PBANK: 3 CYCLE: 12499
NORMAL PADDR: 0 VADDR: 0 PROW: 1 PBANK: 4 CYCLE: 12499
PNORMAL PADDR: 0 VADDR: 0 PROW: 1 PBANK: 4 CYCLE: 12499
NORMAL PADDR: 0 VADDR: 0 PROW: 1 PBANK: 5 CYCLE: 12499
PNORMAL PADDR: 0 VADDR: 0 PROW: 1 PBANK: 5 CYCLE: 12499
NORMAL PADDR: 0 VADDR: 0 PROW: 1 PBANK: 6 CYCLE: 12499
PNORMAL PADDR: 0 VADDR: 0 PROW: 1 PBANK: 6 CYCLE: 12499
NORMAL PADDR: 0 VADDR: 0 PROW: 1 PBANK: 7 CYCLE: 12499
PNORMAL PADDR: 0 VADDR: 0 PROW: 1 PBANK: 7 CYCLE: 12499
NORMAL PADDR: 0 VADDR: 0 PROW: 1 PBANK: 8 CYCLE: 12499
PNORMAL PADDR: 0 VADDR: 0 PROW: 1 PBANK: 8 CYCLE: 12499
NORMAL PADDR: 0 VADDR: 0 PROW: 1 PBANK: 9 CYCLE: 12499
PNORMAL PADDR: 0 VADDR: 0 PROW: 1 PBANK: 9 CYCLE: 12499
NORMAL PADDR: 0 VADDR: 0 PROW: 1 PBANK: a CYCLE: 12499
PNORMAL PADDR: 0 VADDR: 0 PROW: 1 PBANK: a CYCLE: 12499
NORMAL PADDR: 0 VADDR: 0 PROW: 1 PBANK: b CYCLE: 12499
PNORMAL PADDR: 0 VADDR: 0 PROW: 1 PBANK: b CYCLE: 12499
NORMAL PADDR: 0 VADDR: 0 PROW: 1 PBANK: c CYCLE: 12499
PNORMAL PADDR: 0 VADDR: 0 PROW: 1 PBANK: c CYCLE: 12499
NORMAL PADDR: 0 VADDR: 0 PROW: 1 PBANK: d CYCLE: 12499
PNORMAL PADDR: 0 VADDR: 0 PROW: 1 PBANK: d CYCLE: 12499
NORMAL PADDR: 0 VADDR: 0 PROW: 1 PBANK: e CYCLE: 12499
PNORMAL PADDR: 0 VADDR: 0 PROW: 1 PBANK: e CYCLE: 12499
NORMAL PADDR: 0 VADDR: 0 PROW: 1 PBANK: f CYCLE: 12499
PNORMAL PADDR: 127cb8 VADDR: 0 PROW: 4 PBANK: 8 CYCLE: 12298
NORMAL PADDR: 0 VADDR: 0 PROW: 0 PBANK: 0 CYCLE: 12499
PNORMAL PADDR: 0 VADDR: 0 PROW: 0 PBANK: 0 CYCLE: 12499
NORMAL PADDR: 0 VADDR: 0 PROW: 0 PBANK: 1 CYCLE: 12499
PNORMAL PADDR: 0 VADDR: 0 PROW: 0 PBANK: 1 CYCLE: 12499
NORMAL PADDR: 0 VADDR: 0 PROW: 0 PBANK: 2 CYCLE: 12499
PNORMAL PADDR: 0 VADDR: 0 PROW: 0 PBANK: 2 CYCLE: 12499
NORMAL PADDR: 0 VADDR: 0 PROW: 0 PBANK: 3 CYCLE: 12499
PNORMAL PADDR: 0 VADDR: 0 PROW: 0 PBANK: 3 CYCLE: 12499
NORMAL PADDR: 0 VADDR: 0 PROW: 0 PBANK: 4 CYCLE: 12499
PNORMAL PADDR: 0 VADDR: 0 PROW: 0 PBANK: 4 CYCLE: 12499
NORMAL PADDR: 0 VADDR: 0 PROW: 0 PBANK: 5 CYCLE: 12499
PNORMAL PADDR: 0 VADDR: 0 PROW: 0 PBANK: 5 CYCLE: 12499
NORMAL PADDR: 0 VADDR: 0 PROW: 0 PBANK: 6 CYCLE: 12499
PNORMAL PADDR: 0 VADDR: 0 PROW: 0 PBANK: 6 CYCLE: 12499
NORMAL PADDR: 0 VADDR: 0 PROW: 0 PBANK: 7 CYCLE: 12499
PNORMAL PADDR: 0 VADDR: 0 PROW: 0 PBANK: 7 CYCLE: 12499
NORMAL PADDR: 0 VADDR: 0 PROW: 0 PBANK: 8 CYCLE: 12499
PNORMAL PADDR: 0 VADDR: 0 PROW: 0 PBANK: 8 CYCLE: 12499
NORMAL PADDR: 0 VADDR: 0 PROW: 0 PBANK: 9 CYCLE: 12499
PNORMAL PADDR: 0 VADDR: 0 PROW: 0 PBANK: 9 CYCLE: 12499
NORMAL PADDR: 0 VADDR: 0 PROW: 0 PBANK: a CYCLE: 12499
PNORMAL PADDR: 0 VADDR: 0 PROW: 0 PBANK: a CYCLE: 12499
NORMAL PADDR: 0 VADDR: 0 PROW: 0 PBANK: b CYCLE: 12499
PNORMAL PADDR: 0 VADDR: 0 PROW: 0 PBANK: b CYCLE: 12499
NORMAL PADDR: 0 VADDR: 0 PROW: 0 PBANK: c CYCLE: 12499
PNORMAL PADDR: 0 VADDR: 0 PROW: 0 PBANK: c CYCLE: 12499
NORMAL PADDR: 0 VADDR: 0 PROW: 0 PBANK: d CYCLE: 12499
PNORMAL PADDR: 0 VADDR: 0 PROW: 0 PBANK: d CYCLE: 12499
NORMAL PADDR: 0 VADDR: 0 PROW: 0 PBANK: e CYCLE: 12499
PNORMAL PADDR: 0 VADDR: 0 PROW: 0 PBANK: e CYCLE: 12499
NORMAL PADDR: 0 VADDR: 0 PROW: 0 PBANK: f CYCLE: 12499
PNORMAL PADDR: 0 VADDR: 0 PROW: 0 PBANK: f CYCLE: 12499
NORMAL PADDR: 0 VADDR: 0 PROW: 1 PBANK: 0 CYCLE: 12499
PNORMAL PADDR: 0 VADDR: 0 PROW: 1 PBANK: 0 CYCLE: 12499
NORMAL PADDR: 0 VADDR: 0 PROW: 1 PBANK: 1 CYCLE: 12499
PNORMAL PADDR: 0 VADDR: 0 PROW: 1 PBANK: 1 CYCLE: 12499
NORMAL PADDR: 0 VADDR: 0 PROW: 1 PBANK: 2 CYCLE: 12499
PNORMAL PADDR: 0 VADDR: 0 PROW: 1 PBANK: 2 CYCLE: 12499
NORMAL PADDR: 0 VADDR: 0 PROW: 1 PBANK: 3 CYCLE: 12499
PNORMAL PADDR: 0 VADDR: 0 PROW: 1 PBANK: 3 CYCLE: 12499
NORMAL PADDR: 0 VADDR: 0 PROW: 1 PBANK: 4 CYCLE: 12499
PNORMAL PADDR: 0 VADDR: 0 PROW: 1 PBANK: 4 CYCLE: 12499
NORMAL PADDR: 0 VADDR: 0 PROW: 1 PBANK: 5 CYCLE: 12499
PNORMAL PADDR: 0 VADDR: 0 PROW: 1 PBANK: 5 CYCLE: 12499
NORMAL PADDR: 0 VADDR: 0 PROW: 1 PBANK: 6 CYCLE: 12499
PNORMAL PADDR: 0 VADDR: 0 PROW: 1 PBANK: 6 CYCLE: 12499
NORMAL PADDR: 0 VADDR: 0 PROW: 1 PBANK: 7 CYCLE: 12499
PNORMAL PADDR: 0 VADDR: 0 PROW: 1 PBANK: 7 CYCLE: 12499
NORMAL PADDR: 0 VADDR: 0 PROW: 1 PBANK: 8 CYCLE: 12499
PNORMAL PADDR: 0 VADDR: 0 PROW: 1 PBANK: 8 CYCLE: 12499
NORMAL PADDR: 0 VADDR: 0 PROW: 1 PBANK: 9 CYCLE: 12499
PNORMAL PADDR: 0 VADDR: 0 PROW: 1 PBANK: 9 CYCLE: 12499
NORMAL PADDR: 0 VADDR: 0 PROW: 1 PBANK: a CYCLE: 12499
PNORMAL PADDR: 0 VADDR: 0 PROW: 1 PBANK: a CYCLE: 12499
NORMAL PADDR: 0 VADDR: 0 PROW: 1 PBANK: b CYCLE: 12499
PNORMAL PADDR: 0 VADDR: 0 PROW: 1 PBANK: b CYCLE: 12499
NORMAL PADDR: 0 VADDR: 0 PROW: 1 PBANK: c CYCLE: 12499
PNORMAL PADDR: 0 VADDR: 0 PROW: 1 PBANK: c CYCLE: 12499
NORMAL PADDR: 0 VADDR: 0 PROW: 1 PBANK: d CYCLE: 12499
PNORMAL PADDR: 0 VADDR: 0 PROW: 1 PBANK: d CYCLE: 12499
NORMAL PADDR: 0 VADDR: 0 PROW: 1 PBANK: e CYCLE: 12499
PNORMAL PADDR: 0 VADDR: 0 PROW: 1 PBANK: e CYCLE: 12499
NORMAL PADDR: 0 VADDR: 0 PROW: 1 PBANK: f CYCLE: 12499
PNORMAL PADDR: 0 VADDR: 0 PROW: 3 PBANK: f CYCLE: 12499
NORMAL PADDR: 0 VADDR: 0 PROW: 0 PBANK: 0 CYCLE: 12499
PNORMAL PADDR: 0 VADDR: 0 PROW: 0 PBANK: 0 CYCLE: 12499
NORMAL PADDR: 0 VADDR: 0 PROW: 0 PBANK: 1 CYCLE: 12499
PNORMAL PADDR: 0 VADDR: 0 PROW: 0 PBANK: 1 CYCLE: 12499
NORMAL PADDR: 0 VADDR: 0 PROW: 0 PBANK: 2 CYCLE: 12499
PNORMAL PADDR: 0 VADDR: 0 PROW: 0 PBANK: 2 CYCLE: 12499
NORMAL PADDR: 0 VADDR: 0 PROW: 0 PBANK: 3 CYCLE: 12499
PNORMAL PADDR: 0 VADDR: 0 PROW: 0 PBANK: 3 CYCLE: 12499
NORMAL PADDR: 0 VADDR: 0 PROW: 0 PBANK: 4 CYCLE: 12499
PNORMAL PADDR: 0 VADDR: 0 PROW: 0 PBANK: 4 CYCLE: 12499
NORMAL PADDR: 0 VADDR: 0 PROW: 0 PBANK: 5 CYCLE: 12499
PNORMAL PADDR: 0 VADDR: 0 PROW: 0 PBANK: 5 CYCLE: 12499
NORMAL PADDR: 0 VADDR: 0 PROW: 0 PBANK: 6 CYCLE: 12499
PNORMAL PADDR: 0 VADDR: 0 PROW: 0 PBANK: 6 CYCLE: 12499
NORMAL PADDR: 0 VADDR: 0 PROW: 0 PBANK: 7 CYCLE: 12499
PNORMAL PADDR: 0 VADDR: 0 PROW: 0 PBANK: 7 CYCLE: 12499
NORMAL PADDR: 0 VADDR: 0 PROW: 0 PBANK: 8 CYCLE: 12499
PNORMAL PADDR: 0 VADDR: 0 PROW: 0 PBANK: 8 CYCLE: 12499
NORMAL PADDR: 0 VADDR: 0 PROW: 0 PBANK: 9 CYCLE: 12499
PNORMAL PADDR: 0 VADDR: 0 PROW: 0 PBANK: 9 CYCLE: 12499
NORMAL PADDR: 0 VADDR: 0 PROW: 0 PBANK: a CYCLE: 12499
PNORMAL PADDR: 0 VADDR: 0 PROW: 0 PBANK: a CYCLE: 12499
NORMAL PADDR: 0 VADDR: 0 PROW: 0 PBANK: b CYCLE: 12499
PNORMAL PADDR: 0 VADDR: 0 PROW: 0 PBANK: b CYCLE: 12499
NORMAL PADDR: 0 VADDR: 0 PROW: 0 PBANK: c CYCLE: 12499
PNORMAL PADDR: 0 VADDR: 0 PROW: 0 PBANK: c CYCLE: 12499
NORMAL PADDR: 0 VADDR: 0 PROW: 0 PBANK: d CYCLE: 12499
PNORMAL PADDR: 0 VADDR: 0 PROW: 0 PBANK: d CYCLE: 12499
NORMAL PADDR: 0 VADDR: 0 PROW: 0 PBANK: e CYCLE: 12499
PNORMAL PADDR: 0 VADDR: 0 PROW: 0 PBANK: e CYCLE: 12499
NORMAL PADDR: 0 VADDR: 0 PROW: 0 PBANK: f CYCLE: 12499
PNORMAL PADDR: 0 VADDR: 0 PROW: 0 PBANK: f CYCLE: 12499
NORMAL PADDR: 0 VADDR: 0 PROW: 1 PBANK: 0 CYCLE: 12499
PNORMAL PADDR: 0 VADDR: 0 PROW: 1 PBANK: 0 CYCLE: 12499
NORMAL PADDR: 0 VADDR: 0 PROW: 1 PBANK: 1 CYCLE: 12499
PNORMAL PADDR: 0 VADDR: 0 PROW: 1 PBANK: 1 CYCLE: 12499
NORMAL PADDR: 0 VADDR: 0 PROW: 1 PBANK: 2 CYCLE: 12499
PNORMAL PADDR: 0 VADDR: 0 PROW: 1 PBANK: 2 CYCLE: 12499
NORMAL PADDR: 0 VADDR: 0 PROW: 1 PBANK: 3 CYCLE: 12499
PNORMAL PADDR: 0 VADDR: 0 PROW: 1 PBANK: 3 CYCLE: 12499
NORMAL PADDR: 0 VADDR: 0 PROW: 1 PBANK: 4 CYCLE: 12499
PNORMAL PADDR: 0 VADDR: 0 PROW: 1 PBANK: 4 CYCLE: 12499
NORMAL PADDR: 0 VADDR: 0 PROW: 1 PBANK: 5 CYCLE: 12499
PNORMAL PADDR: 0 VADDR: 0 PROW: 1 PBANK: 5 CYCLE: 12499
NORMAL PADDR: 0 VADDR: 0 PROW: 1 PBANK: 6 CYCLE: 12499
PNORMAL PADDR: 0 VADDR: 0 PROW: 1 PBANK: 6 CYCLE: 12499
NORMAL PADDR: 0 VADDR: 0 PROW: 1 PBANK: 7 CYCLE: 12499
PNORMAL PADDR: 0 VADDR: 0 PROW: 1 PBANK: 7 CYCLE: 12499
NORMAL PADDR: 0 VADDR: 0 PROW: 1 PBANK: 8 CYCLE: 12499
PNORMAL PADDR: 0 VADDR: 0 PROW: 1 PBANK: 8 CYCLE: 12499
NORMAL PADDR: 0 VADDR: 0 PROW: 1 PBANK: 9 CYCLE: 12499
PNORMAL PADDR: 0 VADDR: 0 PROW: 1 PBANK: 9 CYCLE: 12499
NORMAL PADDR: 0 VADDR: 0 PROW: 1 PBANK: a CYCLE: 12499
PNORMAL PADDR: 0 VADDR: 0 PROW: 1 PBANK: a CYCLE: 12499
NORMAL PADDR: 0 VADDR: 0 PROW: 1 PBANK: b CYCLE: 12499
PNORMAL PADDR: 0 VADDR: 0 PROW: 1 PBANK: b CYCLE: 12499
NORMAL PADDR: 0 VADDR: 0 PROW: 1 PBANK: c CYCLE: 12499
PNORMAL PADDR: 0 VADDR: 0 PROW: 1 PBANK: c CYCLE: 12499
NORMAL PADDR: 0 VADDR: 0 PROW: 1 PBANK: d CYCLE: 12499
PNORMAL PADDR: 0 VADDR: 0 PROW: 1 PBANK: d CYCLE: 12499
NORMAL PADDR: 0 VADDR: 0 PROW: 1 PBANK: e CYCLE: 12499
PNORMAL PADDR: 0 VADDR: 0 PROW: 1 PBANK: e CYCLE: 12499
NORMAL PADDR: 0 VADDR: 0 PROW: 1 PBANK: f CYCLE: 12499
PNORMAL PADDR: 0 VADDR: 0 PROW: 7ffe PBANK: f CYCLE: 102236179
NORMAL PADDR: 0 VADDR: 0 PROW: 7fff PBANK: 0 CYCLE: 102236179
PNORMAL PADDR: 0 VADDR: 0 PROW: 7fff PBANK: 0 CYCLE: 102236179
NORMAL PADDR: 0 VADDR: 0 PROW: 7fff PBANK: 1 CYCLE: 102236179
PNORMAL PADDR: 0 VADDR: 0 PROW: 7fff PBANK: 1 CYCLE: 102236179
NORMAL PADDR: 0 VADDR: 0 PROW: 7fff PBANK: 2 CYCLE: 102236179
PNORMAL PADDR: 0 VADDR: 0 PROW: 7fff PBANK: 2 CYCLE: 102236179
NORMAL PADDR: 0 VADDR: 0 PROW: 7fff PBANK: 3 CYCLE: 102236179
PNORMAL PADDR: 0 VADDR: 0 PROW: 7fff PBANK: 3 CYCLE: 102236179
NORMAL PADDR: 0 VADDR: 0 PROW: 7fff PBANK: 4 CYCLE: 102236179
PNORMAL PADDR: 0 VADDR: 0 PROW: 7fff PBANK: 4 CYCLE: 102236179
NORMAL PADDR: 0 VADDR: 0 PROW: 7fff PBANK: 5 CYCLE: 102236179
PNORMAL PADDR: 0 VADDR: 0 PROW: 7fff PBANK: 5 CYCLE: 102236179
NORMAL PADDR: 0 VADDR: 0 PROW: 7fff PBANK: 6 CYCLE: 102236179
PNORMAL PADDR: 0 VADDR: 0 PROW: 7fff PBANK: 6 CYCLE: 102236179
NORMAL PADDR: 0 VADDR: 0 PROW: 7fff PBANK: 7 CYCLE: 102236179
PNORMAL PADDR: 0 VADDR: 0 PROW: 7fff PBANK: 7 CYCLE: 102236179
NORMAL PADDR: 0 VADDR: 0 PROW: 7fff PBANK: 8 CYCLE: 102236179
PNORMAL PADDR: 0 VADDR: 0 PROW: 7fff PBANK: 8 CYCLE: 102236179
NORMAL PADDR: 0 VADDR: 0 PROW: 7fff PBANK: 9 CYCLE: 102236179
PNORMAL PADDR: 0 VADDR: 0 PROW: 7fff PBANK: 9 CYCLE: 102236179
NORMAL PADDR: 0 VADDR: 0 PROW: 7fff PBANK: a CYCLE: 102236179
PNORMAL PADDR: 0 VADDR: 0 PROW: 7fff PBANK: a CYCLE: 102236179
NORMAL PADDR: 0 VADDR: 0 PROW: 7fff PBANK: b CYCLE: 102236179
PNORMAL PADDR: 0 VADDR: 0 PROW: 7fff PBANK: b CYCLE: 102236179
NORMAL PADDR: 0 VADDR: 0 PROW: 7fff PBANK: c CYCLE: 102236179
PNORMAL PADDR: 0 VADDR: 0 PROW: 7fff PBANK: c CYCLE: 102236179
NORMAL PADDR: 0 VADDR: 0 PROW: 7fff PBANK: d CYCLE: 102236179
PNORMAL PADDR: 0 VADDR: 0 PROW: 7fff PBANK: d CYCLE: 102236179
NORMAL PADDR: 0 VADDR: 0 PROW: 7fff PBANK: e CYCLE: 102236179
PNORMAL PADDR: 0 VADDR: 0 PROW: 7fff PBANK: e CYCLE: 102236179
NORMAL PADDR: 0 VADDR: 0 PROW: 7fff PBANK: f CYCLE: 102236179
PNORMAL PADDR: 0 VADDR: 0 PROW: 7ffe PBANK: f CYCLE: 102236179
NORMAL PADDR: 0 VADDR: 0 PROW: 7fff PBANK: 0 CYCLE: 102236179
PNORMAL PADDR: 0 VADDR: 0 PROW: 7fff PBANK: 0 CYCLE: 102236179
NORMAL PADDR: 0 VADDR: 0 PROW: 7fff PBANK: 1 CYCLE: 102236179
PNORMAL PADDR: 0 VADDR: 0 PROW: 7fff PBANK: 1 CYCLE: 102236179
NORMAL PADDR: 0 VADDR: 0 PROW: 7fff PBANK: 2 CYCLE: 102236179
PNORMAL PADDR: 0 VADDR: 0 PROW: 7fff PBANK: 2 CYCLE: 102236179
NORMAL PADDR: 0 VADDR: 0 PROW: 7fff PBANK: 3 CYCLE: 102236179
PNORMAL PADDR: 0 VADDR: 0 PROW: 7fff PBANK: 3 CYCLE: 102236179
NORMAL PADDR: 0 VADDR: 0 PROW: 7fff PBANK: 4 CYCLE: 102236179
PNORMAL PADDR: 0 VADDR: 0 PROW: 7fff PBANK: 4 CYCLE: 102236179
NORMAL PADDR: 0 VADDR: 0 PROW: 7fff PBANK: 5 CYCLE: 102236179
PNORMAL PADDR: 0 VADDR: 0 PROW: 7fff PBANK: 5 CYCLE: 102236179
NORMAL PADDR: 0 VADDR: 0 PROW: 7fff PBANK: 6 CYCLE: 102236179
PNORMAL PADDR: 0 VADDR: 0 PROW: 7fff PBANK: 6 CYCLE: 102236179
NORMAL PADDR: 0 VADDR: 0 PROW: 7fff PBANK: 7 CYCLE: 102236179
PNORMAL PADDR: 0 VADDR: 0 PROW: 7fff PBANK: 7 CYCLE: 102236179
NORMAL PADDR: 0 VADDR: 0 PROW: 7fff PBANK: 8 CYCLE: 102236179
PNORMAL PADDR: 0 VADDR: 0 PROW: 7fff PBANK: 8 CYCLE: 102236179
NORMAL PADDR: 0 VADDR: 0 PROW: 7fff PBANK: 9 CYCLE: 102236179
PNORMAL PADDR: 0 VADDR: 0 PROW: 7fff PBANK: 9 CYCLE: 102236179
NORMAL PADDR: 0 VADDR: 0 PROW: 7fff PBANK: a CYCLE: 102236179
PNORMAL PADDR: 0 VADDR: 0 PROW: 7fff PBANK: a CYCLE: 102236179
NORMAL PADDR: 0 VADDR: 0 PROW: 7fff PBANK: b CYCLE: 102236179
PNORMAL PADDR: 0 VADDR: 0 PROW: 7fff PBANK: b CYCLE: 102236179
NORMAL PADDR: 0 VADDR: 0 PROW: 7fff PBANK: c CYCLE: 102236179
PNORMAL PADDR: 0 VADDR: 0 PROW: 7fff PBANK: c CYCLE: 102236179
NORMAL PADDR: 0 VADDR: 0 PROW: 7fff PBANK: d CYCLE: 102236179
PNORMAL PADDR: 0 VADDR: 0 PROW: 7fff PBANK: d CYCLE: 102236179
NORMAL PADDR: 0 VADDR: 0 PROW: 7fff PBANK: e CYCLE: 102236179
PNORMAL PADDR: 0 VADDR: 0 PROW: 7fff PBANK: e CYCLE: 102236179
NORMAL PADDR: 0 VADDR: 0 PROW: 7fff PBANK: f CYCLE: 102236179
PNORMAL PADDR: 63c2890 VADDR: 0 PROW: 18f PBANK: 8 CYCLE: 102248345
NORMAL PADDR: 0 VADDR: 0 PROW: 0 PBANK: 0 CYCLE: 102248659
PNORMAL PADDR: 0 VADDR: 0 PROW: 0 PBANK: 0 CYCLE: 102248659
NORMAL PADDR: 0 VADDR: 0 PROW: 0 PBANK: 1 CYCLE: 102248659
PNORMAL PADDR: 0 VADDR: 0 PROW: 0 PBANK: 1 CYCLE: 102248659
NORMAL PADDR: 0 VADDR: 0 PROW: 0 PBANK: 2 CYCLE: 102248659
PNORMAL PADDR: 0 VADDR: 0 PROW: 0 PBANK: 2 CYCLE: 102248659
NORMAL PADDR: 0 VADDR: 0 PROW: 0 PBANK: 3 CYCLE: 102248659
PNORMAL PADDR: 0 VADDR: 0 PROW: 0 PBANK: 3 CYCLE: 102248659
NORMAL PADDR: 0 VADDR: 0 PROW: 0 PBANK: 4 CYCLE: 102248659
PNORMAL PADDR: 0 VADDR: 0 PROW: 0 PBANK: 4 CYCLE: 102248659
NORMAL PADDR: 0 VADDR: 0 PROW: 0 PBANK: 5 CYCLE: 102248659
PNORMAL PADDR: 0 VADDR: 0 PROW: 0 PBANK: 5 CYCLE: 102248659
NORMAL PADDR: 0 VADDR: 0 PROW: 0 PBANK: 6 CYCLE: 102248659
PNORMAL PADDR: 0 VADDR: 0 PROW: 0 PBANK: 6 CYCLE: 102248659
NORMAL PADDR: 0 VADDR: 0 PROW: 0 PBANK: 7 CYCLE: 102248659
PNORMAL PADDR: 0 VADDR: 0 PROW: 0 PBANK: 7 CYCLE: 102248659
NORMAL PADDR: 0 VADDR: 0 PROW: 0 PBANK: 8 CYCLE: 102248659
PNORMAL PADDR: 0 VADDR: 0 PROW: 0 PBANK: 8 CYCLE: 102248659
NORMAL PADDR: 0 VADDR: 0 PROW: 0 PBANK: 9 CYCLE: 102248659
PNORMAL PADDR: 0 VADDR: 0 PROW: 0 PBANK: 9 CYCLE: 102248659
NORMAL PADDR: 0 VADDR: 0 PROW: 0 PBANK: a CYCLE: 102248659
PNORMAL PADDR: 0 VADDR: 0 PROW: 0 PBANK: a CYCLE: 102248659
NORMAL PADDR: 0 VADDR: 0 PROW: 0 PBANK: b CYCLE: 102248659
PNORMAL PADDR: 0 VADDR: 0 PROW: 0 PBANK: b CYCLE: 102248659
NORMAL PADDR: 0 VADDR: 0 PROW: 0 PBANK: c CYCLE: 102248659
PNORMAL PADDR: 0 VADDR: 0 PROW: 0 PBANK: c CYCLE: 102248659
NORMAL PADDR: 0 VADDR: 0 PROW: 0 PBANK: d CYCLE: 102248659
PNORMAL PADDR: 0 VADDR: 0 PROW: 0 PBANK: d CYCLE: 102248659
NORMAL PADDR: 0 VADDR: 0 PROW: 0 PBANK: e CYCLE: 102248659
PNORMAL PADDR: 0 VADDR: 0 PROW: 0 PBANK: e CYCLE: 102248659
NORMAL PADDR: 0 VADDR: 0 PROW: 0 PBANK: f CYCLE: 102248659
PNORMAL PADDR: 0 VADDR: 0 PROW: 0 PBANK: f CYCLE: 102248659
NORMAL PADDR: 0 VADDR: 0 PROW: 1 PBANK: 0 CYCLE: 102248659
PNORMAL PADDR: 0 VADDR: 0 PROW: 1 PBANK: 0 CYCLE: 102248659
NORMAL PADDR: 0 VADDR: 0 PROW: 1 PBANK: 1 CYCLE: 102248659
PNORMAL PADDR: 0 VADDR: 0 PROW: 1 PBANK: 1 CYCLE: 102248659
NORMAL PADDR: 0 VADDR: 0 PROW: 1 PBANK: 2 CYCLE: 102248659
PNORMAL PADDR: 0 VADDR: 0 PROW: 1 PBANK: 2 CYCLE: 102248659
NORMAL PADDR: 0 VADDR: 0 PROW: 1 PBANK: 3 CYCLE: 102248659
PNORMAL PADDR: 0 VADDR: 0 PROW: 1 PBANK: 3 CYCLE: 102248659
NORMAL PADDR: 0 VADDR: 0 PROW: 1 PBANK: 4 CYCLE: 102248659
PNORMAL PADDR: 0 VADDR: 0 PROW: 1 PBANK: 4 CYCLE: 102248659
NORMAL PADDR: 0 VADDR: 0 PROW: 1 PBANK: 5 CYCLE: 102248659
PNORMAL PADDR: 0 VADDR: 0 PROW: 1 PBANK: 5 CYCLE: 102248659
NORMAL PADDR: 0 VADDR: 0 PROW: 1 PBANK: 6 CYCLE: 102248659
PNORMAL PADDR: 0 VADDR: 0 PROW: 1 PBANK: 6 CYCLE: 102248659
NORMAL PADDR: 0 VADDR: 0 PROW: 1 PBANK: 7 CYCLE: 102248659
PNORMAL PADDR: 0 VADDR: 0 PROW: 1 PBANK: 7 CYCLE: 102248659
NORMAL PADDR: 0 VADDR: 0 PROW: 1 PBANK: 8 CYCLE: 102248659
PNORMAL PADDR: 0 VADDR: 0 PROW: 1 PBANK: 8 CYCLE: 102248659
NORMAL PADDR: 0 VADDR: 0 PROW: 1 PBANK: 9 CYCLE: 102248659
PNORMAL PADDR: 0 VADDR: 0 PROW: 1 PBANK: 9 CYCLE: 102248659
NORMAL PADDR: 0 VADDR: 0 PROW: 1 PBANK: a CYCLE: 102248659
PNORMAL PADDR: 0 VADDR: 0 PROW: 1 PBANK: a CYCLE: 102248659
NORMAL PADDR: 0 VADDR: 0 PROW: 1 PBANK: b CYCLE: 102248659
PNORMAL PADDR: 0 VADDR: 0 PROW: 1 PBANK: b CYCLE: 102248659
NORMAL PADDR: 0 VADDR: 0 PROW: 1 PBANK: c CYCLE: 102248659
PNORMAL PADDR: 0 VADDR: 0 PROW: 1 PBANK: c CYCLE: 102248659
NORMAL PADDR: 0 VADDR: 0 PROW: 1 PBANK: d CYCLE: 102248659
PNORMAL PADDR: 0 VADDR: 0 PROW: 1 PBANK: d CYCLE: 102248659
NORMAL PADDR: 0 VADDR: 0 PROW: 1 PBANK: e CYCLE: 102248659
PNORMAL PADDR: 0 VADDR: 0 PROW: 1 PBANK: e CYCLE: 102248659
NORMAL PADDR: 0 VADDR: 0 PROW: 1 PBANK: f CYCLE: 102248659
PNORMAL PADDR: 0 VADDR: 0 PROW: 3 PBANK: f CYCLE: 102248659
NORMAL PADDR: 0 VADDR: 0 PROW: 0 PBANK: 0 CYCLE: 102248659
PNORMAL PADDR: 0 VADDR: 0 PROW: 0 PBANK: 0 CYCLE: 102248659
NORMAL PADDR: 0 VADDR: 0 PROW: 0 PBANK: 1 CYCLE: 102248659
PNORMAL PADDR: 0 VADDR: 0 PROW: 0 PBANK: 1 CYCLE: 102248659
NORMAL PADDR: 0 VADDR: 0 PROW: 0 PBANK: 2 CYCLE: 102248659
PNORMAL PADDR: 0 VADDR: 0 PROW: 0 PBANK: 2 CYCLE: 102248659
NORMAL PADDR: 0 VADDR: 0 PROW: 0 PBANK: 3 CYCLE: 102248659
PNORMAL PADDR: 0 VADDR: 0 PROW: 0 PBANK: 3 CYCLE: 102248659
NORMAL PADDR: 0 VADDR: 0 PROW: 0 PBANK: 4 CYCLE: 102248659
PNORMAL PADDR: 0 VADDR: 0 PROW: 0 PBANK: 4 CYCLE: 102248659
NORMAL PADDR: 0 VADDR: 0 PROW: 0 PBANK: 5 CYCLE: 102248659
PNORMAL PADDR: 0 VADDR: 0 PROW: 0 PBANK: 5 CYCLE: 102248659
NORMAL PADDR: 0 VADDR: 0 PROW: 0 PBANK: 6 CYCLE: 102248659
PNORMAL PADDR: 0 VADDR: 0 PROW: 0 PBANK: 6 CYCLE: 102248659
NORMAL PADDR: 0 VADDR: 0 PROW: 0 PBANK: 7 CYCLE: 102248659
PNORMAL PADDR: 0 VADDR: 0 PROW: 0 PBANK: 7 CYCLE: 102248659
NORMAL PADDR: 0 VADDR: 0 PROW: 0 PBANK: 8 CYCLE: 102248659
PNORMAL PADDR: 0 VADDR: 0 PROW: 0 PBANK: 8 CYCLE: 102248659
NORMAL PADDR: 0 VADDR: 0 PROW: 0 PBANK: 9 CYCLE: 102248659
PNORMAL PADDR: 0 VADDR: 0 PROW: 0 PBANK: 9 CYCLE: 102248659
NORMAL PADDR: 0 VADDR: 0 PROW: 0 PBANK: a CYCLE: 102248659
PNORMAL PADDR: 0 VADDR: 0 PROW: 0 PBANK: a CYCLE: 102248659
NORMAL PADDR: 0 VADDR: 0 PROW: 0 PBANK: b CYCLE: 102248659
PNORMAL PADDR: 0 VADDR: 0 PROW: 0 PBANK: b CYCLE: 102248659
NORMAL PADDR: 0 VADDR: 0 PROW: 0 PBANK: c CYCLE: 102248659
PNORMAL PADDR: 0 VADDR: 0 PROW: 0 PBANK: c CYCLE: 102248659
NORMAL PADDR: 0 VADDR: 0 PROW: 0 PBANK: d CYCLE: 102248659
PNORMAL PADDR: 0 VADDR: 0 PROW: 0 PBANK: d CYCLE: 102248659
NORMAL PADDR: 0 VADDR: 0 PROW: 0 PBANK: e CYCLE: 102248659
PNORMAL PADDR: 0 VADDR: 0 PROW: 0 PBANK: e CYCLE: 102248659
NORMAL PADDR: 0 VADDR: 0 PROW: 0 PBANK: f CYCLE: 102248659
PNORMAL PADDR: 0 VADDR: 0 PROW: 0 PBANK: f CYCLE: 102248659
NORMAL PADDR: 0 VADDR: 0 PROW: 1 PBANK: 0 CYCLE: 102248659
PNORMAL PADDR: 0 VADDR: 0 PROW: 1 PBANK: 0 CYCLE: 102248659
NORMAL PADDR: 0 VADDR: 0 PROW: 1 PBANK: 1 CYCLE: 102248659
PNORMAL PADDR: 0 VADDR: 0 PROW: 1 PBANK: 1 CYCLE: 102248659
NORMAL PADDR: 0 VADDR: 0 PROW: 1 PBANK: 2 CYCLE: 102248659
PNORMAL PADDR: 0 VADDR: 0 PROW: 1 PBANK: 2 CYCLE: 102248659
NORMAL PADDR: 0 VADDR: 0 PROW: 1 PBANK: 3 CYCLE: 102248659
PNORMAL PADDR: 0 VADDR: 0 PROW: 1 PBANK: 3 CYCLE: 102248659
NORMAL PADDR: 0 VADDR: 0 PROW: 1 PBANK: 4 CYCLE: 102248659
PNORMAL PADDR: 0 VADDR: 0 PROW: 1 PBANK: 4 CYCLE: 102248659
NORMAL PADDR: 0 VADDR: 0 PROW: 1 PBANK: 5 CYCLE: 102248659
PNORMAL PADDR: 0 VADDR: 0 PROW: 1 PBANK: 5 CYCLE: 102248659
NORMAL PADDR: 0 VADDR: 0 PROW: 1 PBANK: 6 CYCLE: 102248659
PNORMAL PADDR: 0 VADDR: 0 PROW: 1 PBANK: 6 CYCLE: 102248659
NORMAL PADDR: 0 VADDR: 0 PROW: 1 PBANK: 7 CYCLE: 102248659
PNORMAL PADDR: 0 VADDR: 0 PROW: 1 PBANK: 7 CYCLE: 102248659
NORMAL PADDR: 0 VADDR: 0 PROW: 1 PBANK: 8 CYCLE: 102248659
PNORMAL PADDR: 0 VADDR: 0 PROW: 1 PBANK: 8 CYCLE: 102248659
NORMAL PADDR: 0 VADDR: 0 PROW: 1 PBANK: 9 CYCLE: 102248659
PNORMAL PADDR: 0 VADDR: 0 PROW: 1 PBANK: 9 CYCLE: 102248659
NORMAL PADDR: 0 VADDR: 0 PROW: 1 PBANK: a CYCLE: 102248659
PNORMAL PADDR: 0 VADDR: 0 PROW: 1 PBANK: a CYCLE: 102248659
NORMAL PADDR: 0 VADDR: 0 PROW: 1 PBANK: b CYCLE: 102248659
PNORMAL PADDR: 0 VADDR: 0 PROW: 1 PBANK: b CYCLE: 102248659
NORMAL PADDR: 0 VADDR: 0 PROW: 1 PBANK: c CYCLE: 102248659
PNORMAL PADDR: 0 VADDR: 0 PROW: 1 PBANK: c CYCLE: 102248659
NORMAL PADDR: 0 VADDR: 0 PROW: 1 PBANK: d CYCLE: 102248659
PNORMAL PADDR: 0 VADDR: 0 PROW: 1 PBANK: d CYCLE: 102248659
NORMAL PADDR: 0 VADDR: 0 PROW: 1 PBANK: e CYCLE: 102248659
PNORMAL PADDR: 0 VADDR: 0 PROW: 1 PBANK: e CYCLE: 102248659
NORMAL PADDR: 0 VADDR: 0 PROW: 1 PBANK: f CYCLE: 102248659
PNORMAL PADDR: 0 VADDR: 0 PROW: 7ffe PBANK: f CYCLE: 204472339
NORMAL PADDR: 0 VADDR: 0 PROW: 7fff PBANK: 0 CYCLE: 204472339
PNORMAL PADDR: 0 VADDR: 0 PROW: 7fff PBANK: 0 CYCLE: 204472339
NORMAL PADDR: 0 VADDR: 0 PROW: 7fff PBANK: 1 CYCLE: 204472339
PNORMAL PADDR: 0 VADDR: 0 PROW: 7fff PBANK: 1 CYCLE: 204472339
NORMAL PADDR: 0 VADDR: 0 PROW: 7fff PBANK: 2 CYCLE: 204472339
PNORMAL PADDR: 0 VADDR: 0 PROW: 7fff PBANK: 2 CYCLE: 204472339
NORMAL PADDR: 0 VADDR: 0 PROW: 7fff PBANK: 3 CYCLE: 204472339
PNORMAL PADDR: 0 VADDR: 0 PROW: 7fff PBANK: 3 CYCLE: 204472339
NORMAL PADDR: 0 VADDR: 0 PROW: 7fff PBANK: 4 CYCLE: 204472339
PNORMAL PADDR: 0 VADDR: 0 PROW: 7fff PBANK: 4 CYCLE: 204472339
NORMAL PADDR: 0 VADDR: 0 PROW: 7fff PBANK: 5 CYCLE: 204472339
PNORMAL PADDR: 0 VADDR: 0 PROW: 7fff PBANK: 5 CYCLE: 204472339
NORMAL PADDR: 0 VADDR: 0 PROW: 7fff PBANK: 6 CYCLE: 204472339
PNORMAL PADDR: 0 VADDR: 0 PROW: 7fff PBANK: 6 CYCLE: 204472339
NORMAL PADDR: 0 VADDR: 0 PROW: 7fff PBANK: 7 CYCLE: 204472339
PNORMAL PADDR: 0 VADDR: 0 PROW: 7fff PBANK: 7 CYCLE: 204472339
NORMAL PADDR: 0 VADDR: 0 PROW: 7fff PBANK: 8 CYCLE: 204472339
PNORMAL PADDR: 0 VADDR: 0 PROW: 7fff PBANK: 8 CYCLE: 204472339
NORMAL PADDR: 0 VADDR: 0 PROW: 7fff PBANK: 9 CYCLE: 204472339
PNORMAL PADDR: 0 VADDR: 0 PROW: 7fff PBANK: 9 CYCLE: 204472339
NORMAL PADDR: 0 VADDR: 0 PROW: 7fff PBANK: a CYCLE: 204472339
PNORMAL PADDR: 0 VADDR: 0 PROW: 7fff PBANK: a CYCLE: 204472339
NORMAL PADDR: 0 VADDR: 0 PROW: 7fff PBANK: b CYCLE: 204472339
PNORMAL PADDR: 0 VADDR: 0 PROW: 7fff PBANK: b CYCLE: 204472339
NORMAL PADDR: 0 VADDR: 0 PROW: 7fff PBANK: c CYCLE: 204472339
PNORMAL PADDR: 0 VADDR: 0 PROW: 7fff PBANK: c CYCLE: 204472339
NORMAL PADDR: 0 VADDR: 0 PROW: 7fff PBANK: d CYCLE: 204472339
PNORMAL PADDR: 0 VADDR: 0 PROW: 7fff PBANK: d CYCLE: 204472339
NORMAL PADDR: 0 VADDR: 0 PROW: 7fff PBANK: e CYCLE: 204472339
PNORMAL PADDR: 0 VADDR: 0 PROW: 7fff PBANK: e CYCLE: 204472339
NORMAL PADDR: 0 VADDR: 0 PROW: 7fff PBANK: f CYCLE: 204472339
PNORMAL PADDR: 0 VADDR: 0 PROW: 7ffe PBANK: f CYCLE: 204472339
NORMAL PADDR: 0 VADDR: 0 PROW: 7fff PBANK: 0 CYCLE: 204472339
PNORMAL PADDR: 0 VADDR: 0 PROW: 7fff PBANK: 0 CYCLE: 204472339
NORMAL PADDR: 0 VADDR: 0 PROW: 7fff PBANK: 1 CYCLE: 204472339
PNORMAL PADDR: 0 VADDR: 0 PROW: 7fff PBANK: 1 CYCLE: 204472339
NORMAL PADDR: 0 VADDR: 0 PROW: 7fff PBANK: 2 CYCLE: 204472339
PNORMAL PADDR: 0 VADDR: 0 PROW: 7fff PBANK: 2 CYCLE: 204472339
NORMAL PADDR: 0 VADDR: 0 PROW: 7fff PBANK: 3 CYCLE: 204472339
PNORMAL PADDR: 0 VADDR: 0 PROW: 7fff PBANK: 3 CYCLE: 204472339
NORMAL PADDR: 0 VADDR: 0 PROW: 7fff PBANK: 4 CYCLE: 204472339
PNORMAL PADDR: 0 VADDR: 0 PROW: 7fff PBANK: 4 CYCLE: 204472339
NORMAL PADDR: 0 VADDR: 0 PROW: 7fff PBANK: 5 CYCLE: 204472339
PNORMAL PADDR: 0 VADDR: 0 PROW: 7fff PBANK: 5 CYCLE: 204472339
NORMAL PADDR: 0 VADDR: 0 PROW: 7fff PBANK: 6 CYCLE: 204472339
PNORMAL PADDR: 0 VADDR: 0 PROW: 7fff PBANK: 6 CYCLE: 204472339
NORMAL PADDR: 0 VADDR: 0 PROW: 7fff PBANK: 7 CYCLE: 204472339
PNORMAL PADDR: 0 VADDR: 0 PROW: 7fff PBANK: 7 CYCLE: 204472339
NORMAL PADDR: 0 VADDR: 0 PROW: 7fff PBANK: 8 CYCLE: 204472339
PNORMAL PADDR: 0 VADDR: 0 PROW: 7fff PBANK: 8 CYCLE: 204472339
NORMAL PADDR: 0 VADDR: 0 PROW: 7fff PBANK: 9 CYCLE: 204472339
PNORMAL PADDR: 0 VADDR: 0 PROW: 7fff PBANK: 9 CYCLE: 204472339
NORMAL PADDR: 0 VADDR: 0 PROW: 7fff PBANK: a CYCLE: 204472339
PNORMAL PADDR: 0 VADDR: 0 PROW: 7fff PBANK: a CYCLE: 204472339
NORMAL PADDR: 0 VADDR: 0 PROW: 7fff PBANK: b CYCLE: 204472339
PNORMAL PADDR: 0 VADDR: 0 PROW: 7fff PBANK: b CYCLE: 204472339
NORMAL PADDR: 0 VADDR: 0 PROW: 7fff PBANK: c CYCLE: 204472339
PNORMAL PADDR: 0 VADDR: 0 PROW: 7fff PBANK: c CYCLE: 204472339
NORMAL PADDR: 0 VADDR: 0 PROW: 7fff PBANK: d CYCLE: 204472339
PNORMAL PADDR: 0 VADDR: 0 PROW: 7fff PBANK: d CYCLE: 204472339
NORMAL PADDR: 0 VADDR: 0 PROW: 7fff PBANK: e CYCLE: 204472339
PNORMAL PADDR: 0 VADDR: 0 PROW: 7fff PBANK: e CYCLE: 204472339
NORMAL PADDR: 0 VADDR: 0 PROW: 7fff PBANK: f CYCLE: 204472339
PNORMAL PADDR: cdc55d0 VADDR: 0 PROW: 337 PBANK: d CYCLE: 204484548
NORMAL PADDR: 0 VADDR: 0 PROW: 0 PBANK: 0 CYCLE: 204484819
PNORMAL PADDR: 0 VADDR: 0 PROW: 0 PBANK: 0 CYCLE: 204484819
NORMAL PADDR: 0 VADDR: 0 PROW: 0 PBANK: 1 CYCLE: 204484819
PNORMAL PADDR: 0 VADDR: 0 PROW: 0 PBANK: 1 CYCLE: 204484819
NORMAL PADDR: 0 VADDR: 0 PROW: 0 PBANK: 2 CYCLE: 204484819
PNORMAL PADDR: 0 VADDR: 0 PROW: 0 PBANK: 2 CYCLE: 204484819
NORMAL PADDR: 0 VADDR: 0 PROW: 0 PBANK: 3 CYCLE: 204484819
PNORMAL PADDR: 0 VADDR: 0 PROW: 0 PBANK: 3 CYCLE: 204484819
NORMAL PADDR: 0 VADDR: 0 PROW: 0 PBANK: 4 CYCLE: 204484819
PNORMAL PADDR: 0 VADDR: 0 PROW: 0 PBANK: 4 CYCLE: 204484819
NORMAL PADDR: 0 VADDR: 0 PROW: 0 PBANK: 5 CYCLE: 204484819
PNORMAL PADDR: 0 VADDR: 0 PROW: 0 PBANK: 5 CYCLE: 204484819
NORMAL PADDR: 0 VADDR: 0 PROW: 0 PBANK: 6 CYCLE: 204484819
PNORMAL PADDR: 0 VADDR: 0 PROW: 0 PBANK: 6 CYCLE: 204484819
NORMAL PADDR: 0 VADDR: 0 PROW: 0 PBANK: 7 CYCLE: 204484819
PNORMAL PADDR: 0 VADDR: 0 PROW: 0 PBANK: 7 CYCLE: 204484819
NORMAL PADDR: 0 VADDR: 0 PROW: 0 PBANK: 8 CYCLE: 204484819
PNORMAL PADDR: 0 VADDR: 0 PROW: 0 PBANK: 8 CYCLE: 204484819
NORMAL PADDR: 0 VADDR: 0 PROW: 0 PBANK: 9 CYCLE: 204484819
PNORMAL PADDR: 0 VADDR: 0 PROW: 0 PBANK: 9 CYCLE: 204484819
NORMAL PADDR: 0 VADDR: 0 PROW: 0 PBANK: a CYCLE: 204484819
PNORMAL PADDR: 0 VADDR: 0 PROW: 0 PBANK: a CYCLE: 204484819
NORMAL PADDR: 0 VADDR: 0 PROW: 0 PBANK: b CYCLE: 204484819
PNORMAL PADDR: 0 VADDR: 0 PROW: 0 PBANK: b CYCLE: 204484819
NORMAL PADDR: 0 VADDR: 0 PROW: 0 PBANK: c CYCLE: 204484819
PNORMAL PADDR: 0 VADDR: 0 PROW: 0 PBANK: c CYCLE: 204484819
NORMAL PADDR: 0 VADDR: 0 PROW: 0 PBANK: d CYCLE: 204484819
PNORMAL PADDR: 0 VADDR: 0 PROW: 0 PBANK: d CYCLE: 204484819
NORMAL PADDR: 0 VADDR: 0 PROW: 0 PBANK: e CYCLE: 204484819
PNORMAL PADDR: 0 VADDR: 0 PROW: 0 PBANK: e CYCLE: 204484819
NORMAL PADDR: 0 VADDR: 0 PROW: 0 PBANK: f CYCLE: 204484819
PNORMAL PADDR: 0 VADDR: 0 PROW: 0 PBANK: f CYCLE: 204484819
NORMAL PADDR: 0 VADDR: 0 PROW: 1 PBANK: 0 CYCLE: 204484819
PNORMAL PADDR: 0 VADDR: 0 PROW: 1 PBANK: 0 CYCLE: 204484819
NORMAL PADDR: 0 VADDR: 0 PROW: 1 PBANK: 1 CYCLE: 204484819
PNORMAL PADDR: 0 VADDR: 0 PROW: 1 PBANK: 1 CYCLE: 204484819
NORMAL PADDR: 0 VADDR: 0 PROW: 1 PBANK: 2 CYCLE: 204484819
PNORMAL PADDR: 0 VADDR: 0 PROW: 1 PBANK: 2 CYCLE: 204484819
NORMAL PADDR: 0 VADDR: 0 PROW: 1 PBANK: 3 CYCLE: 204484819
PNORMAL PADDR: 0 VADDR: 0 PROW: 1 PBANK: 3 CYCLE: 204484819
NORMAL PADDR: 0 VADDR: 0 PROW: 1 PBANK: 4 CYCLE: 204484819
PNORMAL PADDR: 0 VADDR: 0 PROW: 1 PBANK: 4 CYCLE: 204484819
NORMAL PADDR: 0 VADDR: 0 PROW: 1 PBANK: 5 CYCLE: 204484819
PNORMAL PADDR: 0 VADDR: 0 PROW: 1 PBANK: 5 CYCLE: 204484819
NORMAL PADDR: 0 VADDR: 0 PROW: 1 PBANK: 6 CYCLE: 204484819
PNORMAL PADDR: 0 VADDR: 0 PROW: 1 PBANK: 6 CYCLE: 204484819
NORMAL PADDR: 0 VADDR: 0 PROW: 1 PBANK: 7 CYCLE: 204484819
PNORMAL PADDR: 0 VADDR: 0 PROW: 1 PBANK: 7 CYCLE: 204484819
NORMAL PADDR: 0 VADDR: 0 PROW: 1 PBANK: 8 CYCLE: 204484819
PNORMAL PADDR: 0 VADDR: 0 PROW: 1 PBANK: 8 CYCLE: 204484819
NORMAL PADDR: 0 VADDR: 0 PROW: 1 PBANK: 9 CYCLE: 204484819
PNORMAL PADDR: 0 VADDR: 0 PROW: 1 PBANK: 9 CYCLE: 204484819
NORMAL PADDR: 0 VADDR: 0 PROW: 1 PBANK: a CYCLE: 204484819
PNORMAL PADDR: 0 VADDR: 0 PROW: 1 PBANK: a CYCLE: 204484819
NORMAL PADDR: 0 VADDR: 0 PROW: 1 PBANK: b CYCLE: 204484819
PNORMAL PADDR: 0 VADDR: 0 PROW: 1 PBANK: b CYCLE: 204484819
NORMAL PADDR: 0 VADDR: 0 PROW: 1 PBANK: c CYCLE: 204484819
PNORMAL PADDR: 0 VADDR: 0 PROW: 1 PBANK: c CYCLE: 204484819
NORMAL PADDR: 0 VADDR: 0 PROW: 1 PBANK: d CYCLE: 204484819
PNORMAL PADDR: 0 VADDR: 0 PROW: 1 PBANK: d CYCLE: 204484819
NORMAL PADDR: 0 VADDR: 0 PROW: 1 PBANK: e CYCLE: 204484819
PNORMAL PADDR: 0 VADDR: 0 PROW: 1 PBANK: e CYCLE: 204484819
NORMAL PADDR: 0 VADDR: 0 PROW: 1 PBANK: f CYCLE: 204484819
PNORMAL PADDR: 0 VADDR: 0 PROW: 3 PBANK: f CYCLE: 204484819
NORMAL PADDR: 0 VADDR: 0 PROW: 0 PBANK: 0 CYCLE: 204484819
PNORMAL PADDR: 0 VADDR: 0 PROW: 0 PBANK: 0 CYCLE: 204484819
NORMAL PADDR: 0 VADDR: 0 PROW: 0 PBANK: 1 CYCLE: 204484819
PNORMAL PADDR: 0 VADDR: 0 PROW: 0 PBANK: 1 CYCLE: 204484819
NORMAL PADDR: 0 VADDR: 0 PROW: 0 PBANK: 2 CYCLE: 204484819
PNORMAL PADDR: 0 VADDR: 0 PROW: 0 PBANK: 2 CYCLE: 204484819
NORMAL PADDR: 0 VADDR: 0 PROW: 0 PBANK: 3 CYCLE: 204484819
PNORMAL PADDR: 0 VADDR: 0 PROW: 0 PBANK: 3 CYCLE: 204484819
NORMAL PADDR: 0 VADDR: 0 PROW: 0 PBANK: 4 CYCLE: 204484819
PNORMAL PADDR: 0 VADDR: 0 PROW: 0 PBANK: 4 CYCLE: 204484819
NORMAL PADDR: 0 VADDR: 0 PROW: 0 PBANK: 5 CYCLE: 204484819
PNORMAL PADDR: 0 VADDR: 0 PROW: 0 PBANK: 5 CYCLE: 204484819
NORMAL PADDR: 0 VADDR: 0 PROW: 0 PBANK: 6 CYCLE: 204484819
PNORMAL PADDR: 0 VADDR: 0 PROW: 0 PBANK: 6 CYCLE: 204484819
NORMAL PADDR: 0 VADDR: 0 PROW: 0 PBANK: 7 CYCLE: 204484819
PNORMAL PADDR: 0 VADDR: 0 PROW: 0 PBANK: 7 CYCLE: 204484819
NORMAL PADDR: 0 VADDR: 0 PROW: 0 PBANK: 8 CYCLE: 204484819
PNORMAL PADDR: 0 VADDR: 0 PROW: 0 PBANK: 8 CYCLE: 204484819
NORMAL PADDR: 0 VADDR: 0 PROW: 0 PBANK: 9 CYCLE: 204484819
PNORMAL PADDR: 0 VADDR: 0 PROW: 0 PBANK: 9 CYCLE: 204484819
NORMAL PADDR: 0 VADDR: 0 PROW: 0 PBANK: a CYCLE: 204484819
PNORMAL PADDR: 0 VADDR: 0 PROW: 0 PBANK: a CYCLE: 204484819
NORMAL PADDR: 0 VADDR: 0 PROW: 0 PBANK: b CYCLE: 204484819
PNORMAL PADDR: 0 VADDR: 0 PROW: 0 PBANK: b CYCLE: 204484819
NORMAL PADDR: 0 VADDR: 0 PROW: 0 PBANK: c CYCLE: 204484819
PNORMAL PADDR: 0 VADDR: 0 PROW: 0 PBANK: c CYCLE: 204484819
NORMAL PADDR: 0 VADDR: 0 PROW: 0 PBANK: d CYCLE: 204484819
PNORMAL PADDR: 0 VADDR: 0 PROW: 0 PBANK: d CYCLE: 204484819
NORMAL PADDR: 0 VADDR: 0 PROW: 0 PBANK: e CYCLE: 204484819
PNORMAL PADDR: 0 VADDR: 0 PROW: 0 PBANK: e CYCLE: 204484819
NORMAL PADDR: 0 VADDR: 0 PROW: 0 PBANK: f CYCLE: 204484819
PNORMAL PADDR: 0 VADDR: 0 PROW: 0 PBANK: f CYCLE: 204484819
NORMAL PADDR: 0 VADDR: 0 PROW: 1 PBANK: 0 CYCLE: 204484819
PNORMAL PADDR: 0 VADDR: 0 PROW: 1 PBANK: 0 CYCLE: 204484819
NORMAL PADDR: 0 VADDR: 0 PROW: 1 PBANK: 1 CYCLE: 204484819
PNORMAL PADDR: 0 VADDR: 0 PROW: 1 PBANK: 1 CYCLE: 204484819
NORMAL PADDR: 0 VADDR: 0 PROW: 1 PBANK: 2 CYCLE: 204484819
PNORMAL PADDR: 0 VADDR: 0 PROW: 1 PBANK: 2 CYCLE: 204484819
NORMAL PADDR: 0 VADDR: 0 PROW: 1 PBANK: 3 CYCLE: 204484819
PNORMAL PADDR: 0 VADDR: 0 PROW: 1 PBANK: 3 CYCLE: 204484819
NORMAL PADDR: 0 VADDR: 0 PROW: 1 PBANK: 4 CYCLE: 204484819
PNORMAL PADDR: 0 VADDR: 0 PROW: 1 PBANK: 4 CYCLE: 204484819
NORMAL PADDR: 0 VADDR: 0 PROW: 1 PBANK: 5 CYCLE: 204484819
PNORMAL PADDR: 0 VADDR: 0 PROW: 1 PBANK: 5 CYCLE: 204484819
NORMAL PADDR: 0 VADDR: 0 PROW: 1 PBANK: 6 CYCLE: 204484819
PNORMAL PADDR: 0 VADDR: 0 PROW: 1 PBANK: 6 CYCLE: 204484819
NORMAL PADDR: 0 VADDR: 0 PROW: 1 PBANK: 7 CYCLE: 204484819
PNORMAL PADDR: 0 VADDR: 0 PROW: 1 PBANK: 7 CYCLE: 204484819
NORMAL PADDR: 0 VADDR: 0 PROW: 1 PBANK: 8 CYCLE: 204484819
PNORMAL PADDR: 0 VADDR: 0 PROW: 1 PBANK: 8 CYCLE: 204484819
NORMAL PADDR: 0 VADDR: 0 PROW: 1 PBANK: 9 CYCLE: 204484819
PNORMAL PADDR: 0 VADDR: 0 PROW: 1 PBANK: 9 CYCLE: 204484819
NORMAL PADDR: 0 VADDR: 0 PROW: 1 PBANK: a CYCLE: 204484819
PNORMAL PADDR: 0 VADDR: 0 PROW: 1 PBANK: a CYCLE: 204484819
NORMAL PADDR: 0 VADDR: 0 PROW: 1 PBANK: b CYCLE: 204484819
PNORMAL PADDR: 0 VADDR: 0 PROW: 1 PBANK: b CYCLE: 204484819
NORMAL PADDR: 0 VADDR: 0 PROW: 1 PBANK: c CYCLE: 204484819
PNORMAL PADDR: 0 VADDR: 0 PROW: 1 PBANK: c CYCLE: 204484819
NORMAL PADDR: 0 VADDR: 0 PROW: 1 PBANK: d CYCLE: 204484819
PNORMAL PADDR: 0 VADDR: 0 PROW: 1 PBANK: d CYCLE: 204484819
NORMAL PADDR: 0 VADDR: 0 PROW: 1 PBANK: e CYCLE: 204484819
PNORMAL PADDR: 0 VADDR: 0 PROW: 1 PBANK: e CYCLE: 204484819
NORMAL PADDR: 0 VADDR: 0 PROW: 1 PBANK: f CYCLE: 204484819
PNORMAL PADDR: 0 VADDR: 0 PROW: 7ffe PBANK: f CYCLE: 306708479
NORMAL PADDR: 0 VADDR: 0 PROW: 7fff PBANK: 0 CYCLE: 306708479
PNORMAL PADDR: 0 VADDR: 0 PROW: 7fff PBANK: 0 CYCLE: 306708479
NORMAL PADDR: 0 VADDR: 0 PROW: 7fff PBANK: 1 CYCLE: 306708479
PNORMAL PADDR: 0 VADDR: 0 PROW: 7fff PBANK: 1 CYCLE: 306708479
NORMAL PADDR: 0 VADDR: 0 PROW: 7fff PBANK: 2 CYCLE: 306708479
PNORMAL PADDR: 0 VADDR: 0 PROW: 7fff PBANK: 2 CYCLE: 306708479
NORMAL PADDR: 0 VADDR: 0 PROW: 7fff PBANK: 3 CYCLE: 306708479
PNORMAL PADDR: 0 VADDR: 0 PROW: 7fff PBANK: 3 CYCLE: 306708479
NORMAL PADDR: 0 VADDR: 0 PROW: 7fff PBANK: 4 CYCLE: 306708479
PNORMAL PADDR: 0 VADDR: 0 PROW: 7fff PBANK: 4 CYCLE: 306708479
NORMAL PADDR: 0 VADDR: 0 PROW: 7fff PBANK: 5 CYCLE: 306708479
PNORMAL PADDR: 0 VADDR: 0 PROW: 7fff PBANK: 5 CYCLE: 306708479
NORMAL PADDR: 0 VADDR: 0 PROW: 7fff PBANK: 6 CYCLE: 306708479
PNORMAL PADDR: 0 VADDR: 0 PROW: 7fff PBANK: 6 CYCLE: 306708479
NORMAL PADDR: 0 VADDR: 0 PROW: 7fff PBANK: 7 CYCLE: 306708479
PNORMAL PADDR: 0 VADDR: 0 PROW: 7fff PBANK: 7 CYCLE: 306708479
NORMAL PADDR: 0 VADDR: 0 PROW: 7fff PBANK: 8 CYCLE: 306708479
PNORMAL PADDR: 0 VADDR: 0 PROW: 7fff PBANK: 8 CYCLE: 306708479
NORMAL PADDR: 0 VADDR: 0 PROW: 7fff PBANK: 9 CYCLE: 306708479
PNORMAL PADDR: 0 VADDR: 0 PROW: 7fff PBANK: 9 CYCLE: 306708479
NORMAL PADDR: 0 VADDR: 0 PROW: 7fff PBANK: a CYCLE: 306708479
PNORMAL PADDR: 0 VADDR: 0 PROW: 7fff PBANK: a CYCLE: 306708479
NORMAL PADDR: 0 VADDR: 0 PROW: 7fff PBANK: b CYCLE: 306708479
PNORMAL PADDR: 0 VADDR: 0 PROW: 7fff PBANK: b CYCLE: 306708479
NORMAL PADDR: 0 VADDR: 0 PROW: 7fff PBANK: c CYCLE: 306708479
PNORMAL PADDR: 0 VADDR: 0 PROW: 7fff PBANK: c CYCLE: 306708479
NORMAL PADDR: 0 VADDR: 0 PROW: 7fff PBANK: d CYCLE: 306708479
PNORMAL PADDR: 0 VADDR: 0 PROW: 7fff PBANK: d CYCLE: 306708479
NORMAL PADDR: 0 VADDR: 0 PROW: 7fff PBANK: e CYCLE: 306708479
PNORMAL PADDR: 0 VADDR: 0 PROW: 7fff PBANK: e CYCLE: 306708479
NORMAL PADDR: 0 VADDR: 0 PROW: 7fff PBANK: f CYCLE: 306708479
PNORMAL PADDR: 0 VADDR: 0 PROW: 7ffe PBANK: f CYCLE: 306708479
NORMAL PADDR: 0 VADDR: 0 PROW: 7fff PBANK: 0 CYCLE: 306708479
PNORMAL PADDR: 0 VADDR: 0 PROW: 7fff PBANK: 0 CYCLE: 306708479
NORMAL PADDR: 0 VADDR: 0 PROW: 7fff PBANK: 1 CYCLE: 306708479
PNORMAL PADDR: 0 VADDR: 0 PROW: 7fff PBANK: 1 CYCLE: 306708479
NORMAL PADDR: 0 VADDR: 0 PROW: 7fff PBANK: 2 CYCLE: 306708479
PNORMAL PADDR: 0 VADDR: 0 PROW: 7fff PBANK: 2 CYCLE: 306708479
NORMAL PADDR: 0 VADDR: 0 PROW: 7fff PBANK: 3 CYCLE: 306708479
PNORMAL PADDR: 0 VADDR: 0 PROW: 7fff PBANK: 3 CYCLE: 306708479
NORMAL PADDR: 0 VADDR: 0 PROW: 7fff PBANK: 4 CYCLE: 306708479
PNORMAL PADDR: 0 VADDR: 0 PROW: 7fff PBANK: 4 CYCLE: 306708479
NORMAL PADDR: 0 VADDR: 0 PROW: 7fff PBANK: 5 CYCLE: 306708479
PNORMAL PADDR: 0 VADDR: 0 PROW: 7fff PBANK: 5 CYCLE: 306708479
NORMAL PADDR: 0 VADDR: 0 PROW: 7fff PBANK: 6 CYCLE: 306708479
PNORMAL PADDR: 0 VADDR: 0 PROW: 7fff PBANK: 6 CYCLE: 306708479
NORMAL PADDR: 0 VADDR: 0 PROW: 7fff PBANK: 7 CYCLE: 306708479
PNORMAL PADDR: 0 VADDR: 0 PROW: 7fff PBANK: 7 CYCLE: 306708479
NORMAL PADDR: 0 VADDR: 0 PROW: 7fff PBANK: 8 CYCLE: 306708479
PNORMAL PADDR: 0 VADDR: 0 PROW: 7fff PBANK: 8 CYCLE: 306708479
NORMAL PADDR: 0 VADDR: 0 PROW: 7fff PBANK: 9 CYCLE: 306708479
PNORMAL PADDR: 0 VADDR: 0 PROW: 7fff PBANK: 9 CYCLE: 306708479
NORMAL PADDR: 0 VADDR: 0 PROW: 7fff PBANK: a CYCLE: 306708479
PNORMAL PADDR: 0 VADDR: 0 PROW: 7fff PBANK: a CYCLE: 306708479
NORMAL PADDR: 0 VADDR: 0 PROW: 7fff PBANK: b CYCLE: 306708479
PNORMAL PADDR: 0 VADDR: 0 PROW: 7fff PBANK: b CYCLE: 306708479
NORMAL PADDR: 0 VADDR: 0 PROW: 7fff PBANK: c CYCLE: 306708479
PNORMAL PADDR: 0 VADDR: 0 PROW: 7fff PBANK: c CYCLE: 306708479
NORMAL PADDR: 0 VADDR: 0 PROW: 7fff PBANK: d CYCLE: 306708479
PNORMAL PADDR: 0 VADDR: 0 PROW: 7fff PBANK: d CYCLE: 306708479
NORMAL PADDR: 0 VADDR: 0 PROW: 7fff PBANK: e CYCLE: 306708479
PNORMAL PADDR: 0 VADDR: 0 PROW: 7fff PBANK: e CYCLE: 306708479
NORMAL PADDR: 0 VADDR: 0 PROW: 7fff PBANK: f CYCLE: 306708479
PNORMAL PADDR: 0 VADDR: 0 PROW: 7fff PBANK: f CYCLE: 306708479
NORMAL PADDR: 0 VADDR: 0 PROW: 0 PBANK: 0 CYCLE: 306720959
PNORMAL PADDR: 0 VADDR: 0 PROW: 0 PBANK: 0 CYCLE: 306720959
NORMAL PADDR: 0 VADDR: 0 PROW: 0 PBANK: 1 CYCLE: 306720959
PNORMAL PADDR: 0 VADDR: 0 PROW: 0 PBANK: 1 CYCLE: 306720959
NORMAL PADDR: 0 VADDR: 0 PROW: 0 PBANK: 2 CYCLE: 306720959
PNORMAL PADDR: 0 VADDR: 0 PROW: 0 PBANK: 2 CYCLE: 306720959
NORMAL PADDR: 0 VADDR: 0 PROW: 0 PBANK: 3 CYCLE: 306720959
PNORMAL PADDR: 0 VADDR: 0 PROW: 0 PBANK: 3 CYCLE: 306720959
NORMAL PADDR: 0 VADDR: 0 PROW: 0 PBANK: 4 CYCLE: 306720959
PNORMAL PADDR: 0 VADDR: 0 PROW: 0 PBANK: 4 CYCLE: 306720959
NORMAL PADDR: 0 VADDR: 0 PROW: 0 PBANK: 5 CYCLE: 306720959
PNORMAL PADDR: 0 VADDR: 0 PROW: 0 PBANK: 5 CYCLE: 306720959
NORMAL PADDR: 0 VADDR: 0 PROW: 0 PBANK: 6 CYCLE: 306720959
PNORMAL PADDR: 0 VADDR: 0 PROW: 0 PBANK: 6 CYCLE: 306720959
NORMAL PADDR: 0 VADDR: 0 PROW: 0 PBANK: 7 CYCLE: 306720959
PNORMAL PADDR: 0 VADDR: 0 PROW: 0 PBANK: 7 CYCLE: 306720959
NORMAL PADDR: 0 VADDR: 0 PROW: 0 PBANK: 8 CYCLE: 306720959
PNORMAL PADDR: 0 VADDR: 0 PROW: 0 PBANK: 8 CYCLE: 306720959
NORMAL PADDR: 0 VADDR: 0 PROW: 0 PBANK: 9 CYCLE: 306720959
PNORMAL PADDR: 0 VADDR: 0 PROW: 0 PBANK: 9 CYCLE: 306720959
NORMAL PADDR: 0 VADDR: 0 PROW: 0 PBANK: a CYCLE: 306720959
PNORMAL PADDR: 0 VADDR: 0 PROW: 0 PBANK: a CYCLE: 306720959
NORMAL PADDR: 0 VADDR: 0 PROW: 0 PBANK: b CYCLE: 306720959
PNORMAL PADDR: 0 VADDR: 0 PROW: 0 PBANK: b CYCLE: 306720959
NORMAL PADDR: 0 VADDR: 0 PROW: 0 PBANK: c CYCLE: 306720959
PNORMAL PADDR: 0 VADDR: 0 PROW: 0 PBANK: c CYCLE: 306720959
NORMAL PADDR: 0 VADDR: 0 PROW: 0 PBANK: d CYCLE: 306720959
PNORMAL PADDR: 0 VADDR: 0 PROW: 0 PBANK: d CYCLE: 306720959
NORMAL PADDR: 0 VADDR: 0 PROW: 0 PBANK: e CYCLE: 306720959
PNORMAL PADDR: 0 VADDR: 0 PROW: 0 PBANK: e CYCLE: 306720959
NORMAL PADDR: 0 VADDR: 0 PROW: 0 PBANK: f CYCLE: 306720959
PNORMAL PADDR: 0 VADDR: 0 PROW: 0 PBANK: f CYCLE: 306720959
NORMAL PADDR: 0 VADDR: 0 PROW: 1 PBANK: 0 CYCLE: 306720959
PNORMAL PADDR: 0 VADDR: 0 PROW: 1 PBANK: 0 CYCLE: 306720959
NORMAL PADDR: 0 VADDR: 0 PROW: 1 PBANK: 1 CYCLE: 306720959
PNORMAL PADDR: 0 VADDR: 0 PROW: 1 PBANK: 1 CYCLE: 306720959
NORMAL PADDR: 0 VADDR: 0 PROW: 1 PBANK: 2 CYCLE: 306720959
PNORMAL PADDR: 0 VADDR: 0 PROW: 1 PBANK: 2 CYCLE: 306720959
NORMAL PADDR: 0 VADDR: 0 PROW: 1 PBANK: 3 CYCLE: 306720959
PNORMAL PADDR: 0 VADDR: 0 PROW: 1 PBANK: 3 CYCLE: 306720959
NORMAL PADDR: 0 VADDR: 0 PROW: 1 PBANK: 4 CYCLE: 306720959
PNORMAL PADDR: 0 VADDR: 0 PROW: 1 PBANK: 4 CYCLE: 306720959
NORMAL PADDR: 0 VADDR: 0 PROW: 1 PBANK: 5 CYCLE: 306720959
PNORMAL PADDR: 0 VADDR: 0 PROW: 1 PBANK: 5 CYCLE: 306720959
NORMAL PADDR: 0 VADDR: 0 PROW: 1 PBANK: 6 CYCLE: 306720959
PNORMAL PADDR: 0 VADDR: 0 PROW: 1 PBANK: 6 CYCLE: 306720959
NORMAL PADDR: 0 VADDR: 0 PROW: 1 PBANK: 7 CYCLE: 306720959
PNORMAL PADDR: 0 VADDR: 0 PROW: 1 PBANK: 7 CYCLE: 306720959
NORMAL PADDR: 0 VADDR: 0 PROW: 1 PBANK: 8 CYCLE: 306720959
PNORMAL PADDR: 0 VADDR: 0 PROW: 1 PBANK: 8 CYCLE: 306720959
NORMAL PADDR: 0 VADDR: 0 PROW: 1 PBANK: 9 CYCLE: 306720959
PNORMAL PADDR: 0 VADDR: 0 PROW: 1 PBANK: 9 CYCLE: 306720959
NORMAL PADDR: 0 VADDR: 0 PROW: 1 PBANK: a CYCLE: 306720959
PNORMAL PADDR: 0 VADDR: 0 PROW: 1 PBANK: a CYCLE: 306720959
NORMAL PADDR: 0 VADDR: 0 PROW: 1 PBANK: b CYCLE: 306720959
PNORMAL PADDR: 0 VADDR: 0 PROW: 1 PBANK: b CYCLE: 306720959
NORMAL PADDR: 0 VADDR: 0 PROW: 1 PBANK: c CYCLE: 306720959
PNORMAL PADDR: 0 VADDR: 0 PROW: 1 PBANK: c CYCLE: 306720959
NORMAL PADDR: 0 VADDR: 0 PROW: 1 PBANK: d CYCLE: 306720959
PNORMAL PADDR: 0 VADDR: 0 PROW: 1 PBANK: d CYCLE: 306720959
NORMAL PADDR: 0 VADDR: 0 PROW: 1 PBANK: e CYCLE: 306720959
PNORMAL PADDR: 0 VADDR: 0 PROW: 1 PBANK: e CYCLE: 306720959
NORMAL PADDR: 0 VADDR: 0 PROW: 1 PBANK: f CYCLE: 306720959
PNORMAL PADDR: 0 VADDR: 0 PROW: 3 PBANK: f CYCLE: 306720959
NORMAL PADDR: 0 VADDR: 0 PROW: 0 PBANK: 0 CYCLE: 306720959
PNORMAL PADDR: 0 VADDR: 0 PROW: 0 PBANK: 0 CYCLE: 306720959
NORMAL PADDR: 0 VADDR: 0 PROW: 0 PBANK: 1 CYCLE: 306720959
PNORMAL PADDR: 0 VADDR: 0 PROW: 0 PBANK: 1 CYCLE: 306720959
NORMAL PADDR: 0 VADDR: 0 PROW: 0 PBANK: 2 CYCLE: 306720959
PNORMAL PADDR: 0 VADDR: 0 PROW: 0 PBANK: 2 CYCLE: 306720959
NORMAL PADDR: 0 VADDR: 0 PROW: 0 PBANK: 3 CYCLE: 306720959
PNORMAL PADDR: 0 VADDR: 0 PROW: 0 PBANK: 3 CYCLE: 306720959
NORMAL PADDR: 0 VADDR: 0 PROW: 0 PBANK: 4 CYCLE: 306720959
PNORMAL PADDR: 0 VADDR: 0 PROW: 0 PBANK: 4 CYCLE: 306720959
NORMAL PADDR: 0 VADDR: 0 PROW: 0 PBANK: 5 CYCLE: 306720959
PNORMAL PADDR: 0 VADDR: 0 PROW: 0 PBANK: 5 CYCLE: 306720959
NORMAL PADDR: 0 VADDR: 0 PROW: 0 PBANK: 6 CYCLE: 306720959
PNORMAL PADDR: 0 VADDR: 0 PROW: 0 PBANK: 6 CYCLE: 306720959
NORMAL PADDR: 0 VADDR: 0 PROW: 0 PBANK: 7 CYCLE: 306720959
PNORMAL PADDR: 0 VADDR: 0 PROW: 0 PBANK: 7 CYCLE: 306720959
NORMAL PADDR: 0 VADDR: 0 PROW: 0 PBANK: 8 CYCLE: 306720959
PNORMAL PADDR: 0 VADDR: 0 PROW: 0 PBANK: 8 CYCLE: 306720959
NORMAL PADDR: 0 VADDR: 0 PROW: 0 PBANK: 9 CYCLE: 306720959
PNORMAL PADDR: 0 VADDR: 0 PROW: 0 PBANK: 9 CYCLE: 306720959
NORMAL PADDR: 0 VADDR: 0 PROW: 0 PBANK: a CYCLE: 306720959
PNORMAL PADDR: 0 VADDR: 0 PROW: 0 PBANK: a CYCLE: 306720959
NORMAL PADDR: 0 VADDR: 0 PROW: 0 PBANK: b CYCLE: 306720959
PNORMAL PADDR: 0 VADDR: 0 PROW: 0 PBANK: b CYCLE: 306720959
NORMAL PADDR: 0 VADDR: 0 PROW: 0 PBANK: c CYCLE: 306720959
PNORMAL PADDR: 0 VADDR: 0 PROW: 0 PBANK: c CYCLE: 306720959
NORMAL PADDR: 0 VADDR: 0 PROW: 0 PBANK: d CYCLE: 306720959
PNORMAL PADDR: 0 VADDR: 0 PROW: 0 PBANK: d CYCLE: 306720959
NORMAL PADDR: 0 VADDR: 0 PROW: 0 PBANK: e CYCLE: 306720959
PNORMAL PADDR: 0 VADDR: 0 PROW: 0 PBANK: e CYCLE: 306720959
NORMAL PADDR: 0 VADDR: 0 PROW: 0 PBANK: f CYCLE: 306720959
PNORMAL PADDR: 0 VADDR: 0 PROW: 0 PBANK: f CYCLE: 306720959
NORMAL PADDR: 0 VADDR: 0 PROW: 1 PBANK: 0 CYCLE: 306720959
PNORMAL PADDR: 0 VADDR: 0 PROW: 1 PBANK: 0 CYCLE: 306720959
NORMAL PADDR: 0 VADDR: 0 PROW: 1 PBANK: 1 CYCLE: 306720959
PNORMAL PADDR: 0 VADDR: 0 PROW: 1 PBANK: 1 CYCLE: 306720959
NORMAL PADDR: 0 VADDR: 0 PROW: 1 PBANK: 2 CYCLE: 306720959
PNORMAL PADDR: 0 VADDR: 0 PROW: 1 PBANK: 2 CYCLE: 306720959
NORMAL PADDR: 0 VADDR: 0 PROW: 1 PBANK: 3 CYCLE: 306720959
PNORMAL PADDR: 0 VADDR: 0 PROW: 1 PBANK: 3 CYCLE: 306720959
NORMAL PADDR: 0 VADDR: 0 PROW: 1 PBANK: 4 CYCLE: 306720959
PNORMAL PADDR: 0 VADDR: 0 PROW: 1 PBANK: 4 CYCLE: 306720959
NORMAL PADDR: 0 VADDR: 0 PROW: 1 PBANK: 5 CYCLE: 306720959
PNORMAL PADDR: 0 VADDR: 0 PROW: 1 PBANK: 5 CYCLE: 306720959
NORMAL PADDR: 0 VADDR: 0 PROW: 1 PBANK: 6 CYCLE: 306720959
PNORMAL PADDR: 0 VADDR: 0 PROW: 1 PBANK: 6 CYCLE: 306720959
NORMAL PADDR: 0 VADDR: 0 PROW: 1 PBANK: 7 CYCLE: 306720959
PNORMAL PADDR: 0 VADDR: 0 PROW: 1 PBANK: 7 CYCLE: 306720959
NORMAL PADDR: 0 VADDR: 0 PROW: 1 PBANK: 8 CYCLE: 306720959
PNORMAL PADDR: 0 VADDR: 0 PROW: 1 PBANK: 8 CYCLE: 306720959
NORMAL PADDR: 0 VADDR: 0 PROW: 1 PBANK: 9 CYCLE: 306720959
PNORMAL PADDR: 0 VADDR: 0 PROW: 1 PBANK: 9 CYCLE: 306720959
NORMAL PADDR: 0 VADDR: 0 PROW: 1 PBANK: a CYCLE: 306720959
PNORMAL PADDR: 0 VADDR: 0 PROW: 1 PBANK: a CYCLE: 306720959
NORMAL PADDR: 0 VADDR: 0 PROW: 1 PBANK: b CYCLE: 306720959
PNORMAL PADDR: 0 VADDR: 0 PROW: 1 PBANK: b CYCLE: 306720959
NORMAL PADDR: 0 VADDR: 0 PROW: 1 PBANK: c CYCLE: 306720959
PNORMAL PADDR: 0 VADDR: 0 PROW: 1 PBANK: c CYCLE: 306720959
NORMAL PADDR: 0 VADDR: 0 PROW: 1 PBANK: d CYCLE: 306720959
PNORMAL PADDR: 0 VADDR: 0 PROW: 1 PBANK: d CYCLE: 306720959
NORMAL PADDR: 0 VADDR: 0 PROW: 1 PBANK: e CYCLE: 306720959
PNORMAL PADDR: 0 VADDR: 0 PROW: 1 PBANK: e CYCLE: 306720959
NORMAL PADDR: 0 VADDR: 0 PROW: 1 PBANK: f CYCLE: 306720959
PNORMAL PADDR: 124d40 VADDR: 0 PROW: 4 PBANK: 5 CYCLE: 12367
NORMAL PADDR: 0 VADDR: 0 PROW: 0 PBANK: 0 CYCLE: 12499
PNORMAL PADDR: 0 VADDR: 0 PROW: 0 PBANK: 0 CYCLE: 12499
NORMAL PADDR: 0 VADDR: 0 PROW: 0 PBANK: 1 CYCLE: 12499
PNORMAL PADDR: 0 VADDR: 0 PROW: 0 PBANK: 1 CYCLE: 12499
NORMAL PADDR: 0 VADDR: 0 PROW: 0 PBANK: 2 CYCLE: 12499
PNORMAL PADDR: 0 VADDR: 0 PROW: 0 PBANK: 2 CYCLE: 12499
NORMAL PADDR: 0 VADDR: 0 PROW: 0 PBANK: 3 CYCLE: 12499
PNORMAL PADDR: 0 VADDR: 0 PROW: 0 PBANK: 3 CYCLE: 12499
NORMAL PADDR: 0 VADDR: 0 PROW: 0 PBANK: 4 CYCLE: 12499
PNORMAL PADDR: 0 VADDR: 0 PROW: 0 PBANK: 4 CYCLE: 12499
NORMAL PADDR: 0 VADDR: 0 PROW: 0 PBANK: 5 CYCLE: 12499
PNORMAL PADDR: 0 VADDR: 0 PROW: 0 PBANK: 5 CYCLE: 12499
NORMAL PADDR: 0 VADDR: 0 PROW: 0 PBANK: 6 CYCLE: 12499
PNORMAL PADDR: 0 VADDR: 0 PROW: 0 PBANK: 6 CYCLE: 12499
NORMAL PADDR: 0 VADDR: 0 PROW: 0 PBANK: 7 CYCLE: 12499
PNORMAL PADDR: 0 VADDR: 0 PROW: 0 PBANK: 7 CYCLE: 12499
NORMAL PADDR: 0 VADDR: 0 PROW: 0 PBANK: 8 CYCLE: 12499
PNORMAL PADDR: 0 VADDR: 0 PROW: 0 PBANK: 8 CYCLE: 12499
NORMAL PADDR: 0 VADDR: 0 PROW: 0 PBANK: 9 CYCLE: 12499
PNORMAL PADDR: 0 VADDR: 0 PROW: 0 PBANK: 9 CYCLE: 12499
NORMAL PADDR: 0 VADDR: 0 PROW: 0 PBANK: a CYCLE: 12499
PNORMAL PADDR: 0 VADDR: 0 PROW: 0 PBANK: a CYCLE: 12499
NORMAL PADDR: 0 VADDR: 0 PROW: 0 PBANK: b CYCLE: 12499
PNORMAL PADDR: 0 VADDR: 0 PROW: 0 PBANK: b CYCLE: 12499
NORMAL PADDR: 0 VADDR: 0 PROW: 0 PBANK: c CYCLE: 12499
PNORMAL PADDR: 0 VADDR: 0 PROW: 0 PBANK: c CYCLE: 12499
NORMAL PADDR: 0 VADDR: 0 PROW: 0 PBANK: d CYCLE: 12499
PNORMAL PADDR: 0 VADDR: 0 PROW: 0 PBANK: d CYCLE: 12499
NORMAL PADDR: 0 VADDR: 0 PROW: 0 PBANK: e CYCLE: 12499
PNORMAL PADDR: 0 VADDR: 0 PROW: 0 PBANK: e CYCLE: 12499
NORMAL PADDR: 0 VADDR: 0 PROW: 0 PBANK: f CYCLE: 12499
PNORMAL PADDR: 0 VADDR: 0 PROW: 0 PBANK: f CYCLE: 12499
NORMAL PADDR: 0 VADDR: 0 PROW: 1 PBANK: 0 CYCLE: 12499
PNORMAL PADDR: 0 VADDR: 0 PROW: 1 PBANK: 0 CYCLE: 12499
NORMAL PADDR: 0 VADDR: 0 PROW: 1 PBANK: 1 CYCLE: 12499
PNORMAL PADDR: 0 VADDR: 0 PROW: 1 PBANK: 1 CYCLE: 12499
NORMAL PADDR: 0 VADDR: 0 PROW: 1 PBANK: 2 CYCLE: 12499
PNORMAL PADDR: 0 VADDR: 0 PROW: 1 PBANK: 2 CYCLE: 12499
NORMAL PADDR: 0 VADDR: 0 PROW: 1 PBANK: 3 CYCLE: 12499
PNORMAL PADDR: 0 VADDR: 0 PROW: 1 PBANK: 3 CYCLE: 12499
NORMAL PADDR: 0 VADDR: 0 PROW: 1 PBANK: 4 CYCLE: 12499
PNORMAL PADDR: 0 VADDR: 0 PROW: 1 PBANK: 4 CYCLE: 12499
NORMAL PADDR: 0 VADDR: 0 PROW: 1 PBANK: 5 CYCLE: 12499
PNORMAL PADDR: 0 VADDR: 0 PROW: 1 PBANK: 5 CYCLE: 12499
NORMAL PADDR: 0 VADDR: 0 PROW: 1 PBANK: 6 CYCLE: 12499
PNORMAL PADDR: 0 VADDR: 0 PROW: 1 PBANK: 6 CYCLE: 12499
NORMAL PADDR: 0 VADDR: 0 PROW: 1 PBANK: 7 CYCLE: 12499
PNORMAL PADDR: 0 VADDR: 0 PROW: 1 PBANK: 7 CYCLE: 12499
NORMAL PADDR: 0 VADDR: 0 PROW: 1 PBANK: 8 CYCLE: 12499
PNORMAL PADDR: 0 VADDR: 0 PROW: 1 PBANK: 8 CYCLE: 12499
NORMAL PADDR: 0 VADDR: 0 PROW: 1 PBANK: 9 CYCLE: 12499
PNORMAL PADDR: 0 VADDR: 0 PROW: 1 PBANK: 9 CYCLE: 12499
NORMAL PADDR: 0 VADDR: 0 PROW: 1 PBANK: a CYCLE: 12499
PNORMAL PADDR: 0 VADDR: 0 PROW: 1 PBANK: a CYCLE: 12499
NORMAL PADDR: 0 VADDR: 0 PROW: 1 PBANK: b CYCLE: 12499
PNORMAL PADDR: 0 VADDR: 0 PROW: 1 PBANK: b CYCLE: 12499
NORMAL PADDR: 0 VADDR: 0 PROW: 1 PBANK: c CYCLE: 12499
PNORMAL PADDR: 0 VADDR: 0 PROW: 1 PBANK: c CYCLE: 12499
NORMAL PADDR: 0 VADDR: 0 PROW: 1 PBANK: d CYCLE: 12499
PNORMAL PADDR: 0 VADDR: 0 PROW: 1 PBANK: d CYCLE: 12499
NORMAL PADDR: 0 VADDR: 0 PROW: 1 PBANK: e CYCLE: 12499
PNORMAL PADDR: 0 VADDR: 0PNORMAL PADDR: 127cb8 VADDR: 0 PROW: 4 PBANK: 8 CYCLE: 12298
NORMAL PADDR: 0 VADDR: 0 PROW: 0 PBANK: 0 CYCLE: 12499
PNORMAL PADDR: 0 VADDR: 0 PROW: 0 PBANK: 0 CYCLE: 12499
NORMAL PADDR: 0 VADDR: 0 PROW: 0 PBANK: 1 CYCLE: 12499
PNORMAL PADDR: 0 VADDR: 0 PROW: 0 PBANK: 1 CYCLE: 12499
NORMAL PADDR: 0 VADDR: 0 PROW: 0 PBANK: 2 CYCLE: 12499
PNORMAL PADDR: 0 VADDR: 0 PROW: 0 PBANK: 2 CYCLE: 12499
NORMAL PADDR: 0 VADDR: 0 PROW: 0 PBANK: 3 CYCLE: 12499
PNORMAL PADDR: 0 VADDR: 0 PROW: 0 PBANK: 3 CYCLE: 12499
NORMAL PADDR: 0 VADDR: 0 PROW: 0 PBANK: 4 CYCLE: 12499
PNORMAL PADDR: 0 VADDR: 0 PROW: 0 PBANK: 4 CYCLE: 12499
NORMAL PADDR: 0 VADDR: 0 PROW: 0 PBANK: 5 CYCLE: 12499
PNORMAL PADDR: 0 VADDR: 0 PROW: 0 PBANK: 5 CYCLE: 12499
NORMAL PADDR: 0 VADDR: 0 PROW: 0 PBANK: 6 CYCLE: 12499
PNORMAL PADDR: 0 VADDR: 0 PROW: 0 PBANK: 6 CYCLE: 12499
NORMAL PADDR: 0 VADDR: 0 PROW: 0 PBANK: 7 CYCLE: 12499
PNORMAL PADDR: 0 VADDR: 0 PROW: 0 PBANK: 7 CYCLE: 12499
NORMAL PADDR: 0 VADDR: 0 PROW: 0 PBANK: 8 CYCLE: 12499
PNORMAL PADDR: 0 VADDR: 0 PROW: 0 PBANK: 8 CYCLE: 12499
NORMAL PADDR: 0 VADDR: 0 PROW: 0 PBANK: 9 CYCLE: 12499
PNORMAL PADDR: 0 VADDR: 0 PROW: 0 PBANK: 9 CYCLE: 12499
NORMAL PADDR: 0 VADDR: 0 PROW: 0 PBANK: a CYCLE: 12499
PNORMAL PADDR: 0 VADDR: 0 PROW: 0 PBANK: a CYCLE: 12499
NORMAL PADDR: 0 VADDR: 0 PROW: 0 PBANK: b CYCLE: 12499
PNORMAL PADDR: 0 VADDR: 0 PROW: 0 PBANK: b CYCLE: 12499
NORMAL PADDR: 0 VADDR: 0 PROW: 0 PBANK: c CYCLE: 12499
PNORMAL PADDR: 0 VADDR: 0 PROW: 0 PBANK: c CYCLE: 12499
NORMAL PADDR: 0 VADDR: 0 PROW: 0 PBANK: d CYCLE: 12499
PNORMAL PADDR: 0 VADDR: 0 PROW: 0 PBANK: d CYCLE: 12499
NORMAL PADDR: 0 VADDR: 0 PROW: 0 PBANK: e CYCLE: 12499
PNORMAL PADDR: 0 VADDR: 0 PROW: 0 PBANK: e CYCLE: 12499
NORMAL PADDR: 0 VADDR: 0 PROW: 0 PBANK: f CYCLE: 12499
PNORMAL PADDR: 0 VADDR: 0 PROW: 0 PBANK: f CYCLE: 12499
NORMAL PADDR: 0 VADDR: 0 PROW: 1 PBANK: 0 CYCLE: 12499
PNORMAL PADDR: 0 VADDR: 0 PROW: 1 PBANK: 0 CYCLE: 12499
NORMAL PADDR: 0 VADDR: 0 PROW: 1 PBANK: 1 CYCLE: 12499
PNORMAL PADDR: 0 VADDR: 0 PROW: 1 PBANK: 1 CYCLE: 12499
NORMAL PADDR: 0 VADDR: 0 PROW: 1 PBANK: 2 CYCLE: 12499
PNORMAL PADDR: 0 VADDR: 0 PROW: 1 PBANK: 2 CYCLE: 12499
NORMAL PADDR: 0 VADDR: 0 PROW: 1 PBANK: 3 CYCLE: 12499
PNORMAL PADDR: 0 VADDR: 0 PROW: 1 PBANK: 3 CYCLE: 12499
NORMAL PADDR: 0 VADDR: 0 PROW: 1 PBANK: 4 CYCLE: 12499
PNORMAL PADDR: 0 VADDR: 0 PROW: 1 PBANK: 4 CYCLE: 12499
NORMAL PADDR: 0 VADDR: 0 PROW: 1 PBANK: 5 CYCLE: 12499
PNORMAL PADDR: 0 VADDR: 0 PROW: 1 PBANK: 5 CYCLE: 12499
NORMAL PADDR: 0 VADDR: 0 PROW: 1 PBANK: 6 CYCLE: 12499
PNORMAL PADDR: 0 VADDR: 0 PROW: 1 PBANK: 6 CYCLE: 12499
NORMAL PADDR: 0 VADDR: 0 PROW: 1 PBANK: 7 CYCLE: 12499
PNORMAL PADDR: 0 VADDR: 0 PROW: 1 PBANK: 7 CYCLE: 12499
NORMAL PADDR: 0 VADDR: 0 PROW: 1 PBANK: 8 CYCLE: 12499
PNORMAL PADDR: 0 VADDR: 0 PROW: 1 PBANK: 8 CYCLE: 12499
NORMAL PADDR: 0 VADDR: 0 PROW: 1 PBANK: 9 CYCLE: 12499
PNORMAL PADDR: 0 VADDR: 0 PROW: 1 PBANK: 9 CYCLE: 12499
NORMAL PADDR: 0 VADDR: 0 PROW: 1 PBANK: a CYCLE: 12499
PNORMAL PADDR: 0 VADDR: 0 PROW: 1 PBANK: a CYCLE: 12499
NORMAL PADDR: 0 VADDR: 0 PROW: 1 PBANK: b CYCLE: 12499
PNORMAL PADDR: 0 VADDR: 0 PROW: 1 PBANK: b CYCLE: 12499
NORMAL PADDR: 0 VADDR: 0 PROW: 1 PBANK: c CYCLE: 12499
PNORMAL PADDR: 0 VADDR: 0 PROW: 1 PBANK: c CYCLE: 12499
NORMAL PADDR: 0 VADDR: 0 PROW: 1 PBANK: d CYCLE: 12499
PNORMAL PADDR: 0 VADDR: 0 PROW: 1 PBANK: d CYCLE: 12499
NORMAL PADDR: 0 VADDR: 0 PROW: 1 PBANK: e CYCLE: 12499
PNORMAL PADDR: 0 VADDR: 0 PROW: 1 PBANK: e CYCLE: 12499
NORMAL PADDR: 0 VADDR: 0 PROW: 1 PBANK: f CYCLE: 12499
PNORMAL PADDR: 0 VADDR: 0 PROW: 3 PBANK: f CYCLE: 12499
NORMAL PADDR: 0 VADDR: 0 PROW: 0 PBANK: 0 CYCLE: 12499
PNORMAL PADDR: 0 VADDR: 0 PROW: 0 PBANK: 0 CYCLE: 12499
NORMAL PADDR: 0 VADDR: 0 PROW: 0 PBANK: 1 CYCLE: 12499
PNORMAL PADDR: 0 VADDR: 0 PROW: 0 PBANK: 1 CYCLE: 12499
NORMAL PADDR: 0 VADDR: 0 PROW: 0 PBANK: 2 CYCLE: 12499
PNORMAL PADDR: 0 VADDR: 0 PROW: 0 PBANK: 2 CYCLE: 12499
NORMAL PADDR: 0 VADDR: 0 PROW: 0 PBANK: 3 CYCLE: 12499
PNORMAL PADDR: 0 VADDR: 0 PROW: 0 PBANK: 3 CYCLE: 12499
NORMAL PADDR: 0 VADDR: 0 PROW: 0 PBANK: 4 CYCLE: 12499
PNORMAL PADDR: 0 VADDR: 0 PROW: 0 PBANK: 4 CYCLE: 12499
NORMAL PADDR: 0 VADDR: 0 PROW: 0 PBANK: 5 CYCLE: 12499
PNORMAL PADDR: 0 VADDR: 0 PROW: 0 PBANK: 5 CYCLE: 12499
NORMAL PADDR: 0 VADDR: 0 PROW: 0 PBANK: 6 CYCLE: 12499
PNORMAL PADDR: 0 VADDR: 0 PROW: 0 PBANK: 6 CYCLE: 12499
NORMAL PADDR: 0 VADDR: 0 PROW: 0 PBANK: 7 CYCLE: 12499
PNORMAL PADDR: 0 VADDR: 0 PROW: 0 PBANK: 7 CYCLE: 12499
NORMAL PADDR: 0 VADDR: 0 PROW: 0 PBANK: 8 CYCLE: 12499
PNORMAL PADDR: 0 VADDR: 0 PROW: 0 PBANK: 8 CYCLE: 12499
NORMAL PADDR: 0 VADDR: 0 PROW: 0 PBANK: 9 CYCLE: 12499
PNORMAL PADDR: 0 VADDR: 0 PROW: 0 PBANK: 9 CYCLE: 12499
NORMAL PADDR: 0 VADDR: 0 PROW: 0 PBANK: a CYCLE: 12499
PNORMAL PADDR: 0 VADDR: 0 PROW: 0 PBANK: a CYCLE: 12499
NORMAL PADDR: 0 VADDR: 0 PROW: 0 PBANK: b CYCLE: 12499
PNORMAL PADDR: 0 VADDR: 0 PROW: 0 PBANK: b CYCLE: 12499
NORMAL PADDR: 0 VADDR: 0 PROW: 0 PBANK: c CYCLE: 12499
PNORMAL PADDR: 0 VADDR: 0 PROW: 0 PBANK: c CYCLE: 12499
NORMAL PADDR: 0 VADDR: 0 PROW: 0 PBANK: d CYCLE: 12499
PNORMAL PADDR: 0 VADDR: 0 PROW: 0 PBANK: d CYCLE: 12499
NORMAL PADDR: 0 VADDR: 0 PROW: 0 PBANK: e CYCLE: 12499
PNORMAL PADDR: 0 VADDR: 0 PROW: 0 PBANK: e CYCLE: 12499
NORMAL PADDR: 0 VADDR: 0 PROW: 0 PBANK: f CYCLE: 12499
PNORMAL PADDR: 0 VADDR: 0 PROW: 0 PBANK: f CYCLE: 12499
NORMAL PADDR: 0 VADDR: 0 PROW: 1 PBANK: 0 CYCLE: 12499
PNORMAL PADDR: 0 VADDR: 0 PROW: 1 PBANK: 0 CYCLE: 12499
NORMAL PADDR: 0 VADDR: 0 PROW: 1 PBANK: 1 CYCLE: 12499
PNORMAL PADDR: 0 VADDR: 0 PROW: 1 PBANK: 1 CYCLE: 12499
NORMAL PADDR: 0 VADDR: 0 PROW: 1 PBANK: 2 CYCLE: 12499
PNORMAL PADDR: 0 VADDR: 0 PROW: 1 PBANK: 2 CYCLE: 12499
NORMAL PADDR: 0 VADDR: 0 PROW: 1 PBANK: 3 CYCLE: 12499
PNORMAL PADDR: 0 VADDR: 0 PROW: 1 PBANK: 3 CYCLE: 12499
NORMAL PADDR: 0 VADDR: 0 PROW: 1 PBANK: 4 CYCLE: 12499
PNORMAL PADDR: 0 VADDR: 0 PROW: 1 PBANK: 4 CYCLE: 12499
NORMAL PADDR: 0 VADDR: 0 PROW: 1 PBANK: 5 CYCLE: 12499
PNORMAL PADDR: 0 VADDR: 0 PROW: 1 PBANK: 5 CYCLE: 12499
NORMAL PADDR: 0 VADDR: 0 PROW: 1 PBANK: 6 CYCLE: 12499
PNORMAL PADDR: 0 VADDR: 0 PROW: 1 PBANK: 6 CYCLE: 12499
NORMAL PADDR: 0 VADDR: 0 PROW: 1 PBANK: 7 CYCLE: 12499
PNORMAL PADDR: 0 VADDR: 0 PROW: 1 PBANK: 7 CYCLE: 12499
NORMAL PADDR: 0 VADDR: 0 PROW: 1 PBANK: 8 CYCLE: 12499
PNORMAL PADDR: 0 VADDR: 0 PROW: 1 PBANK: 8 CYCLE: 12499
NORMAL PADDR: 0 VADDR: 0 PROW: 1 PBANK: 9 CYCLE: 12499
PNORMAL PADDR: 0 VADDR: 0 PROW: 1 PBANK: 9 CYCLE: 12499
NORMAL PADDR: 0 VADDR: 0 PROW: 1 PBANK: a CYCLE: 12499
PNORMAL PADDR: 0 VADDR: 0 PROW: 1 PBANK: a CYCLE: 12499
NORMAL PADDR: 0 VADDR: 0 PROW: 1 PBANK: b CYCLE: 12499
PNORMAL PADDR: 0 VADDR: 0 PROW: 1 PBANK: b CYCLE: 12499
NORMAL PADDR: 0 VADDR: 0 PROW: 1 PBANK: c CYCLE: 12499
PNORMAL PADDR: 0 VADDR: 0 PROW: 1 PBANK: c CYCLE: 12499
NORMAL PADDR: 0 VADDR: 0 PROW: 1 PBANK: d CYCLE: 12499
PNORMAL PADDR: 0 VADDR: 0 PROW: 1 PBANK: d CYCLE: 12499
NORMAL PADDR: 0 VADDR: 0 PROW: 1 PBANK: e CYCLE: 12499
PNORMAL PADDR: 0 VADDR: 0 PROW: 1 PBANK: e CYCLE: 12499
NORMAL PADDR: 0 VADDR: 0 PROW: 1 PBANK: f CYCLE: 12499
PNORMAL PADDR: 0 VADDR: 0 PROW: 7ffe PBANK: f CYCLE: 102236179
NORMAL PADDR: 0 VADDR: 0 PROW: 7fff PBANK: 0 CYCLE: 102236179
PNORMAL PADDR: 0 VADDR: 0 PROW: 7fff PBANK: 0 CYCLE: 102236179
NORMAL PADDR: 0 VADDR: 0 PROW: 7fff PBANK: 1 CYCLE: 102236179
PNORMAL PADDR: 0 VADDR: 0 PROW: 7fff PBANK: 1 CYCLE: 102236179
NORMAL PADDR: 0 VADDR: 0 PROW: 7fff PBANK: 2 CYCLE: 102236179
PNORMAL PADDR: 0 VADDR: 0 PROW: 7fff PBANK: 2 CYCLE: 102236179
NORMAL PADDR: 0 VADDR: 0 PROW: 7fff PBANK: 3 CYCLE: 102236179
PNORMAL PADDR: 0 VADDR: 0 PROW: 7fff PBANK: 3 CYCLE: 102236179
NORMAL PADDR: 0 VADDR: 0 PROW: 7fff PBANK: 4 CYCLE: 102236179
PNORMAL PADDR: 0 VADDR: 0 PROW: 7fff PBANK: 4 CYCLE: 102236179
NORMAL PADDR: 0 VADDR: 0 PROW: 7fff PBANK: 5 CYCLE: 102236179
PNORMAL PADDR: 0 VADDR: 0 PROW: 7fff PBANK: 5 CYCLE: 102236179
NORMAL PADDR: 0 VADDR: 0 PROW: 7fff PBANK: 6 CYCLE: 102236179
PNORMAL PADDR: 0 VADDR: 0 PROW: 7fff PBANK: 6 CYCLE: 102236179
NORMAL PADDR: 0 VADDR: 0 PROW: 7fff PBANK: 7 CYCLE: 102236179
PNORMAL PADDR: 0 VADDR: 0 PROW: 7fff PBANK: 7 CYCLE: 102236179
NORMAL PADDR: 0 VADDR: 0 PROW: 7fff PBANK: 8 CYCLE: 102236179
PNORMAL PADDR: 0 VADDR: 0 PROW: 7fff PBANK: 8 CYCLE: 102236179
NORMAL PADDR: 0 VADDR: 0 PROW: 7fff PBANK: 9 CYCLE: 102236179
PNORMAL PADDR: 0 VADDR: 0 PROW: 7fff PBANK: 9 CYCLE: 102236179
NORMAL PADDR: 0 VADDR: 0 PROW: 7fff PBANK: a CYCLE: 102236179
PNORMAL PADDR: 0 VADDR: 0 PROW: 7fff PBANK: a CYCLE: 102236179
NORMAL PADDR: 0 VADDR: 0 PROW: 7fff PBANK: b CYCLE: 102236179
PNORMAL PADDR: 0 VADDR: 0 PROW: 7fff PBANK: b CYCLE: 102236179
NORMAL PADDR: 0 VADDR: 0 PROW: 7fff PBANK: c CYCLE: 102236179
PNORMAL PADDR: 0 VADDR: 0 PROW: 7fff PBANK: c CYCLE: 102236179
NORMAL PADDR: 0 VADDR: 0 PROW: 7fff PBANK: d CYCLE: 102236179
PNORMAL PADDR: 0 VADDR: 0 PROW: 7fff PBANK: d CYCLE: 102236179
NORMAL PADDR: 0 VADDR: 0 PROW: 7fff PBANK: e CYCLE: 102236179
PNORMAL PADDR: 0 VADDR: 0 PROW: 7fff PBANK: e CYCLE: 102236179
NORMAL PADDR: 0 VADDR: 0 PROW: 7fff PBANK: f CYCLE: 102236179
PNORMAL PADDR: 0 VADDR: 0 PROW: 7ffe PBANK: f CYCLE: 102236179
NORMAL PADDR: 0 VADDR: 0 PROW: 7fff PBANK: 0 CYCLE: 102236179
PNORMAL PADDR: 0 VADDR: 0 PROW: 7fff PBANK: 0 CYCLE: 102236179
NORMAL PADDR: 0 VADDR: 0 PROW: 7fff PBANK: 1 CYCLE: 102236179
PNORMAL PADDR: 0 VADDR: 0 PROW: 7fff PBANK: 1 CYCLE: 102236179
NORMAL PADDR: 0 VADDR: 0 PROW: 7fff PBANK: 2 CYCLE: 102236179
PNORMAL PADDR: 0 VADDR: 0 PROW: 7fff PBANK: 2 CYCLE: 102236179
NORMAL PADDR: 0 VADDR: 0 PROW: 7fff PBANK: 3 CYCLE: 102236179
PNORMAL PADDR: 0 VADDR: 0 PROW: 7fff PBANK: 3 CYCLE: 102236179
NORMAL PADDR: 0 VADDR: 0 PROW: 7fff PBANK: 4 CYCLE: 102236179
PNORMAL PADDR: 0 VADDR: 0 PROW: 7fff PBANK: 4 CYCLE: 102236179
NORMAL PADDR: 0 VADDR: 0 PROW: 7fff PBANK: 5 CYCLE: 102236179
PNORMAL PADDR: 0 VADDR: 0 PROW: 7fff PBANK: 5 CYCLE: 102236179
NORMAL PADDR: 0 VADDR: 0 PROW: 7fff PBANK: 6 CYCLE: 102236179
PNORMAL PADDR: 0 VADDR: 0 PROW: 7fff PBANK: 6 CYCLE: 102236179
NORMAL PADDR: 0 VADDR: 0 PROW: 7fff PBANK: 7 CYCLE: 102236179
PNORMAL PADDR: 0 VADDR: 0 PROW: 7fff PBANK: 7 CYCLE: 102236179
NORMAL PADDR: 0 VADDR: 0 PROW: 7fff PBANK: 8 CYCLE: 102236179
PNORMAL PADDR: 0 VADDR: 0 PROW: 7fff PBANK: 8 CYCLE: 102236179
NORMAL PADDR: 0 VADDR: 0 PROW: 7fff PBANK: 9 CYCLE: 102236179
PNORMAL PADDR: 0 VADDR: 0 PROW: 7fff PBANK: 9 CYCLE: 102236179
NORMAL PADDR: 0 VADDR: 0 PROW: 7fff PBANK: a CYCLE: 102236179
PNORMAL PADDR: 0 VADDR: 0 PROW: 7fff PBANK: a CYCLE: 102236179
NORMAL PADDR: 0 VADDR: 0 PROW: 7fff PBANK: b CYCLE: 102236179
PNORMAL PADDR: 0 VADDR: 0 PROW: 7fff PBANK: b CYCLE: 102236179
NORMAL PADDR: 0 VADDR: 0 PROW: 7fff PBANK: c CYCLE: 102236179
PNORMAL PADDR: 0 VADDR: 0 PROW: 7fff PBANK: c CYCLE: 102236179
NORMAL PADDR: 0 VADDR: 0 PROW: 7fff PBANK: d CYCLE: 102236179
PNORMAL PADDR: 0 VADDR: 0 PROW: 7fff PBANK: d CYCLE: 102236179
NORMAL PADDR: 0 VADDR: 0 PROW: 7fff PBANK: e CYCLE: 102236179
PNORMAL PADDR: 0 VADDR: 0 PROW: 7fff PBANK: e CYCLE: 102236179
NORMAL PADDR: 0 VADDR: 0 PROW: 7fff PBANK: f CYCLE: 102236179
PNORMAL PADDR: 63c2890 VADDR: 0 PROW: 18f PBANK: 8 CYCLE: 102248345
NORMAL PADDR: 0 VADDR: 0 PROW: 0 PBANK: 0 CYCLE: 102248659
PNORMAL PADDR: 0 VADDR: 0 PROW: 0 PBANK: 0 CYCLE: 102248659
NORMAL PADDR: 0 VADDR: 0 PROW: 0 PBANK: 1 CYCLE: 102248659
PNORMAL PADDR: 0 VADDR: 0 PROW: 0 PBANK: 1 CYCLE: 102248659
NORMAL PADDR: 0 VADDR: 0 PROW: 0 PBANK: 2 CYCLE: 102248659
PNORMAL PADDR: 0 VADDR: 0 PROW: 0 PBANK: 2 CYCLE: 102248659
NORMAL PADDR: 0 VADDR: 0 PROW: 0 PBANK: 3 CYCLE: 102248659
PNORMAL PADDR: 0 VADDR: 0 PROW: 0 PBANK: 3 CYCLE: 102248659
NORMAL PADDR: 0 VADDR: 0 PROW: 0 PBANK: 4 CYCLE: 102248659
PNORMAL PADDR: 0 VADDR: 0 PROW: 0 PBANK: 4 CYCLE: 102248659
NORMAL PADDR: 0 VADDR: 0 PROW: 0 PBANK: 5 CYCLE: 102248659
PNORMAL PADDR: 0 VADDR: 0 PROW: 0 PBANK: 5 CYCLE: 102248659
NORMAL PADDR: 0 VADDR: 0 PROW: 0 PBANK: 6 CYCLE: 102248659
PNORMAL PADDR: 0 VADDR: 0 PROW: 0 PBANK: 6 CYCLE: 102248659
NORMAL PADDR: 0 VADDR: 0 PROW: 0 PBANK: 7 CYCLE: 102248659
PNORMAL PADDR: 0 VADDR: 0 PROW: 0 PBANK: 7 CYCLE: 102248659
NORMAL PADDR: 0 VADDR: 0 PROW: 0 PBANK: 8 CYCLE: 102248659
PNORMAL PADDR: 0 VADDR: 0 PROW: 0 PBANK: 8 CYCLE: 102248659
NORMAL PADDR: 0 VADDR: 0 PROW: 0 PBANK: 9 CYCLE: 102248659
PNORMAL PADDR: 0 VADDR: 0 PROW: 0 PBANK: 9 CYCLE: 102248659
NORMAL PADDR: 0 VADDR: 0 PROW: 0 PBANK: a CYCLE: 102248659
PNORMAL PADDR: 0 VADDR: 0 PROW: 0 PBANK: a CYCLE: 102248659
NORMAL PADDR: 0 VADDR: 0 PROW: 0 PBANK: b CYCLE: 102248659
PNORMAL PADDR: 0 VADDR: 0 PROW: 0 PBANK: b CYCLE: 102248659
NORMAL PADDR: 0 VADDR: 0 PROW: 0 PBANK: c CYCLE: 102248659
PNORMAL PADDR: 0 VADDR: 0 PROW: 0 PBANK: c CYCLE: 102248659
NORMAL PADDR: 0 VADDR: 0 PROW: 0 PBANK: d CYCLE: 102248659
PNORMAL PADDR: 0 VADDR: 0 PROW: 0 PBANK: d CYCLE: 102248659
NORMAL PADDR: 0 VADDR: 0 PROW: 0 PBANK: e CYCLE: 102248659
PNORMAL PADDR: 0 VADDR: 0 PROW: 0 PBANK: e CYCLE: 102248659
NORMAL PADDR: 0 VADDR: 0 PROW: 0 PBANK: f CYCLE: 102248659
PNORMAL PADDR: 0 VADDR: 0 PROW: 0 PBANK: f CYCLE: 102248659
NORMAL PADDR: 0 VADDR: 0 PROW: 1 PBANK: 0 CYCLE: 102248659
PNORMAL PADDR: 0 VADDR: 0 PROW: 1 PBANK: 0 CYCLE: 102248659
NORMAL PADDR: 0 VADDR: 0 PROW: 1 PBANK: 1 CYCLE: 102248659
PNORMAL PADDR: 0 VADDR: 0 PROW: 1 PBANK: 1 CYCLE: 102248659
NORMAL PADDR: 0 VADDR: 0 PROW: 1 PBANK: 2 CYCLE: 102248659
PNORMAL PADDR: 0 VADDR: 0 PROW: 1 PBANK: 2 CYCLE: 102248659
NORMAL PADDR: 0 VADDR: 0 PROW: 1 PBANK: 3 CYCLE: 102248659
PNORMAL PADDR: 0 VADDR: 0 PROW: 1 PBANK: 3 CYCLE: 102248659
NORMAL PADDR: 0 VADDR: 0 PROW: 1 PBANK: 4 CYCLE: 102248659
PNORMAL PADDR: 0 VADDR: 0 PROW: 1 PBANK: 4 CYCLE: 102248659
NORMAL PADDR: 0 VADDR: 0 PROW: 1 PBANK: 5 CYCLE: 102248659
PNORMAL PADDR: 0 VADDR: 0 PROW: 1 PBANK: 5 CYCLE: 102248659
NORMAL PADDR: 0 VADDR: 0 PROW: 1 PBANK: 6 CYCLE: 102248659
PNORMAL PADDR: 0 VADDR: 0 PROW: 1 PBANK: 6 CYCLE: 102248659
NORMAL PADDR: 0 VADDR: 0 PROW: 1 PBANK: 7 CYCLE: 102248659
PNORMAL PADDR: 0 VADDR: 0 PROW: 1 PBANK: 7 CYCLE: 102248659
NORMAL PADDR: 0 VADDR: 0 PROW: 1 PBANK: 8 CYCLE: 102248659
PNORMAL PADDR: 0 VADDR: 0 PROW: 1 PBANK: 8 CYCLE: 102248659
NORMAL PADDR: 0 VADDR: 0 PROW: 1 PBANK: 9 CYCLE: 102248659
PNORMAL PADDR: 0 VADDR: 0 PROW: 1 PBANK: 9 CYCLE: 102248659
NORMAL PADDR: 0 VADDR: 0 PROW: 1 PBANK: a CYCLE: 102248659
PNORMAL PADDR: 0 VADDR: 0 PROW: 1 PBANK: a CYCLE: 102248659
NORMAL PADDR: 0 VADDR: 0 PROW: 1 PBANK: b CYCLE: 102248659
PNORMAL PADDR: 0 VADDR: 0 PROW: 1 PBANK: b CYCLE: 102248659
NORMAL PADDR: 0 VADDR: 0 PROW: 1 PBANK: c CYCLE: 102248659
PNORMAL PADDR: 0 VADDR: 0 PROW: 1 PBANK: c CYCLE: 102248659
NORMAL PADDR: 0 VADDR: 0 PROW: 1 PBANK: d CYCLE: 102248659
PNORMAL PADDR: 0 VADDR: 0 PROW: 1 PBANK: d CYCLE: 102248659
NORMAL PADDR: 0 VADDR: 0 PROW: 1 PBANK: e CYCLE: 102248659
PNORMAL PADDR: 0 VADDR: 0 PROW: 1 PBANK: e CYCLE: 102248659
NORMAL PADDR: 0 VADDR: 0 PROW: 1 PBANK: f CYCLE: 102248659
PNORMAL PADDR: 0 VADDR: 0 PROW: 3 PBANK: f CYCLE: 102248659
NORMAL PADDR: 0 VADDR: 0 PROW: 0 PBANK: 0 CYCLE: 102248659
PNORMAL PADDR: 0 VADDR: 0 PROW: 0 PBANK: 0 CYCLE: 102248659
NORMAL PADDR: 0 VADDR: 0 PROW: 0 PBANK: 1 CYCLE: 102248659
PNORMAL PADDR: 0 VADDR: 0 PROW: 0 PBANK: 1 CYCLE: 102248659
NORMAL PADDR: 0 VADDR: 0 PROW: 0 PBANK: 2 CYCLE: 102248659
PNORMAL PADDR: 0 VADDR: 0 PROW: 0 PBANK: 2 CYCLE: 102248659
NORMAL PADDR: 0 VADDR: 0 PROW: 0 PBANK: 3 CYCLE: 102248659
PNORMAL PADDR: 0 VADDR: 0 PROW: 0 PBANK: 3 CYCLE: 102248659
NORMAL PADDR: 0 VADDR: 0 PROW: 0 PBANK: 4 CYCLE: 102248659
PNORMAL PADDR: 0 VADDR: 0 PROW: 0 PBANK: 4 CYCLE: 102248659
NORMAL PADDR: 0 VADDR: 0 PROW: 0 PBANK: 5 CYCLE: 102248659
PNORMAL PADDR: 0 VADDR: 0 PROW: 0 PBANK: 5 CYCLE: 102248659
NORMAL PADDR: 0 VADDR: 0 PROW: 0 PBANK: 6 CYCLE: 102248659
PNORMAL PADDR: 0 VADDR: 0 PROW: 0 PBANK: 6 CYCLE: 102248659
NORMAL PADDR: 0 VADDR: 0 PROW: 0 PBANK: 7 CYCLE: 102248659
PNORMAL PADDR: 0 VADDR: 0 PROW: 0 PBANK: 7 CYCLE: 102248659
NORMAL PADDR: 0 VADDR: 0 PROW: 0 PBANK: 8 CYCLE: 102248659
PNORMAL PADDR: 0 VADDR: 0 PROW: 0 PBANK: 8 CYCLE: 102248659
NORMAL PADDR: 0 VADDR: 0 PROW: 0 PBANK: 9 CYCLE: 102248659
PNORMAL PADDR: 0 VADDR: 0 PROW: 0 PBANK: 9 CYCLE: 102248659
NORMAL PADDR: 0 VADDR: 0 PROW: 0 PBANK: a CYCLE: 102248659
PNORMAL PADDR: 0 VADDR: 0 PROW: 0 PBANK: a CYCLE: 102248659
NORMAL PADDR: 0 VADDR: 0 PROW: 0 PBANK: b CYCLE: 102248659
PNORMAL PADDR: 0 VADDR: 0 PROW: 0 PBANK: b CYCLE: 102248659
NORMAL PADDR: 0 VADDR: 0 PROW: 0 PBANK: c CYCLE: 102248659
PNORMAL PADDR: 0 VADDR: 0 PROW: 0 PBANK: c CYCLE: 102248659
NORMAL PADDR: 0 VADDR: 0 PROW: 0 PBANK: d CYCLE: 102248659
PNORMAL PADDR: 0 VADDR: 0 PROW: 0 PBANK: d CYCLE: 102248659
NORMAL PADDR: 0 VADDR: 0 PROW: 0 PBANK: e CYCLE: 102248659
PNORMAL PADDR: 0 VADDR: 0 PROW: 0 PBANK: e CYCLE: 102248659
NORMAL PADDR: 0 VADDR: 0 PROW: 0 PBANK: f CYCLE: 102248659
PNORMAL PADDR: 0 VADDR: 0 PROW: 0 PBANK: f CYCLE: 102248659
NORMAL PADDR: 0 VADDR: 0 PROW: 1 PBANK: 0 CYCLE: 102248659
PNORMAL PADDR: 0 VADDR: 0 PROW: 1 PBANK: 0 CYCLE: 102248659
NORMAL PADDR: 0 VADDR: 0 PROW: 1 PBANK: 1 CYCLE: 102248659
PNORMAL PADDR: 0 VADDR: 0 PROW: 1 PBANK: 1 CYCLE: 102248659
NORMAL PADDR: 0 VADDR: 0 PROW: 1 PBANK: 2 CYCLE: 102248659
PNORMAL PADDR: 0 VADDR: 0 PROW: 1 PBANK: 2 CYCLE: 102248659
NORMAL PADDR: 0 VADDR: 0 PROW: 1 PBANK: 3 CYCLE: 102248659
PNORMAL PADDR: 0 VADDR: 0 PROW: 1 PBANK: 3 CYCLE: 102248659
NORMAL PADDR: 0 VADDR: 0 PROW: 1 PBANK: 4 CYCLE: 102248659
PNORMAL PADDR: 0 VADDR: 0 PROW: 1 PBANK: 4 CYCLE: 102248659
NORMAL PADDR: 0 VADDR: 0 PROW: 1 PBANK: 5 CYCLE: 102248659
PNORMAL PADDR: 0 VADDR: 0 PROW: 1 PBANK: 5 CYCLE: 102248659
NORMAL PADDR: 0 VADDR: 0 PROW: 1 PBANK: 6 CYCLE: 102248659
PNORMAL PADDR: 0 VADDR: 0 PROW: 1 PBANK: 6 CYCLE: 102248659
NORMAL PADDR: 0 VADDR: 0 PROW: 1 PBANK: 7 CYCLE: 102248659
PNORMAL PADDR: 0 VADDR: 0 PROW: 1 PBANK: 7 CYCLE: 102248659
NORMAL PADDR: 0 VADDR: 0 PROW: 1 PBANK: 8 CYCLE: 102248659
PNORMAL PADDR: 0 VADDR: 0 PROW: 1 PBANK: 8 CYCLE: 102248659
NORMAL PADDR: 0 VADDR: 0 PROW: 1 PBANK: 9 CYCLE: 102248659
PNORMAL PADDR: 0 VADDR: 0 PROW: 1 PBANK: 9 CYCLE: 102248659
NORMAL PADDR: 0 VADDR: 0 PROW: 1 PBANK: a CYCLE: 102248659
PNORMAL PADDR: 0 VADDR: 0 PROW: 1 PBANK: a CYCLE: 102248659
NORMAL PADDR: 0 VADDR: 0 PROW: 1 PBANK: b CYCLE: 102248659
PNORMAL PADDR: 0 VADDR: 0 PROW: 1 PBANK: b CYCLE: 102248659
NORMAL PADDR: 0 VADDR: 0 PROW: 1 PBANK: c CYCLE: 102248659
PNORMAL PADDR: 0 VADDR: 0 PROW: 1 PBANK: c CYCLE: 102248659
NORMAL PADDR: 0 VADDR: 0 PROW: 1 PBANK: d CYCLE: 102248659
PNORMAL PADDR: 0 VADDR: 0 PROW: 1 PBANK: d CYCLE: 102248659
NORMAL PADDR: 0 VADDR: 0 PROW: 1 PBANK: e CYCLE: 102248659
PNORMAL PADDR: 0 VADDR: 0 PROW: 1 PBANK: e CYCLE: 102248659
NORMAL PADDR: 0 VADDR: 0 PROW: 1 PBANK: f CYCLE: 102248659
PNORMAL PADDR: 0 VADDR: 0 PROW: 7ffe PBANK: f CYCLE: 204472339
NORMAL PADDR: 0 VADDR: 0 PROW: 7fff PBANK: 0 CYCLE: 204472339
PNORMAL PADDR: 0 VADDR: 0 PROW: 7fff PBANK: 0 CYCLE: 204472339
NORMAL PADDR: 0 VADDR: 0 PROW: 7fff PBANK: 1 CYCLE: 204472339
PNORMAL PADDR: 0 VADDR: 0 PROW: 7fff PBANK: 1 CYCLE: 204472339
NORMAL PADDR: 0 VADDR: 0 PROW: 7fff PBANK: 2 CYCLE: 204472339
PNORMAL PADDR: 0 VADDR: 0 PROW: 7fff PBANK: 2 CYCLE: 204472339
NORMAL PADDR: 0 VADDR: 0 PROW: 7fff PBANK: 3 CYCLE: 204472339
PNORMAL PADDR: 0 VADDR: 0 PROW: 7fff PBANK: 3 CYCLE: 204472339
NORMAL PADDR: 0 VADDR: 0 PROW: 7fff PBANK: 4 CYCLE: 204472339
PNORMAL PADDR: 0 VADDR: 0 PROW: 7fff PBANK: 4 CYCLE: 204472339
NORMAL PADDR: 0 VADDR: 0 PROW: 7fff PBANK: 5 CYCLE: 204472339
PNORMAL PADDR: 0 VADDR: 0 PROW: 7fff PBANK: 5 CYCLE: 204472339
NORMAL PADDR: 0 VADDR: 0 PROW: 7fff PBANK: 6 CYCLE: 204472339
PNORMAL PADDR: 0 VADDR: 0 PROW: 7fff PBANK: 6 CYCLE: 204472339
NORMAL PADDR: 0 VADDR: 0 PROW: 7fff PBANK: 7 CYCLE: 204472339
PNORMAL PADDR: 0 VADDR: 0 PROW: 7fff PBANK: 7 CYCLE: 204472339
NORMAL PADDR: 0 VADDR: 0 PROW: 7fff PBANK: 8 CYCLE: 204472339
PNORMAL PADDR: 0 VADDR: 0 PROW: 7fff PBANK: 8 CYCLE: 204472339
NORMAL PADDR: 0 VADDR: 0 PROW: 7fff PBANK: 9 CYCLE: 204472339
PNORMAL PADDR: 0 VADDR: 0 PROW: 7fff PBANK: 9 CYCLE: 204472339
NORMAL PADDR: 0 VADDR: 0 PROW: 7fff PBANK: a CYCLE: 204472339
PNORMAL PADDR: 0 VADDR: 0 PROW: 7fff PBANK: a CYCLE: 204472339
NORMAL PADDR: 0 VADDR: 0 PROW: 7fff PBANK: b CYCLE: 204472339
PNORMAL PADDR: 0 VADDR: 0 PROW: 7fff PBANK: b CYCLE: 204472339
NORMAL PADDR: 0 VADDR: 0 PROW: 7fff PBANK: c CYCLE: 204472339
PNORMAL PADDR: 0 VADDR: 0 PROW: 7fff PBANK: c CYCLE: 204472339
NORMAL PADDR: 0 VADDR: 0 PROW: 7fff PBANK: d CYCLE: 204472339
PNORMAL PADDR: 0 VADDR: 0 PROW: 7fff PBANK: d CYCLE: 204472339
NORMAL PADDR: 0 VADDR: 0 PROW: 7fff PBANK: e CYCLE: 204472339
PNORMAL PADDR: 0 VADDR: 0 PROW: 7fff PBANK: e CYCLE: 204472339
NORMAL PADDR: 0 VADDR: 0 PROW: 7fff PBANK: f CYCLE: 204472339
PNORMAL PADDR: 0 VADDR: 0 PROW: 7ffe PBANK: f CYCLE: 204472339
NORMAL PADDR: 0 VADDR: 0 PROW: 7fff PBANK: 0 CYCLE: 204472339
PNORMAL PADDR: 0 VADDR: 0 PROW: 7fff PBANK: 0 CYCLE: 204472339
NORMAL PADDR: 0 VADDR: 0 PROW: 7fff PBANK: 1 CYCLE: 204472339
PNORMAL PADDR: 0 VADDR: 0 PROW: 7fff PBANK: 1 CYCLE: 204472339
NORMAL PADDR: 0 VADDR: 0 PROW: 7fff PBANK: 2 CYCLE: 204472339
PNORMAL PADDR: 0 VADDR: 0 PROW: 7fff PBANK: 2 CYCLE: 204472339
NORMAL PADDR: 0 VADDR: 0 PROW: 7fff PBANK: 3 CYCLE: 204472339
PNORMAL PADDR: 0 VADDR: 0 PROW: 7fff PBANK: 3 CYCLE: 204472339
NORMAL PADDR: 0 VADDR: 0 PROW: 7fff PBANK: 4 CYCLE: 204472339
PNORMAL PADDR: 0 VADDR: 0 PROW: 7fff PBANK: 4 CYCLE: 204472339
NORMAL PADDR: 0 VADDR: 0 PROW: 7fff PBANK: 5 CYCLE: 204472339
PNORMAL PADDR: 0 VADDR: 0 PROW: 7fff PBANK: 5 CYCLE: 204472339
NORMAL PADDR: 0 VADDR: 0 PROW: 7fff PBANK: 6 CYCLE: 204472339
PNORMAL PADDR: 0 VADDR: 0 PROW: 7fff PBANK: 6 CYCLE: 204472339
NORMAL PADDR: 0 VADDR: 0 PROW: 7fff PBANK: 7 CYCLE: 204472339
PNORMAL PADDR: 0 VADDR: 0 PROW: 7fff PBANK: 7 CYCLE: 204472339
NORMAL PADDR: 0 VADDR: 0 PROW: 7fff PBANK: 8 CYCLE: 204472339
PNORMAL PADDR: 0 VADDR: 0 PROW: 7fff PBANK: 8 CYCLE: 204472339
NORMAL PADDR: 0 VADDR: 0 PROW: 7fff PBANK: 9 CYCLE: 204472339
PNORMAL PADDR: 0 VADDR: 0 PROW: 7fff PBANK: 9 CYCLE: 204472339
NORMAL PADDR: 0 VADDR: 0 PROW: 7fff PBANK: a CYCLE: 204472339
PNORMAL PADDR: 0 VADDR: 0 PROW: 7fff PBANK: a CYCLE: 204472339
NORMAL PADDR: 0 VADDR: 0 PROW: 7fff PBANK: b CYCLE: 204472339
PNORMAL PADDR: 0 VADDR: 0 PROW: 7fff PBANK: b CYCLE: 204472339
NORMAL PADDR: 0 VADDR: 0 PROW: 7fff PBANK: c CYCLE: 204472339
PNORMAL PADDR: 0 VADDR: 0 PROW: 7fff PBANK: c CYCLE: 204472339
NORMAL PADDR: 0 VADDR: 0 PROW: 7fff PBANK: d CYCLE: 204472339
PNORMAL PADDR: 0 VADDR: 0 PROW: 7fff PBANK: d CYCLE: 204472339
NORMAL PADDR: 0 VADDR: 0 PROW: 7fff PBANK: e CYCLE: 204472339
PNORMAL PADDR: 0 VADDR: 0 PROW: 7fff PBANK: e CYCLE: 204472339
NORMAL PADDR: 0 VADDR: 0 PROW: 7fff PBANK: f CYCLE: 204472339
PNORMAL PADDR: cdc55d0 VADDR: 0 PROW: 337 PBANK: d CYCLE: 204484548
NORMAL PADDR: 0 VADDR: 0 PROW: 0 PBANK: 0 CYCLE: 204484819
PNORMAL PADDR: 0 VADDR: 0 PROW: 0 PBANK: 0 CYCLE: 204484819
NORMAL PADDR: 0 VADDR: 0 PROW: 0 PBANK: 1 CYCLE: 204484819
PNORMAL PADDR: 0 VADDR: 0 PROW: 0 PBANK: 1 CYCLE: 204484819
NORMAL PADDR: 0 VADDR: 0 PROW: 0 PBANK: 2 CYCLE: 204484819
PNORMAL PADDR: 0 VADDR: 0 PROW: 0 PBANK: 2 CYCLE: 204484819
NORMAL PADDR: 0 VADDR: 0 PROW: 0 PBANK: 3 CYCLE: 204484819
PNORMAL PADDR: 0 VADDR: 0 PROW: 0 PBANK: 3 CYCLE: 204484819
NORMAL PADDR: 0 VADDR: 0 PROW: 0 PBANK: 4 CYCLE: 204484819
PNORMAL PADDR: 0 VADDR: 0 PROW: 0 PBANK: 4 CYCLE: 204484819
NORMAL PADDR: 0 VADDR: 0 PROW: 0 PBANK: 5 CYCLE: 204484819
PNORMAL PADDR: 0 VADDR: 0 PROW: 0 PBANK: 5 CYCLE: 204484819
NORMAL PADDR: 0 VADDR: 0 PROW: 0 PBANK: 6 CYCLE: 204484819
PNORMAL PADDR: 0 VADDR: 0 PROW: 0 PBANK: 6 CYCLE: 204484819
NORMAL PADDR: 0 VADDR: 0 PROW: 0 PBANK: 7 CYCLE: 204484819
PNORMAL PADDR: 0 VADDR: 0 PROW: 0 PBANK: 7 CYCLE: 204484819
NORMAL PADDR: 0 VADDR: 0 PROW: 0 PBANK: 8 CYCLE: 204484819
PNORMAL PADDR: 0 VADDR: 0 PROW: 0 PBANK: 8 CYCLE: 204484819
NORMAL PADDR: 0 VADDR: 0 PROW: 0 PBANK: 9 CYCLE: 204484819
PNORMAL PADDR: 0 VADDR: 0 PROW: 0 PBANK: 9 CYCLE: 204484819
NORMAL PADDR: 0 VADDR: 0 PROW: 0 PBANK: a CYCLE: 204484819
PNORMAL PADDR: 0 VADDR: 0 PROW: 0 PBANK: a CYCLE: 204484819
NORMAL PADDR: 0 VADDR: 0 PROW: 0 PBANK: b CYCLE: 204484819
PNORMAL PADDR: 0 VADDR: 0 PROW: 0 PBANK: b CYCLE: 204484819
NORMAL PADDR: 0 VADDR: 0 PROW: 0 PBANK: c CYCLE: 204484819
PNORMAL PADDR: 0 VADDR: 0 PROW: 0 PBANK: c CYCLE: 204484819
NORMAL PADDR: 0 VADDR: 0 PROW: 0 PBANK: d CYCLE: 204484819
PNORMAL PADDR: 0 VADDR: 0 PROW: 0 PBANK: d CYCLE: 204484819
NORMAL PADDR: 0 VADDR: 0 PROW: 0 PBANK: e CYCLE: 204484819
PNORMAL PADDR: 0 VADDR: 0 PROW: 0 PBANK: e CYCLE: 204484819
NORMAL PADDR: 0 VADDR: 0 PROW: 0 PBANK: f CYCLE: 204484819
PNORMAL PADDR: 0 VADDR: 0 PROW: 0 PBANK: f CYCLE: 204484819
NORMAL PADDR: 0 VADDR: 0 PROW: 1 PBANK: 0 CYCLE: 204484819
PNORMAL PADDR: 0 VADDR: 0 PROW: 1 PBANK: 0 CYCLE: 204484819
NORMAL PADDR: 0 VADDR: 0 PROW: 1 PBANK: 1 CYCLE: 204484819
PNORMAL PADDR: 0 VADDR: 0 PROW: 1 PBANK: 1 CYCLE: 204484819
NORMAL PADDR: 0 VADDR: 0 PROW: 1 PBANK: 2 CYCLE: 204484819
PNORMAL PADDR: 0 VADDR: 0 PROW: 1 PBANK: 2 CYCLE: 204484819
NORMAL PADDR: 0 VADDR: 0 PROW: 1 PBANK: 3 CYCLE: 204484819
PNORMAL PADDR: 0 VADDR: 0 PROW: 1 PBANK: 3 CYCLE: 204484819
NORMAL PADDR: 0 VADDR: 0 PROW: 1 PBANK: 4 CYCLE: 204484819
PNORMAL PADDR: 0 VADDR: 0 PROW: 1 PBANK: 4 CYCLE: 204484819
NORMAL PADDR: 0 VADDR: 0 PROW: 1 PBANK: 5 CYCLE: 204484819
PNORMAL PADDR: 0 VADDR: 0 PROW: 1 PBANK: 5 CYCLE: 204484819
NORMAL PADDR: 0 VADDR: 0 PROW: 1 PBANK: 6 CYCLE: 204484819
PNORMAL PADDR: 0 VADDR: 0 PROW: 1 PBANK: 6 CYCLE: 204484819
NORMAL PADDR: 0 VADDR: 0 PROW: 1 PBANK: 7 CYCLE: 204484819
PNORMAL PADDR: 0 VADDR: 0 PROW: 1 PBANK: 7 CYCLE: 204484819
NORMAL PADDR: 0 VADDR: 0 PROW: 1 PBANK: 8 CYCLE: 204484819
PNORMAL PADDR: 0 VADDR: 0 PROW: 1 PBANK: 8 CYCLE: 204484819
NORMAL PADDR: 0 VADDR: 0 PROW: 1 PBANK: 9 CYCLE: 204484819
PNORMAL PADDR: 0 VADDR: 0 PROW: 1 PBANK: 9 CYCLE: 204484819
NORMAL PADDR: 0 VADDR: 0 PROW: 1 PBANK: a CYCLE: 204484819
PNORMAL PADDR: 0 VADDR: 0 PROW: 1 PBANK: a CYCLE: 204484819
NORMAL PADDR: 0 VADDR: 0 PROW: 1 PBANK: b CYCLE: 204484819
PNORMAL PADDR: 0 VADDR: 0 PROW: 1 PBANK: b CYCLE: 204484819
NORMAL PADDR: 0 VADDR: 0 PROW: 1 PBANK: c CYCLE: 204484819
PNORMAL PADDR: 0 VADDR: 0 PROW: 1 PBANK: c CYCLE: 204484819
NORMAL PADDR: 0 VADDR: 0 PROW: 1 PBANK: d CYCLE: 204484819
PNORMAL PADDR: 0 VADDR: 0 PROW: 1 PBANK: d CYCLE: 204484819
NORMAL PADDR: 0 VADDR: 0 PROW: 1 PBANK: e CYCLE: 204484819
PNORMAL PADDR: 0 VADDR: 0 PROW: 1 PBANK: e CYCLE: 204484819
NORMAL PADDR: 0 VADDR: 0 PROW: 1 PBANK: f CYCLE: 204484819
PNORMAL PADDR: 0 VADDR: 0 PROW: 3 PBANK: f CYCLE: 204484819
NORMAL PADDR: 0 VADDR: 0 PROW: 0 PBANK: 0 CYCLE: 204484819
PNORMAL PADDR: 0 VADDR: 0 PROW: 0 PBANK: 0 CYCLE: 204484819
NORMAL PADDR: 0 VADDR: 0 PROW: 0 PBANK: 1 CYCLE: 204484819
PNORMAL PADDR: 0 VADDR: 0 PROW: 0 PBANK: 1 CYCLE: 204484819
NORMAL PADDR: 0 VADDR: 0 PROW: 0 PBANK: 2 CYCLE: 204484819
PNORMAL PADDR: 0 VADDR: 0 PROW: 0 PBANK: 2 CYCLE: 204484819
NORMAL PADDR: 0 VADDR: 0 PROW: 0 PBANK: 3 CYCLE: 204484819
PNORMAL PADDR: 0 VADDR: 0 PROW: 0 PBANK: 3 CYCLE: 204484819
NORMAL PADDR: 0 VADDR: 0 PROW: 0 PBANK: 4 CYCLE: 204484819
PNORMAL PADDR: 0 VADDR: 0 PROW: 0 PBANK: 4 CYCLE: 204484819
NORMAL PADDR: 0 VADDR: 0 PROW: 0 PBANK: 5 CYCLE: 204484819
PNORMAL PADDR: 0 VADDR: 0 PROW: 0 PBANK: 5 CYCLE: 204484819
NORMAL PADDR: 0 VADDR: 0 PROW: 0 PBANK: 6 CYCLE: 204484819
PNORMAL PADDR: 0 VADDR: 0 PROW: 0 PBANK: 6 CYCLE: 204484819
NORMAL PADDR: 0 VADDR: 0 PROW: 0 PBANK: 7 CYCLE: 204484819
PNORMAL PADDR: 0 VADDR: 0 PROW: 0 PBANK: 7 CYCLE: 204484819
NORMAL PADDR: 0 VADDR: 0 PROW: 0 PBANK: 8 CYCLE: 204484819
PNORMAL PADDR: 0 VADDR: 0 PROW: 0 PBANK: 8 CYCLE: 204484819
NORMAL PADDR: 0 VADDR: 0 PROW: 0 PBANK: 9 CYCLE: 204484819
PNORMAL PADDR: 0 VADDR: 0 PROW: 0 PBANK: 9 CYCLE: 204484819
NORMAL PADDR: 0 VADDR: 0 PROW: 0 PBANK: a CYCLE: 204484819
PNORMAL PADDR: 0 VADDR: 0 PROW: 0 PBANK: a CYCLE: 204484819
NORMAL PADDR: 0 VADDR: 0 PROW: 0 PBANK: b CYCLE: 204484819
PNORMAL PADDR: 0 VADDR: 0 PROW: 0 PBANK: b CYCLE: 204484819
NORMAL PADDR: 0 VADDR: 0 PROW: 0 PBANK: c CYCLE: 204484819
PNORMAL PADDR: 0 VADDR: 0 PROW: 0 PBANK: c CYCLE: 204484819
NORMAL PADDR: 0 VADDR: 0 PROW: 0 PBANK: d CYCLE: 204484819
PNORMAL PADDR: 0 VADDR: 0 PROW: 0 PBANK: d CYCLE: 204484819
NORMAL PADDR: 0 VADDR: 0 PROW: 0 PBANK: e CYCLE: 204484819
PNORMAL PADDR: 0 VADDR: 0 PROW: 0 PBANK: e CYCLE: 204484819
NORMAL PADDR: 0 VADDR: 0 PROW: 0 PBANK: f CYCLE: 204484819
PNORMAL PADDR: 0 VADDR: 0 PROW: 0 PBANK: f CYCLE: 204484819
NORMAL PADDR: 0 VADDR: 0 PROW: 1 PBANK: 0 CYCLE: 204484819
PNORMAL PADDR: 0 VADDR: 0 PROW: 1 PBANK: 0 CYCLE: 204484819
NORMAL PADDR: 0 VADDR: 0 PROW: 1 PBANK: 1 CYCLE: 204484819
PNORMAL PADDR: 0 VADDR: 0 PROW: 1 PBANK: 1 CYCLE: 204484819
NORMAL PADDR: 0 VADDR: 0 PROW: 1 PBANK: 2 CYCLE: 204484819
PNORMAL PADDR: 0 VADDR: 0 PROW: 1 PBANK: 2 CYCLE: 204484819
NORMAL PADDR: 0 VADDR: 0 PROW: 1 PBANK: 3 CYCLE: 204484819
PNORMAL PADDR: 0 VADDR: 0 PROW: 1 PBANK: 3 CYCLE: 204484819
NORMAL PADDR: 0 VADDR: 0 PROW: 1 PBANK: 4 CYCLE: 204484819
PNORMAL PADDR: 0 VADDR: 0 PROW: 1 PBANK: 4 CYCLE: 204484819
NORMAL PADDR: 0 VADDR: 0 PROW: 1 PBANK: 5 CYCLE: 204484819
PNORMAL PADDR: 0 VADDR: 0 PROW: 1 PBANK: 5 CYCLE: 204484819
NORMAL PADDR: 0 VADDR: 0 PROW: 1 PBANK: 6 CYCLE: 204484819
PNORMAL PADDR: 0 VADDR: 0 PROW: 1 PBANK: 6 CYCLE: 204484819
NORMAL PADDR: 0 VADDR: 0 PROW: 1 PBANK: 7 CYCLE: 204484819
PNORMAL PADDR: 0 VADDR: 0 PROW: 1 PBANK: 7 CYCLE: 204484819
NORMAL PADDR: 0 VADDR: 0 PROW: 1 PBANK: 8 CYCLE: 204484819
PNORMAL PADDR: 0 VADDR: 0 PROW: 1 PBANK: 8 CYCLE: 204484819
NORMAL PADDR: 0 VADDR: 0 PROW: 1 PBANK: 9 CYCLE: 204484819
PNORMAL PADDR: 0 VADDR: 0 PROW: 1 PBANK: 9 CYCLE: 204484819
NORMAL PADDR: 0 VADDR: 0 PROW: 1 PBANK: a CYCLE: 204484819
PNORMAL PADDR: 0 VADDR: 0 PROW: 1 PBANK: a CYCLE: 204484819
NORMAL PADDR: 0 VADDR: 0 PROW: 1 PBANK: b CYCLE: 204484819
PNORMAL PADDR: 0 VADDR: 0 PROW: 1 PBANK: b CYCLE: 204484819
NORMAL PADDR: 0 VADDR: 0 PROW: 1 PBANK: c CYCLE: 204484819
PNORMAL PADDR: 0 VADDR: 0 PROW: 1 PBANK: c CYCLE: 204484819
NORMAL PADDR: 0 VADDR: 0 PROW: 1 PBANK: d CYCLE: 204484819
PNORMAL PADDR: 0 VADDR: 0 PROW: 1 PBANK: d CYCLE: 204484819
NORMAL PADDR: 0 VADDR: 0 PROW: 1 PBANK: e CYCLE: 204484819
PNORMAL PADDR: 0 VADDR: 0 PROW: 1 PBANK: e CYCLE: 204484819
NORMAL PADDR: 0 VADDR: 0 PROW: 1 PBANK: f CYCLE: 204484819
PNORMAL PADDR: 0 VADDR: 0 PROW: 7ffe PBANK: f CYCLE: 306708479
NORMAL PADDR: 0 VADDR: 0 PROW: 7fff PBANK: 0 CYCLE: 306708479
PNORMAL PADDR: 0 VADDR: 0 PROW: 7fff PBANK: 0 CYCLE: 306708479
NORMAL PADDR: 0 VADDR: 0 PROW: 7fff PBANK: 1 CYCLE: 306708479
PNORMAL PADDR: 0 VADDR: 0 PROW: 7fff PBANK: 1 CYCLE: 306708479
NORMAL PADDR: 0 VADDR: 0 PROW: 7fff PBANK: 2 CYCLE: 306708479
PNORMAL PADDR: 0 VADDR: 0 PROW: 7fff PBANK: 2 CYCLE: 306708479
NORMAL PADDR: 0 VADDR: 0 PROW: 7fff PBANK: 3 CYCLE: 306708479
PNORMAL PADDR: 0 VADDR: 0 PROW: 7fff PBANK: 3 CYCLE: 306708479
NORMAL PADDR: 0 VADDR: 0 PROW: 7fff PBANK: 4 CYCLE: 306708479
PNORMAL PADDR: 0 VADDR: 0 PROW: 7fff PBANK: 4 CYCLE: 306708479
NORMAL PADDR: 0 VADDR: 0 PROW: 7fff PBANK: 5 CYCLE: 306708479
PNORMAL PADDR: 0 VADDR: 0 PROW: 7fff PBANK: 5 CYCLE: 306708479
NORMAL PADDR: 0 VADDR: 0 PROW: 7fff PBANK: 6 CYCLE: 306708479
PNORMAL PADDR: 0 VADDR: 0 PROW: 7fff PBANK: 6 CYCLE: 306708479
NORMAL PADDR: 0 VADDR: 0 PROW: 7fff PBANK: 7 CYCLE: 306708479
PNORMAL PADDR: 0 VADDR: 0 PROW: 7fff PBANK: 7 CYCLE: 306708479
NORMAL PADDR: 0 VADDR: 0 PROW: 7fff PBANK: 8 CYCLE: 306708479
PNORMAL PADDR: 0 VADDR: 0 PROW: 7fff PBANK: 8 CYCLE: 306708479
NORMAL PADDR: 0 VADDR: 0 PROW: 7fff PBANK: 9 CYCLE: 306708479
PNORMAL PADDR: 0 VADDR: 0 PROW: 7fff PBANK: 9 CYCLE: 306708479
NORMAL PADDR: 0 VADDR: 0 PROW: 7fff PBANK: a CYCLE: 306708479
PNORMAL PADDR: 0 VADDR: 0 PROW: 7fff PBANK: a CYCLE: 306708479
NORMAL PADDR: 0 VADDR: 0 PROW: 7fff PBANK: b CYCLE: 306708479
PNORMAL PADDR: 0 VADDR: 0 PROW: 7fff PBANK: b CYCLE: 306708479
NORMAL PADDR: 0 VADDR: 0 PROW: 7fff PBANK: c CYCLE: 306708479
PNORMAL PADDR: 0 VADDR: 0 PROW: 7fff PBANK: c CYCLE: 306708479
NORMAL PADDR: 0 VADDR: 0 PROW: 7fff PBANK: d CYCLE: 306708479
PNORMAL PADDR: 0 VADDR: 0 PROW: 7fff PBANK: d CYCLE: 306708479
NORMAL PADDR: 0 VADDR: 0 PROW: 7fff PBANK: e CYCLE: 306708479
PNORMAL PADDR: 0 VADDR: 0 PROW: 7fff PBANK: e CYCLE: 306708479
NORMAL PADDR: 0 VADDR: 0 PROW: 7fff PBANK: f CYCLE: 306708479
PNORMAL PADDR: 0 VADDR: 0 PROW: 7ffe PBANK: f CYCLE: 306708479
NORMAL PADDR: 0 VADDR: 0 PROW: 7fff PBANK: 0 CYCLE: 306708479
PNORMAL PADDR: 0 VADDR: 0 PROW: 7fff PBANK: 0 CYCLE: 306708479
NORMAL PADDR: 0 VADDR: 0 PROW: 7fff PBANK: 1 CYCLE: 306708479
PNORMAL PADDR: 0 VADDR: 0 PROW: 7fff PBANK: 1 CYCLE: 306708479
NORMAL PADDR: 0 VADDR: 0 PROW: 7fff PBANK: 2 CYCLE: 306708479
PNORMAL PADDR: 0 VADDR: 0 PROW: 7fff PBANK: 2 CYCLE: 306708479
NORMAL PADDR: 0 VADDR: 0 PROW: 7fff PBANK: 3 CYCLE: 306708479
PNORMAL PADDR: 0 VADDR: 0 PROW: 7fff PBANK: 3 CYCLE: 306708479
NORMAL PADDR: 0 VADDR: 0 PROW: 7fff PBANK: 4 CYCLE: 306708479
PNORMAL PADDR: 0 VADDR: 0 PROW: 7fff PBANK: 4 CYCLE: 306708479
NORMAL PADDR: 0 VADDR: 0 PROW: 7fff PBANK: 5 CYCLE: 306708479
PNORMAL PADDR: 0 VADDR: 0 PROW: 7fff PBANK: 5 CYCLE: 306708479
NORMAL PADDR: 0 VADDR: 0 PROW: 7fff PBANK: 6 CYCLE: 306708479
PNORMAL PADDR: 0 VADDR: 0 PROW: 7fff PBANK: 6 CYCLE: 306708479
NORMAL PADDR: 0 VADDR: 0 PROW: 7fff PBANK: 7 CYCLE: 306708479
PNORMAL PADDR: 0 VADDR: 0 PROW: 7fff PBANK: 7 CYCLE: 306708479
NORMAL PADDR: 0 VADDR: 0 PROW: 7fff PBANK: 8 CYCLE: 306708479
PNORMAL PADDR: 0 VADDR: 0 PROW: 7fff PBANK: 8 CYCLE: 306708479
NORMAL PADDR: 0 VADDR: 0 PROW: 7fff PBANK: 9 CYCLE: 306708479
PNORMAL PADDR: 0 VADDR: 0 PROW: 7fff PBANK: 9 CYCLE: 306708479
NORMAL PADDR: 0 VADDR: 0 PROW: 7fff PBANK: a CYCLE: 306708479
PNORMAL PADDR: 0 VADDR: 0 PROW: 7fff PBANK: a CYCLE: 306708479
NORMAL PADDR: 0 VADDR: 0 PROW: 7fff PBANK: b CYCLE: 306708479
PNORMAL PADDR: 0 VADDR: 0 PROW: 7fff PBANK: b CYCLE: 306708479
NORMAL PADDR: 0 VADDR: 0 PROW: 7fff PBANK: c CYCLE: 306708479
PNORMAL PADDR: 0 VADDR: 0 PROW: 7fff PBANK: c CYCLE: 306708479
NORMAL PADDR: 0 VADDR: 0 PROW: 7fff PBANK: d CYCLE: 306708479
PNORMAL PADDR: 0 VADDR: 0 PROW: 7fff PBANK: d CYCLE: 306708479
NORMAL PADDR: 0 VADDR: 0 PROW: 7fff PBANK: e CYCLE: 306708479
PNORMAL PADDR: 0 VADDR: 0 PROW: 7fff PBANK: e CYCLE: 306708479
NORMAL PADDR: 0 VADDR: 0 PROW: 7fff PBANK: f CYCLE: 306708479
PNORMAL PADDR: 0 VADDR: 0 PROW: 7fff PBANK: f CYCLE: 306708479
NORMAL PADDR: 0 VADDR: 0 PROW: 0 PBANK: 0 CYCLE: 306720959
PNORMAL PADDR: 0 VADDR: 0 PROW: 0 PBANK: 0 CYCLE: 306720959
NORMAL PADDR: 0 VADDR: 0 PROW: 0 PBANK: 1 CYCLE: 306720959
PNORMAL PADDR: 0 VADDR: 0 PROW: 0 PBANK: 1 CYCLE: 306720959
NORMAL PADDR: 0 VADDR: 0 PROW: 0 PBANK: 2 CYCLE: 306720959
PNORMAL PADDR: 0 VADDR: 0 PROW: 0 PBANK: 2 CYCLE: 306720959
NORMAL PADDR: 0 VADDR: 0 PROW: 0 PBANK: 3 CYCLE: 306720959
PNORMAL PADDR: 0 VADDR: 0 PROW: 0 PBANK: 3 CYCLE: 306720959
NORMAL PADDR: 0 VADDR: 0 PROW: 0 PBANK: 4 CYCLE: 306720959
PNORMAL PADDR: 0 VADDR: 0 PROW: 0 PBANK: 4 CYCLE: 306720959
NORMAL PADDR: 0 VADDR: 0 PROW: 0 PBANK: 5 CYCLE: 306720959
PNORMAL PADDR: 0 VADDR: 0 PROW: 0 PBANK: 5 CYCLE: 306720959
NORMAL PADDR: 0 VADDR: 0 PROW: 0 PBANK: 6 CYCLE: 306720959
PNORMAL PADDR: 0 VADDR: 0 PROW: 0 PBANK: 6 CYCLE: 306720959
NORMAL PADDR: 0 VADDR: 0 PROW: 0 PBANK: 7 CYCLE: 306720959
PNORMAL PADDR: 0 VADDR: 0 PROW: 0 PBANK: 7 CYCLE: 306720959
NORMAL PADDR: 0 VADDR: 0 PROW: 0 PBANK: 8 CYCLE: 306720959
PNORMAL PADDR: 0 VADDR: 0 PROW: 0 PBANK: 8 CYCLE: 306720959
NORMAL PADDR: 0 VADDR: 0 PROW: 0 PBANK: 9 CYCLE: 306720959
PNORMAL PADDR: 0 VADDR: 0 PROW: 0 PBANK: 9 CYCLE: 306720959
NORMAL PADDR: 0 VADDR: 0 PROW: 0 PBANK: a CYCLE: 306720959
PNORMAL PADDR: 0 VADDR: 0 PROW: 0 PBANK: a CYCLE: 306720959
NORMAL PADDR: 0 VADDR: 0 PROW: 0 PBANK: b CYCLE: 306720959
PNORMAL PADDR: 0 VADDR: 0 PROW: 0 PBANK: b CYCLE: 306720959
NORMAL PADDR: 0 VADDR: 0 PROW: 0 PBANK: c CYCLE: 306720959
PNORMAL PADDR: 0 VADDR: 0 PROW: 0 PBANK: c CYCLE: 306720959
NORMAL PADDR: 0 VADDR: 0 PROW: 0 PBANK: d CYCLE: 306720959
PNORMAL PADDR: 0 VADDR: 0 PROW: 0 PBANK: d CYCLE: 306720959
NORMAL PADDR: 0 VADDR: 0 PROW: 0 PBANK: e CYCLE: 306720959
PNORMAL PADDR: 0 VADDR: 0 PROW: 0 PBANK: e CYCLE: 306720959
NORMAL PADDR: 0 VADDR: 0 PROW: 0 PBANK: f CYCLE: 306720959
PNORMAL PADDR: 0 VADDR: 0 PROW: 0 PBANK: f CYCLE: 306720959
NORMAL PADDR: 0 VADDR: 0 PROW: 1 PBANK: 0 CYCLE: 306720959
PNORMAL PADDR: 0 VADDR: 0 PROW: 1 PBANK: 0 CYCLE: 306720959
NORMAL PADDR: 0 VADDR: 0 PROW: 1 PBANK: 1 CYCLE: 306720959
PNORMAL PADDR: 0 VADDR: 0 PROW: 1 PBANK: 1 CYCLE: 306720959
NORMAL PADDR: 0 VADDR: 0 PROW: 1 PBANK: 2 CYCLE: 306720959
PNORMAL PADDR: 0 VADDR: 0 PROW: 1 PBANK: 2 CYCLE: 306720959
NORMAL PADDR: 0 VADDR: 0 PROW: 1 PBANK: 3 CYCLE: 306720959
PNORMAL PADDR: 0 VADDR: 0 PROW: 1 PBANK: 3 CYCLE: 306720959
NORMAL PADDR: 0 VADDR: 0 PROW: 1 PBANK: 4 CYCLE: 306720959
PNORMAL PADDR: 0 VADDR: 0 PROW: 1 PBANK: 4 CYCLE: 306720959
NORMAL PADDR: 0 VADDR: 0 PROW: 1 PBANK: 5 CYCLE: 306720959
PNORMAL PADDR: 0 VADDR: 0 PROW: 1 PBANK: 5 CYCLE: 306720959
NORMAL PADDR: 0 VADDR: 0 PROW: 1 PBANK: 6 CYCLE: 306720959
PNORMAL PADDR: 0 VADDR: 0 PROW: 1 PBANK: 6 CYCLE: 306720959
NORMAL PADDR: 0 VADDR: 0 PROW: 1 PBANK: 7 CYCLE: 306720959
PNORMAL PADDR: 0 VADDR: 0 PROW: 1 PBANK: 7 CYCLE: 306720959
NORMAL PADDR: 0 VADDR: 0 PROW: 1 PBANK: 8 CYCLE: 306720959
PNORMAL PADDR: 0 VADDR: 0 PROW: 1 PBANK: 8 CYCLE: 306720959
NORMAL PADDR: 0 VADDR: 0 PROW: 1 PBANK: 9 CYCLE: 306720959
PNORMAL PADDR: 0 VADDR: 0 PROW: 1 PBANK: 9 CYCLE: 306720959
NORMAL PADDR: 0 VADDR: 0 PROW: 1 PBANK: a CYCLE: 306720959
PNORMAL PADDR: 0 VADDR: 0 PROW: 1 PBANK: a CYCLE: 306720959
NORMAL PADDR: 0 VADDR: 0 PROW: 1 PBANK: b CYCLE: 306720959
PNORMAL PADDR: 0 VADDR: 0 PROW: 1 PBANK: b CYCLE: 306720959
NORMAL PADDR: 0 VADDR: 0 PROW: 1 PBANK: c CYCLE: 306720959
PNORMAL PADDR: 0 VADDR: 0 PROW: 1 PBANK: c CYCLE: 306720959
NORMAL PADDR: 0 VADDR: 0 PROW: 1 PBANK: d CYCLE: 306720959
PNORMAL PADDR: 0 VADDR: 0 PROW: 1 PBANK: d CYCLE: 306720959
NORMAL PADDR: 0 VADDR: 0 PROW: 1 PBANK: e CYCLE: 306720959
PNORMAL PADDR: 0 VADDR: 0 PROW: 1 PBANK: e CYCLE: 306720959
NORMAL PADDR: 0 VADDR: 0 PROW: 1 PBANK: f CYCLE: 306720959
PNORMAL PADDR: 0 VADDR: 0 PROW: 3 PBANK: f CYCLE: 306720959
NORMAL PADDR: 0 VADDR: 0 PROW: 0 PBANK: 0 CYCLE: 306720959
PNORMAL PADDR: 0 VADDR: 0 PROW: 0 PBANK: 0 CYCLE: 306720959
NORMAL PADDR: 0 VADDR: 0 PROW: 0 PBANK: 1 CYCLE: 306720959
PNORMAL PADDR: 0 VADDR: 0 PROW: 0 PBANK: 1 CYCLE: 306720959
NORMAL PADDR: 0 VADDR: 0 PROW: 0 PBANK: 2 CYCLE: 306720959
PNORMAL PADDR: 0 VADDR: 0 PROW: 0 PBANK: 2 CYCLE: 306720959
NORMAL PADDR: 0 VADDR: 0 PROW: 0 PBANK: 3 CYCLE: 306720959
PNORMAL PADDR: 0 VADDR: 0 PROW: 0 PBANK: 3 CYCLE: 306720959
NORMAL PADDR: 0 VADDR: 0 PROW: 0 PBANK: 4 CYCLE: 306720959
PNORMAL PADDR: 0 VADDR: 0 PROW: 0 PBANK: 4 CYCLE: 306720959
NORMAL PADDR: 0 VADDR: 0 PROW: 0 PBANK: 5 CYCLE: 306720959
PNORMAL PADDR: 0 VADDR: 0 PROW: 0 PBANK: 5 CYCLE: 306720959
NORMAL PADDR: 0 VADDR: 0 PROW: 0 PBANK: 6 CYCLE: 306720959
PNORMAL PADDR: 0 VADDR: 0 PROW: 0 PBANK: 6 CYCLE: 306720959
NORMAL PADDR: 0 VADDR: 0 PROW: 0 PBANK: 7 CYCLE: 306720959
PNORMAL PADDR: 0 VADDR: 0 PROW: 0 PBANK: 7 CYCLE: 306720959
NORMAL PADDR: 0 VADDR: 0 PROW: 0 PBANK: 8 CYCLE: 306720959
PNORMAL PADDR: 0 VADDR: 0 PROW: 0 PBANK: 8 CYCLE: 306720959
NORMAL PADDR: 0 VADDR: 0 PROW: 0 PBANK: 9 CYCLE: 306720959
PNORMAL PADDR: 0 VADDR: 0 PROW: 0 PBANK: 9 CYCLE: 306720959
NORMAL PADDR: 0 VADDR: 0 PROW: 0 PBANK: a CYCLE: 306720959
PNORMAL PADDR: 0 VADDR: 0 PROW: 0 PBANK: a CYCLE: 306720959
NORMAL PADDR: 0 VADDR: 0 PROW: 0 PBANK: b CYCLE: 306720959
PNORMAL PADDR: 0 VADDR: 0 PROW: 0 PBANK: b CYCLE: 306720959
NORMAL PADDR: 0 VADDR: 0 PROW: 0 PBANK: c CYCLE: 306720959
PNORMAL PADDR: 0 VADDR: 0 PROW: 0 PBANK: c CYCLE: 306720959
NORMAL PADDR: 0 VADDR: 0 PROW: 0 PBANK: d CYCLE: 306720959
PNORMAL PADDR: 0 VADDR: 0 PROW: 0 PBANK: d CYCLE: 306720959
NORMAL PADDR: 0 VADDR: 0 PROW: 0 PBANK: e CYCLE: 306720959
PNORMAL PADDR: 0 VADDR: 0 PROW: 0 PBANK: e CYCLE: 306720959
NORMAL PADDR: 0 VADDR: 0 PROW: 0 PBANK: f CYCLE: 306720959
PNORMAL PADDR: 0 VADDR: 0 PROW: 0 PBANK: f CYCLE: 306720959
NORMAL PADDR: 0 VADDR: 0 PROW: 1 PBANK: 0 CYCLE: 306720959
PNORMAL PADDR: 0 VADDR: 0 PROW: 1 PBANK: 0 CYCLE: 306720959
NORMAL PADDR: 0 VADDR: 0 PROW: 1 PBANK: 1 CYCLE: 306720959
PNORMAL PADDR: 0 VADDR: 0 PROW: 1 PBANK: 1 CYCLE: 306720959
NORMAL PADDR: 0 VADDR: 0 PROW: 1 PBANK: 2 CYCLE: 306720959
PNORMAL PADDR: 0 VADDR: 0 PROW: 1 PBANK: 2 CYCLE: 306720959
NORMAL PADDR: 0 VADDR: 0 PROW: 1 PBANK: 3 CYCLE: 306720959
PNORMAL PADDR: 0 VADDR: 0 PROW: 1 PBANK: 3 CYCLE: 306720959
NORMAL PADDR: 0 VADDR: 0 PROW: 1 PBANK: 4 CYCLE: 306720959
PNORMAL PADDR: 0 VADDR: 0 PROW: 1 PBANK: 4 CYCLE: 306720959
NORMAL PADDR: 0 VADDR: 0 PROW: 1 PBANK: 5 CYCLE: 306720959
PNORMAL PADDR: 0 VADDR: 0 PROW: 1 PBANK: 5 CYCLE: 306720959
NORMAL PADDR: 0 VADDR: 0 PROW: 1 PBANK: 6 CYCLE: 306720959
PNORMAL PADDR: 0 VADDR: 0 PROW: 1 PBANK: 6 CYCLE: 306720959
NORMAL PADDR: 0 VADDR: 0 PROW: 1 PBANK: 7 CYCLE: 306720959
PNORMAL PADDR: 0 VADDR: 0 PROW: 1 PBANK: 7 CYCLE: 306720959
NORMAL PADDR: 0 VADDR: 0 PROW: 1 PBANK: 8 CYCLE: 306720959
PNORMAL PADDR: 0 VADDR: 0 PROW: 1 PBANK: 8 CYCLE: 306720959
NORMAL PADDR: 0 VADDR: 0 PROW: 1 PBANK: 9 CYCLE: 306720959
PNORMAL PADDR: 0 VADDR: 0 PROW: 1 PBANK: 9 CYCLE: 306720959
NORMAL PADDR: 0 VADDR: 0 PROW: 1 PBANK: a CYCLE: 306720959
PNORMAL PADDR: 0 VADDR: 0 PROW: 1 PBANK: a CYCLE: 306720959
NORMAL PADDR: 0 VADDR: 0 PROW: 1 PBANK: b CYCLE: 306720959
PNORMAL PADDR: 0 VADDR: 0 PROW: 1 PBANK: b CYCLE: 306720959
NORMAL PADDR: 0 VADDR: 0 PROW: 1 PBANK: c CYCLE: 306720959
PNORMAL PADDR: 0 VADDR: 0 PROW: 1 PBANK: c CYCLE: 306720959
NORMAL PADDR: 0 VADDR: 0 PROW: 1 PBANK: d CYCLE: 306720959
PNORMAL PADDR: 0 VADDR: 0 PROW: 1 PBANK: d CYCLE: 306720959
NORMAL PADDR: 0 VADDR: 0 PROW: 1 PBANK: e CYCLE: 306720959
PNORMAL PADDR: 0 VADDR: 0 PROW: 1 PBANK: e CYCLE: 306720959
NORMAL PADDR: 0 VADDR: 0 PROW: 1 PBANK: f CYCLE: 306720959
PNORMAL PADDR: 135a8b VADDR: 0 PROW: 4 PBANK: c CYCLE: 12267
NORMAL PADDR: 0 VADDR: 0 PROW: 0 PBANK: 0 CYCLE: 12499
PNORMAL PADDR: 0 VADDR: 0 PROW: 0 PBANK: 0 CYCLE: 12499
NORMAL PADDR: 0 VADDR: 0 PROW: 0 PBANK: 1 CYCLE: 12499
PNORMAL PADDR: 0 VADDR: 0 PROW: 0 PBANK: 1 CYCLE: 12499
NORMAL PADDR: 0 VADDR: 0 PROW: 0 PBANK: 2 CYCLE: 12499
PNORMAL PADDR: 0 VADDR: 0 PROW: 0 PBANK: 2 CYCLE: 12499
NORMAL PADDR: 0 VADDR: 0 PROW: 0 PBANK: 3 CYCLE: 12499
PNORMAL PADDR: 0 VADDR: 0 PROW: 0 PBANK: 3 CYCLE: 12499
NORMAL PADDR: 0 VADDR: 0 PROW: 0 PBANK: 4 CYCLE: 12499
PNORMAL PADDR: 0 VADDR: 0 PROW: 0 PBANK: 4 CYCLE: 12499
NORMAL PADDR: 0 VADDR: 0 PROW: 0 PBANK: 5 CYCLE: 12499
PNORMAL PADDR: 0 VADDR: 0 PROW: 0 PBANK: 5 CYCLE: 12499
NORMAL PADDR: 0 VADDR: 0 PROW: 0 PBANK: 6 CYCLE: 12499
PNORMAL PADDR: 0 VADDR: 0 PROW: 0 PBANK: 6 CYCLE: 12499
NORMAL PADDR: 0 VADDR: 0 PROW: 0 PBANK: 7 CYCLE: 12499
PNORMAL PADDR: 0 VADDR: 0 PROW: 0 PBANK: 7 CYCLE: 12499
NORMAL PADDR: 0 VADDR: 0 PROW: 0 PBANK: 8 CYCLE: 12499
PNORMAL PADDR: 0 VADDR: 0 PROW: 0 PBANK: 8 CYCLE: 12499
NORMAL PADDR: 0 VADDR: 0 PROW: 0 PBANK: 9 CYCLE: 12499
PNORMAL PADDR: 0 VADDR: 0 PROW: 0 PBANK: 9 CYCLE: 12499
NORMAL PADDR: 0 VADDR: 0 PROW: 0 PBANK: a CYCLE: 12499
PNORMAL PADDR: 0 VADDR: 0 PROW: 0 PBANK: a CYCLE: 12499
NORMAL PADDR: 0 VADDR: 0 PROW: 0 PBANK: b CYCLE: 12499
PNORMAL PADDR: 0 VADDR: 0 PROW: 0 PBANK: b CYCLE: 12499
NORMAL PADDR: 0 VADDR: 0 PROW: 0 PBANK: c CYCLE: 12499
PNORMAL PADDR: 0 VADDR: 0 PROW: 0 PBANK: c CYCLE: 12499
NORMAL PADDR: 0 VADDR: 0 PROW: 0 PBANK: d CYCLE: 12499
PNORMAL PADDR: 0 VADDR: 0 PROW: 0 PBANK: d CYCLE: 12499
NORMAL PADDR: 0 VADDR: 0 PROW: 0 PBANK: e CYCLE: 12499
PNORMAL PADDR: 0 VADDR: 0 PROW: 0 PBANK: e CYCLE: 12499
NORMAL PADDR: 0 VADDR: 0 PROW: 0 PBANK: f CYCLE: 12499
PNORMAL PADDR: 0 VADDR: 0 PROW: 0 PBANK: f CYCLE: 12499
NORMAL PADDR: 0 VADDR: 0 PROW: 1 PBANK: 0 CYCLE: 12499
PNORMAL PADDR: 0 VADDR: 0 PROW: 1 PBANK: 0 CYCLE: 12499
NORMAL PADDR: 0 VADDR: 0 PROW: 1 PBANK: 1 CYCLE: 12499
PNORMAL PADDR: 0 VADDR: 0 PROW: 1 PBANK: 1 CYCLE: 12499
NORMAL PADDR: 0 VADDR: 0 PROW: 1 PBANK: 2 CYCLE: 12499
PNORMAL PADDR: 0 VADDR: 0 PROW: 1 PBANK: 2 CYCLE: 12499
NORMAL PADDR: 0 VADDR: 0 PROW: 1 PBANK: 3 CYCLE: 12499
PNORMAL PADDR: 0 VADDR: 0 PROW: 1 PBANK: 3 CYCLE: 12499
NORMAL PADDR: 0 VADDR: 0 PROW: 1 PBANK: 4 CYCLE: 12499
PNORMAL PADDR: 0 VADDR: 0 PROW: 1 PBANK: 4 CYCLE: 12499
NORMAL PADDR: 0 VADDR: 0 PROW: 1 PBANK: 5 CYCLE: 12499
PNORMAL PADDR: 0 VADDR: 0 PROW: 1 PBANK: 5 CYCLE: 12499
NORMAL PADDR: 0 VADDR: 0 PROW: 1 PBANK: 6 CYCLE: 12499
PNORMAL PADDR: 0 VADDR: 0 PROW: 1 PBANK: 6 CYCLE: 12499
NORMAL PADDR: 0 VADDR: 0 PROW: 1 PBANK: 7 CYCLE: 12499
PNORMAL PADDR: 0 VADDR: 0 PROW: 1 PBANK: 7 CYCLE: 12499
NORMAL PADDR: 0 VADDR: 0 PROW: 1 PBANK: 8 CYCLE: 12499
PNORMAL PADDR: 0 VADDR: 0 PROW: 1 PBANK: 8 CYCLE: 12499
NORMAL PADDR: 0 VADDR: 0 PROW: 1 PBANK: 9 CYCLE: 12499
PNORMAL PADDR: 0 VADDR: 0 PROW: 1 PBANK: 9 CYCLE: 12499
NORMAL PADDR: 0 VADDR: 0 PROW: 1 PBANK: a CYCLE: 12499
PNORMAL PADDR: 0 VADDR: 0 PROW: 1 PBANK: a CYCLE: 12499
NORMAL PADDR: 0 VADDR: 0 PROW: 1 PBANK: b CYCLE: 12499
PNORMAL PADDR: 0 VADDR: 0 PROW: 1 PBANK: b CYCLE: 12499
NORMAL PADDR: 0 VADDR: 0 PROW: 1 PBANK: c CYCLE: 12499
PNORMAL PADDR: 0 VADDR: 0 PROW: 1 PBANK: c CYCLE: 12499
NORMAL PADDR: 0 VADDR: 0 PROW: 1 PBANK: d CYCLE: 12499
PNORMAL PADDR: 0 VADDR: 0 PROW: 1 PBANK: d CYCLE: 12499
NORMAL PADDR: 0 VADDR: 0 PROW: 1 PBANK: e CYCLE: 12499
PNORMAL PADDR: 0 VADDR: 0 PROW: 1 PBANK: e CYCLE: 12499
NORMAL PADDR: 0 VADDR: 0 PROW: 1 PBANK: f CYCLE: 12499
PNORMAL PADDR: 0 VADDR: 0 PROW: 3 PBANK: f CYCLE: 12499
NORMAL PADDR: 0 VADDR: 0 PROW: 0 PBANK: 0 CYCLE: 12499
PNORMAL PADDR: 0 VADDR: 0 PROW: 0 PBANK: 0 CYCLE: 12499
NORMAL PADDR: 0 VADDR: 0 PROW: 0 PBANK: 1 CYCLE: 12499
PNORMAL PADDR: 0 VADDR: 0 PROW: 0 PBANK: 1 CYCLE: 12499
NORMAL PADDR: 0 VADDR: 0 PROW: 0 PBANK: 2 CYCLE: 12499
PNORMAL PADDR: 0 VADDR: 0 PROW: 0 PBANK: 2 CYCLE: 12499
NORMAL PADDR: 0 VADDR: 0 PROW: 0 PBANK: 3 CYCLE: 12499
PNORMAL PADDR: 0 VADDR: 0 PROW: 0 PBANK: 3 CYCLE: 12499
NORMAL PADDR: 0 VADDR: 0 PROW: 0 PBANK: 4 CYCLE: 12499
PNORMAL PADDR: 0 VADDR: 0 PROW: 0 PBANK: 4 CYCLE: 12499
NORMAL PADDR: 0 VADDR: 0 PROW: 0 PBANK: 5 CYCLE: 12499
PNORMAL PADDR: 0 VADDR: 0 PROW: 0 PBANK: 5 CYCLE: 12499
NORMAL PADDR: 0 VADDR: 0 PROW: 0 PBANK: 6 CYCLE: 12499
PNORMAL PADDR: 0 VADDR: 0 PROW: 0 PBANK: 6 CYCLE: 12499
NORMAL PADDR: 0 VADDR: 0 PROW: 0 PBANK: 7 CYCLE: 12499
PNORMAL PADDR: 0 VADDR: 0 PROW: 0 PBANK: 7 CYCLE: 12499
NORMAL PADDR: 0 VADDR: 0 PROW: 0 PBANK: 8 CYCLE: 12499
PNORMAL PADDR: 0 VADDR: 0 PROW: 0 PBANK: 8 CYCLE: 12499
NORMAL PADDR: 0 VADDR: 0 PROW: 0 PBANK: 9 CYCLE: 12499
PNORMAL PADDR: 0 VADDR: 0 PROW: 0 PBANK: 9 CYCLE: 12499
NORMAL PADDR: 0 VADDR: 0 PROW: 0 PBANK: a CYCLE: 12499
PNORMAL PADDR: 0 VADDR: 0 PROW: 0 PBANK: a CYCLE: 12499
NORMAL PADDR: 0 VADDR: 0 PROW: 0 PBANK: b CYCLE: 12499
PNORMAL PADDR: 0 VADDR: 0 PROW: 0 PBANK: b CYCLE: 12499
NORMAL PADDR: 0 VADDR: 0 PROW: 0 PBANK: c CYCLE: 12499
PNORMAL PADDR: 0 VADDR: 0 PROW: 0 PBANK: c CYCLE: 12499
NORMAL PADDR: 0 VADDR: 0 PROW: 0 PBANK: d CYCLE: 12499
PNORMAL PADDR: 0 VADDR: 0 PROW: 0 PBANK: d CYCLE: 12499
NORMAL PADDR: 0 VADDR: 0 PROW: 0 PBANK: e CYCLE: 12499
PNORMAL PADDR: 0 VADDR: 0 PROW: 0 PBANK: e CYCLE: 12499
NORMAL PADDR: 0 VADDR: 0 PROW: 0 PBANK: f CYCLE: 12499
PNORMAL PADDR: 0 VADDR: 0 PROW: 0 PBANK: f CYCLE: 12499
NORMAL PADDR: 0 VADDR: 0 PROW: 1 PBANK: 0 CYCLE: 12499
PNORMAL PADDR: 0 VADDR: 0 PROW: 1 PBANK: 0 CYCLE: 12499
NORMAL PADDR: 0 VADDR: 0 PROW: 1 PBANK: 1 CYCLE: 12499
PNORMAL PADDR: 0 VADDR: 0 PROW: 1 PBANK: 1 CYCLE: 12499
NORMAL PADDR: 0 VADDR: 0 PROW: 1 PBANK: 2 CYCLE: 12499
PNORMAL PADDR: 0 VADDR: 0 PROW: 1 PBANK: 2 CYCLE: 12499
NORMAL PADDR: 0 VADDR: 0 PROW: 1 PBANK: 3 CYCLE: 12499
PNORMAL PADDR: 0 VADDR: 0 PROW: 1 PBANK: 3 CYCLE: 12499
NORMAL PADDR: 0 VADDR: 0 PROW: 1 PBANK: 4 CYCLE: 12499
PNORMAL PADDR: 0 VADDR: 0 PROW: 1 PBANK: 4 CYCLE: 12499
NORMAL PADDR: 0 VADDR: 0 PROW: 1 PBANK: 5 CYCLE: 12499
PNORMAL PADDR: 0 VADDR: 0 PROW: 1 PBANK: 5 CYCLE: 12499
NORMAL PADDR: 0 VADDR: 0 PROW: 1 PBANK: 6 CYCLE: 12499
PNORMAL PADDR: 0 VADDR: 0 PROW: 1 PBANK: 6 CYCLE: 12499
NORMAL PADDR: 0 VADDR: 0 PROW: 1 PBANK: 7 CYCLE: 12499
PNORMAL PADDR: 0 VADDR: 0 PROW: 1 PBANK: 7 CYCLE: 12499
NORMAL PADDR: 0 VADDR: 0 PROW: 1 PBANK: 8 CYCLE: 12499
PNORMAL PADDR: 0 VADDR: 0 PROW: 1 PBANK: 8 CYCLE: 12499
NORMAL PADDR: 0 VADDR: 0 PROW: 1 PBANK: 9 CYCLE: 12499
PNORMAL PADDR: 0 VADDR: 0 PROW: 1 PBANK: 9 CYCLE: 12499
NORMAL PADDR: 0 VADDR: 0 PROW: 1 PBANK: a CYCLE: 12499
PNORMAL PADDR: 0 VADDR: 0 PROW: 1 PBANK: a CYCLE: 12499
NORMAL PADDR: 0 VADDR: 0 PROW: 1 PBANK: b CYCLE: 12499
PNORMAL PADDR: 0 VADDR: 0 PROW: 1 PBANK: b CYCLE: 12499
NORMAL PADDR: 0 VADDR: 0 PROW: 1 PBANK: c CYCLE: 12499
PNORMAL PADDR: 0 VADDR: 0 PROW: 1 PBANK: c CYCLE: 12499
NORMAL PADDR: 0 VADDR: 0 PROW: 1 PBANK: d CYCLE: 12499
PNORMAL PADDR: 0 VADDR: 0 PROW: 1 PBANK: d CYCLE: 12499
NORMAL PADDR: 0 VADDR: 0 PROW: 1 PBANK: e CYCLE: 12499
PNORMAL PADDR: 0 VADDR: 0 PROW: 1 PBANK: e CYCLE: 12499
NORMAL PADDR: 0 VADDR: 0 PROW: 1 PBANK: f CYCLE: 12499
PNORMAL PADDR: 0 VADDR: 0 PROW: 7ffe PBANK: f CYCLE: 102236179
NORMAL PADDR: 0 VADDR: 0 PROW: 7fff PBANK: 0 CYCLE: 102236179
PNORMAL PADDR: 0 VADDR: 0 PROW: 7fff PBANK: 0 CYCLE: 102236179
NORMAL PADDR: 0 VADDR: 0 PROW: 7fff PBANK: 1 CYCLE: 102236179
PNORMAL PADDR: 0 VADDR: 0 PROW: 7fff PBANK: 1 CYCLE: 102236179
NORMAL PADDR: 0 VADDR: 0 PROW: 7fff PBANK: 2 CYCLE: 102236179
PNORMAL PADDR: 0 VADDR: 0 PROW: 7fff PBANK: 2 CYCLE: 102236179
NORMAL PADDR: 0 VADDR: 0 PROW: 7fff PBANK: 3 CYCLE: 102236179
PNORMAL PADDR: 0 VADDR: 0 PROW: 7fff PBANK: 3 CYCLE: 102236179
NORMAL PADDR: 0 VADDR: 0 PROW: 7fff PBANK: 4 CYCLE: 102236179
PNORMAL PADDR: 0 VADDR: 0 PROW: 7fff PBANK: 4 CYCLE: 102236179
NORMAL PADDR: 0 VADDR: 0 PROW: 7fff PBANK: 5 CYCLE: 102236179
PNORMAL PADDR: 0 VADDR: 0 PROW: 7fff PBANK: 5 CYCLE: 102236179
NORMAL PADDR: 0 VADDR: 0 PROW: 7fff PBANK: 6 CYCLE: 102236179
PNORMAL PADDR: 0 VADDR: 0 PROW: 7fff PBANK: 6 CYCLE: 102236179
NORMAL PADDR: 0 VADDR: 0 PROW: 7fff PBANK: 7 CYCLE: 102236179
PNORMAL PADDR: 0 VADDR: 0 PROW: 7fff PBANK: 7 CYCLE: 102236179
NORMAL PADDR: 0 VADDR: 0 PROW: 7fff PBANK: 8 CYCLE: 102236179
PNORMAL PADDR: 0 VADDR: 0 PROW: 7fff PBANK: 8 CYCLE: 102236179
NORMAL PADDR: 0 VADDR: 0 PROW: 7fff PBANK: 9 CYCLE: 102236179
PNORMAL PADDR: 0 VADDR: 0 PROW: 7fff PBANK: 9 CYCLE: 102236179
NORMAL PADDR: 0 VADDR: 0 PROW: 7fff PBANK: a CYCLE: 102236179
PNORMAL PADDR: 0 VADDR: 0 PROW: 7fff PBANK: a CYCLE: 102236179
NORMAL PADDR: 0 VADDR: 0 PROW: 7fff PBANK: b CYCLE: 102236179
PNORMAL PADDR: 0 VADDR: 0 PROW: 7fff PBANK: b CYCLE: 102236179
NORMAL PADDR: 0 VADDR: 0 PROW: 7fff PBANK: c CYCLE: 102236179
PNORMAL PADDR: 0 VADDR: 0 PROW: 7fff PBANK: c CYCLE: 102236179
NORMAL PADDR: 0 VADDR: 0 PROW: 7fff PBANK: d CYCLE: 102236179
PNORMAL PADDR: 0 VADDR: 0 PROW: 7fff PBANK: d CYCLE: 102236179
NORMAL PADDR: 0 VADDR: 0 PROW: 7fff PBANK: e CYCLE: 102236179
PNORMAL PADDR: 0 VADDR: 0 PROW: 7fff PBANK: e CYCLE: 102236179
NORMAL PADDR: 0 VADDR: 0 PROW: 7fff PBANK: f CYCLE: 102236179
PNORMAL PADDR: 0 VADDR: 0 PROW: 7ffe PBANK: f CYCLE: 102236179
NORMAL PADDR: 0 VADDR: 0 PROW: 7fff PBANK: 0 CYCLE: 102236179
PNORMAL PADDR: 0 VADDR: 0 PROW: 7fff PBANK: 0 CYCLE: 102236179
NORMAL PADDR: 0 VADDR: 0 PROW: 7fff PBANK: 1 CYCLE: 102236179
PNORMAL PADDR: 0 VADDR: 0 PROW: 7fff PBANK: 1 CYCLE: 102236179
NORMAL PADDR: 0 VADDR: 0 PROW: 7fff PBANK: 2 CYCLE: 102236179
PNORMAL PADDR: 0 VADDR: 0 PROW: 7fff PBANK: 2 CYCLE: 102236179
NORMAL PADDR: 0 VADDR: 0 PROW: 7fff PBANK: 3 CYCLE: 102236179
PNORMAL PADDR: 0 VADDR: 0 PROW: 7fff PBANK: 3 CYCLE: 102236179
NORMAL PADDR: 0 VADDR: 0 PROW: 7fff PBANK: 4 CYCLE: 102236179
PNORMAL PADDR: 0 VADDR: 0 PROW: 7fff PBANK: 4 CYCLE: 102236179
NORMAL PADDR: 0 VADDR: 0 PROW: 7fff PBANK: 5 CYCLE: 102236179
PNORMAL PADDR: 0 VADDR: 0 PROW: 7fff PBANK: 5 CYCLE: 102236179
NORMAL PADDR: 0 VADDR: 0 PROW: 7fff PBANK: 6 CYCLE: 102236179
PNORMAL PADDR: 0 VADDR: 0 PROW: 7fff PBANK: 6 CYCLE: 102236179
NORMAL PADDR: 0 VADDR: 0 PROW: 7fff PBANK: 7 CYCLE: 102236179
PNORMAL PADDR: 0 VADDR: 0 PROW: 7fff PBANK: 7 CYCLE: 102236179
NORMAL PADDR: 0 VADDR: 0 PROW: 7fff PBANK: 8 CYCLE: 102236179
PNORMAL PADDR: 0 VADDR: 0 PROW: 7fff PBANK: 8 CYCLE: 102236179
NORMAL PADDR: 0 VADDR: 0 PROW: 7fff PBANK: 9 CYCLE: 102236179
PNORMAL PADDR: 0 VADDR: 0 PROW: 7fff PBANK: 9 CYCLE: 102236179
NORMAL PADDR: 0 VADDR: 0 PROW: 7fff PBANK: a CYCLE: 102236179
PNORMAL PADDR: 0 VADDR: 0 PROW: 7fff PBANK: a CYCLE: 102236179
NORMAL PADDR: 0 VADDR: 0 PROW: 7fff PBANK: b CYCLE: 102236179
PNORMAL PADDR: 0 VADDR: 0 PROW: 7fff PBANK: b CYCLE: 102236179
NORMAL PADDR: 0 VADDR: 0 PROW: 7fff PBANK: c CYCLE: 102236179
PNORMAL PADDR: 0 VADDR: 0 PROW: 7fff PBANK: c CYCLE: 102236179
NORMAL PADDR: 0 VADDR: 0 PROW: 7fff PBANK: d CYCLE: 102236179
PNORMAL PADDR: 0 VADDR: 0 PROW: 7fff PBANK: d CYCLE: 102236179
NORMAL PADDR: 0 VADDR: 0 PROW: 7fff PBANK: e CYCLE: 102236179
PNORMAL PADDR: 0 VADDR: 0 PROW: 7fff PBANK: e CYCLE: 102236179
NORMAL PADDR: 0 VADDR: 0 PROW: 7fff PBANK: f CYCLE: 102236179
PPREFETCH PADDR: 6614100 VADDR: 0 PROW: 198 PBANK: 4 CYCLE: 102248509
NORMAL PADDR: 0 VADDR: 0 PROW: 0 PBANK: 0 CYCLE: 102248659
PNORMAL PADDR: 0 VADDR: 0 PROW: 0 PBANK: 0 CYCLE: 102248659
NORMAL PADDR: 0 VADDR: 0 PROW: 0 PBANK: 1 CYCLE: 102248659
PNORMAL PADDR: 0 VADDR: 0 PROW: 0 PBANK: 1 CYCLE: 102248659
NORMAL PADDR: 0 VADDR: 0 PROW: 0 PBANK: 2 CYCLE: 102248659
PNORMAL PADDR: 0 VADDR: 0 PROW: 0 PBANK: 2 CYCLE: 102248659
NORMAL PADDR: 0 VADDR: 0 PROW: 0 PBANK: 3 CYCLE: 102248659
PNORMAL PADDR: 0 VADDR: 0 PROW: 0 PBANK: 3 CYCLE: 102248659
NORMAL PADDR: 0 VADDR: 0 PROW: 0 PBANK: 4 CYCLE: 102248659
PNORMAL PADDR: 0 VADDR: 0 PROW: 0 PBANK: 4 CYCLE: 102248659
NORMAL PADDR: 0 VADDR: 0 PROW: 0 PBANK: 5 CYCLE: 102248659
PNORMAL PADDR: 0 VADDR: 0 PROW: 0 PBANK: 5 CYCLE: 102248659
NORMAL PADDR: 0 VADDR: 0 PROW: 0 PBANK: 6 CYCLE: 102248659
PNORMAL PADDR: 0 VADDR: 0 PROW: 0 PBANK: 6 CYCLE: 102248659
NORMAL PADDR: 0 VADDR: 0 PROW: 0 PBANK: 7 CYCLE: 102248659
PNORMAL PADDR: 0 VADDR: 0 PROW: 0 PBANK: 7 CYCLE: 102248659
NORMAL PADDR: 0 VADDR: 0 PROW: 0 PBANK: 8 CYCLE: 102248659
PNORMAL PADDR: 0 VADDR: 0 PROW: 0 PBANK: 8 CYCLE: 102248659
NORMAL PADDR: 0 VADDR: 0 PROW: 0 PBANK: 9 CYCLE: 102248659
PNORMAL PADDR: 0 VADDR: 0 PROW: 0 PBANK: 9 CYCLE: 102248659
NORMAL PADDR: 0 VADDR: 0 PROW: 0 PBANK: a CYCLE: 102248659
PNORMAL PADDR: 0 VADDR: 0 PROW: 0 PBANK: a CYCLE: 102248659
NORMAL PADDR: 0 VADDR: 0 PROW: 0 PBANK: b CYCLE: 102248659
PNORMAL PADDR: 0 VADDR: 0 PROW: 0 PBANK: b CYCLE: 102248659
NORMAL PADDR: 0 VADDR: 0 PROW: 0 PBANK: c CYCLE: 102248659
PNORMAL PADDR: 0 VADDR: 0 PROW: 0 PBANK: c CYCLE: 102248659
NORMAL PADDR: 0 VADDR: 0 PROW: 0 PBANK: d CYCLE: 102248659
PNORMAL PADDR: 0 VADDR: 0 PROW: 0 PBANK: d CYCLE: 102248659
NORMAL PADDR: 0 VADDR: 0 PROW: 0 PBANK: e CYCLE: 102248659
PNORMAL PADDR: 0 VADDR: 0 PROW: 0 PBANK: e CYCLE: 102248659
NORMAL PADDR: 0 VADDR: 0 PROW: 0 PBANK: f CYCLE: 102248659
PNORMAL PADDR: 0 VADDR: 0 PROW: 0 PBANK: f CYCLE: 102248659
NORMAL PADDR: 0 VADDR: 0 PROW: 1 PBANK: 0 CYCLE: 102248659
PNORMAL PADDR: 0 VADDR: 0 PROW: 1 PBANK: 0 CYCLE: 102248659
NORMAL PADDR: 0 VADDR: 0 PROW: 1 PBANK: 1 CYCLE: 102248659
PNORMAL PADDR: 0 VADDR: 0 PROW: 1 PBANK: 1 CYCLE: 102248659
NORMAL PADDR: 0 VADDR: 0 PROW: 1 PBANK: 2 CYCLE: 102248659
PNORMAL PADDR: 0 VADDR: 0 PROW: 1 PBANK: 2 CYCLE: 102248659
NORMAL PADDR: 0 VADDR: 0 PROW: 1 PBANK: 3 CYCLE: 102248659
PNORMAL PADDR: 0 VADDR: 0 PROW: 1 PBANK: 3 CYCLE: 102248659
NORMAL PADDR: 0 VADDR: 0 PROW: 1 PBANK: 4 CYCLE: 102248659
PNORMAL PADDR: 0 VADDR: 0 PROW: 1 PBANK: 4 CYCLE: 102248659
NORMAL PADDR: 0 VADDR: 0 PROW: 1 PBANK: 5 CYCLE: 102248659
PNORMAL PADDR: 0 VADDR: 0 PROW: 1 PBANK: 5 CYCLE: 102248659
NORMAL PADDR: 0 VADDR: 0 PROW: 1 PBANK: 6 CYCLE: 102248659
PNORMAL PADDR: 0 VADDR: 0 PROW: 1 PBANK: 6 CYCLE: 102248659
NORMAL PADDR: 0 VADDR: 0 PROW: 1 PBANK: 7 CYCLE: 102248659
PNORMAL PADDR: 0 VADDR: 0 PROW: 1 PBANK: 7 CYCLE: 102248659
NORMAL PADDR: 0 VADDR: 0 PROW: 1 PBANK: 8 CYCLE: 102248659
PNORMAL PADDR: 0 VADDR: 0 PROW: 1 PBANK: 8 CYCLE: 102248659
NORMAL PADDR: 0 VADDR: 0 PROW: 1 PBANK: 9 CYCLE: 102248659
PNORMAL PADDR: 0 VADDR: 0 PROW: 1 PBANK: 9 CYCLE: 102248659
NORMAL PADDR: 0 VADDR: 0 PROW: 1 PBANK: a CYCLE: 102248659
PNORMAL PADDR: 0 VADDR: 0 PROW: 1 PBANK: a CYCLE: 102248659
NORMAL PADDR: 0 VADDR: 0 PROW: 1 PBANK: b CYCLE: 102248659
PNORMAL PADDR: 0 VADDR: 0 PROW: 1 PBANK: b CYCLE: 102248659
NORMAL PADDR: 0 VADDR: 0 PROW: 1 PBANK: c CYCLE: 102248659
PNORMAL PADDR: 0 VADDR: 0 PROW: 1 PBANK: c CYCLE: 102248659
NORMAL PADDR: 0 VADDR: 0 PROW: 1 PBANK: d CYCLE: 102248659
PNORMAL PADDR: 0 VADDR: 0 PROW: 1 PBANK: d CYCLE: 102248659
NORMAL PADDR: 0 VADDR: 0 PROW: 1 PBANK: e CYCLE: 102248659
PNORMAL PADDR: 0 VADDR: 0 PROW: 1 PBANK: e CYCLE: 102248659
NORMAL PADDR: 0 VADDR: 0 PROW: 1 PBANK: f CYCLE: 102248659
PNORMAL PADDR: 0 VADDR: 0 PROW: 3 PBANK: f CYCLE: 102248659
NORMAL PADDR: 0 VADDR: 0 PROW: 0 PBANK: 0 CYCLE: 102248659
PNORMAL PADDR: 0 VADDR: 0 PROW: 0 PBANK: 0 CYCLE: 102248659
NORMAL PADDR: 0 VADDR: 0 PROW: 0 PBANK: 1 CYCLE: 102248659
PNORMAL PADDR: 0 VADDR: 0 PROW: 0 PBANK: 1 CYCLE: 102248659
NORMAL PADDR: 0 VADDR: 0 PROW: 0 PBANK: 2 CYCLE: 102248659
PNORMAL PADDR: 0 VADDR: 0 PROW: 0 PBANK: 2 CYCLE: 102248659
NORMAL PADDR: 0 VADDR: 0 PROW: 0 PBANK: 3 CYCLE: 102248659
PNORMAL PADDR: 0 VADDR: 0 PROW: 0 PBANK: 3 CYCLE: 102248659
NORMAL PADDR: 0 VADDR: 0 PROW: 0 PBANK: 4 CYCLE: 102248659
PNORMAL PADDR: 0 VADDR: 0 PROW: 0 PBANK: 4 CYCLE: 102248659
NORMAL PADDR: 0 VADDR: 0 PROW: 0 PBANK: 5 CYCLE: 102248659
PNORMAL PADDR: 0 VADDR: 0 PROW: 0 PBANK: 5 CYCLE: 102248659
NORMAL PADDR: 0 VADDR: 0 PROW: 0 PBANK: 6 CYCLE: 102248659
PNORMAL PADDR: 0 VADDR: 0 PROW: 0 PBANK: 6 CYCLE: 102248659
NORMAL PADDR: 0 VADDR: 0 PROW: 0 PBANK: 7 CYCLE: 102248659
PNORMAL PADDR: 0 VADDR: 0 PROW: 0 PBANK: 7 CYCLE: 102248659
NORMAL PADDR: 0 VADDR: 0 PROW: 0 PBANK: 8 CYCLE: 102248659
PNORMAL PADDR: 0 VADDR: 0 PROW: 0 PBANK: 8 CYCLE: 102248659
NORMAL PADDR: 0 VADDR: 0 PROW: 0 PBANK: 9 CYCLE: 102248659
PNORMAL PADDR: 0 VADDR: 0 PROW: 0 PBANK: 9 CYCLE: 102248659
NORMAL PADDR: 0 VADDR: 0 PROW: 0 PBANK: a CYCLE: 102248659
PNORMAL PADDR: 0 VADDR: 0 PROW: 0 PBANK: a CYCLE: 102248659
NORMAL PADDR: 0 VADDR: 0 PROW: 0 PBANK: b CYCLE: 102248659
PNORMAL PADDR: 0 VADDR: 0 PROW: 0 PBANK: b CYCLE: 102248659
NORMAL PADDR: 0 VADDR: 0 PROW: 0 PBANK: c CYCLE: 102248659
PNORMAL PADDR: 0 VADDR: 0 PROW: 0 PBANK: c CYCLE: 102248659
NORMAL PADDR: 0 VADDR: 0 PROW: 0 PBANK: d CYCLE: 102248659
PNORMAL PADDR: 0 VADDR: 0 PROW: 0 PBANK: d CYCLE: 102248659
NORMAL PADDR: 0 VADDR: 0 PROW: 0 PBANK: e CYCLE: 102248659
PNORMAL PADDR: 0 VADDR: 0 PROW: 0 PBANK: e CYCLE: 102248659
NORMAL PADDR: 0 VADDR: 0 PROW: 0 PBANK: f CYCLE: 102248659
PNORMAL PADDR: 0 VADDR: 0 PROW: 0 PBANK: f CYCLE: 102248659
NORMAL PADDR: 0 VADDR: 0 PROW: 1 PBANK: 0 CYCLE: 102248659
PNORMAL PADDR: 0 VADDR: 0 PROW: 1 PBANK: 0 CYCLE: 102248659
NORMAL PADDR: 0 VADDR: 0 PROW: 1 PBANK: 1 CYCLE: 102248659
PNORMAL PADDR: 0 VADDR: 0 PROW: 1 PBANK: 1 CYCLE: 102248659
NORMAL PADDR: 0 VADDR: 0 PROW: 1 PBANK: 2 CYCLE: 102248659
PNORMAL PADDR: 0 VADDR: 0 PROW: 1 PBANK: 2 CYCLE: 102248659
NORMAL PADDR: 0 VADDR: 0 PROW: 1 PBANK: 3 CYCLE: 102248659
PNORMAL PADDR: 0 VADDR: 0 PROW: 1 PBANK: 3 CYCLE: 102248659
NORMAL PADDR: 0 VADDR: 0 PROW: 1 PBANK: 4 CYCLE: 102248659
PNORMAL PADDR: 0 VADDR: 0 PROW: 1 PBANK: 4 CYCLE: 102248659
NORMAL PADDR: 0 VADDR: 0 PROW: 1 PBANK: 5 CYCLE: 102248659
PNORMAL PADDR: 0 VADDR: 0 PROW: 1 PBANK: 5 CYCLE: 102248659
NORMAL PADDR: 0 VADDR: 0 PROW: 1 PBANK: 6 CYCLE: 102248659
PNORMAL PADDR: 0 VADDR: 0 PROW: 1 PBANK: 6 CYCLE: 102248659
NORMAL PADDR: 0 VADDR: 0 PROW: 1 PBANK: 7 CYCLE: 102248659
PNORMAL PADDR: 0 VADDR: 0 PROW: 1 PBANK: 7 CYCLE: 102248659
NORMAL PADDR: 0 VADDR: 0 PROW: 1 PBANK: 8 CYCLE: 102248659
PNORMAL PADDR: 0 VADDR: 0 PROW: 1 PBANK: 8 CYCLE: 102248659
NORMAL PADDR: 0 VADDR: 0 PROW: 1 PBANK: 9 CYCLE: 102248659
PNORMAL PADDR: 0 VADDR: 0 PROW: 1 PBANK: 9 CYCLE: 102248659
NORMAL PADDR: 0 VADDR: 0 PROW: 1 PBANK: a CYCLE: 102248659
PNORMAL PADDR: 0 VADDR: 0 PROW: 1 PBANK: a CYCLE: 102248659
NORMAL PADDR: 0 VADDR: 0 PROW: 1 PBANK: b CYCLE: 102248659
PNORMAL PADDR: 0 VADDR: 0 PROW: 1 PBANK: b CYCLE: 102248659
NORMAL PADDR: 0 VADDR: 0 PROW: 1 PBANK: c CYCLE: 102248659
PNORMAL PADDR: 0 VADDR: 0 PROW: 1 PBANK: c CYCLE: 102248659
NORMAL PADDR: 0 VADDR: 0 PROW: 1 PBANK: d CYCLE: 102248659
PNORMAL PADDR: 0 VADDR: 0 PROW: 1 PBANK: d CYCLE: 102248659
NORMAL PADDR: 0 VADDR: 0 PROW: 1 PBANK: e CYCLE: 102248659
PNORMAL PADDR: 0 VADDR: 0 PROW: 1 PBANK: e CYCLE: 102248659
NORMAL PADDR: 0 VADDR: 0 PROW: 1 PBANK: f CYCLE: 102248659
PNORMAL PADDR: 0 VADDR: 0 PROW: 7ffe PBANK: f CYCLE: 204472339
NORMAL PADDR: 0 VADDR: 0 PROW: 7fff PBANK: 0 CYCLE: 204472339
PNORMAL PADDR: 0 VADDR: 0 PROW: 7fff PBANK: 0 CYCLE: 204472339
NORMAL PADDR: 0 VADDR: 0 PROW: 7fff PBANK: 1 CYCLE: 204472339
PNORMAL PADDR: 0 VADDR: 0 PROW: 7fff PBANK: 1 CYCLE: 204472339
NORMAL PADDR: 0 VADDR: 0 PROW: 7fff PBANK: 2 CYCLE: 204472339
PNORMAL PADDR: 0 VADDR: 0 PROW: 7fff PBANK: 2 CYCLE: 204472339
NORMAL PADDR: 0 VADDR: 0 PROW: 7fff PBANK: 3 CYCLE: 204472339
PNORMAL PADDR: 0 VADDR: 0 PROW: 7fff PBANK: 3 CYCLE: 204472339
NORMAL PADDR: 0 VADDR: 0 PROW: 7fff PBANK: 4 CYCLE: 204472339
PNORMAL PADDR: 0 VADDR: 0 PROW: 7fff PBANK: 4 CYCLE: 204472339
NORMAL PADDR: 0 VADDR: 0 PROW: 7fff PBANK: 5 CYCLE: 204472339
PNORMAL PADDR: 0 VADDR: 0 PROW: 7fff PBANK: 5 CYCLE: 204472339
NORMAL PADDR: 0 VADDR: 0 PROW: 7fff PBANK: 6 CYCLE: 204472339
PNORMAL PADDR: 0 VADDR: 0 PROW: 7fff PBANK: 6 CYCLE: 204472339
NORMAL PADDR: 0 VADDR: 0 PROW: 7fff PBANK: 7 CYCLE: 204472339
PNORMAL PADDR: 0 VADDR: 0 PROW: 7fff PBANK: 7 CYCLE: 204472339
NORMAL PADDR: 0 VADDR: 0 PROW: 7fff PBANK: 8 CYCLE: 204472339
PNORMAL PADDR: 0 VADDR: 0 PROW: 7fff PBANK: 8 CYCLE: 204472339
NORMAL PADDR: 0 VADDR: 0 PROW: 7fff PBANK: 9 CYCLE: 204472339
PNORMAL PADDR: 0 VADDR: 0 PROW: 7fff PBANK: 9 CYCLE: 204472339
NORMAL PADDR: 0 VADDR: 0 PROW: 7fff PBANK: a CYCLE: 204472339
PNORMAL PADDR: 0 VADDR: 0 PROW: 7fff PBANK: a CYCLE: 204472339
NORMAL PADDR: 0 VADDR: 0 PROW: 7fff PBANK: b CYCLE: 204472339
PNORMAL PADDR: 0 VADDR: 0 PROW: 7fff PBANK: b CYCLE: 204472339
NORMAL PADDR: 0 VADDR: 0 PROW: 7fff PBANK: c CYCLE: 204472339
PNORMAL PADDR: 0 VADDR: 0 PROW: 7fff PBANK: c CYCLE: 204472339
NORMAL PADDR: 0 VADDR: 0 PROW: 7fff PBANK: d CYCLE: 204472339
PNORMAL PADDR: 0 VADDR: 0 PROW: 7fff PBANK: d CYCLE: 204472339
NORMAL PADDR: 0 VADDR: 0 PROW: 7fff PBANK: e CYCLE: 204472339
PNORMAL PADDR: 0 VADDR: 0 PROW: 7fff PBANK: e CYCLE: 204472339
NORMAL PADDR: 0 VADDR: 0 PROW: 7fff PBANK: f CYCLE: 204472339
PNORMAL PADDR: 0 VADDR: 0 PROW: 7ffe PBANK: f CYCLE: 204472339
NORMAL PADDR: 0 VADDR: 0 PROW: 7fff PBANK: 0 CYCLE: 204472339
PNORMAL PADDR: 0 VADDR: 0 PROW: 7fff PBANK: 0 CYCLE: 204472339
NORMAL PADDR: 0 VADDR: 0 PROW: 7fff PBANK: 1 CYCLE: 204472339
PNORMAL PADDR: 0 VADDR: 0 PROW: 7fff PBANK: 1 CYCLE: 204472339
NORMAL PADDR: 0 VADDR: 0 PROW: 7fff PBANK: 2 CYCLE: 204472339
PNORMAL PADDR: 0 VADDR: 0 PROW: 7fff PBANK: 2 CYCLE: 204472339
NORMAL PADDR: 0 VADDR: 0 PROW: 7fff PBANK: 3 CYCLE: 204472339
PNORMAL PADDR: 0 VADDR: 0 PROW: 7fff PBANK: 3 CYCLE: 204472339
NORMAL PADDR: 0 VADDR: 0 PROW: 7fff PBANK: 4 CYCLE: 204472339
PNORMAL PADDR: 0 VADDR: 0 PROW: 7fff PBANK: 4 CYCLE: 204472339
NORMAL PADDR: 0 VADDR: 0 PROW: 7fff PBANK: 5 CYCLE: 204472339
PNORMAL PADDR: 0 VADDR: 0 PROW: 7fff PBANK: 5 CYCLE: 204472339
NORMAL PADDR: 0 VADDR: 0 PROW: 7fff PBANK: 6 CYCLE: 204472339
PNORMAL PADDR: 0 VADDR: 0 PROW: 7fff PBANK: 6 CYCLE: 204472339
NORMAL PADDR: 0 VADDR: 0 PROW: 7fff PBANK: 7 CYCLE: 204472339
PNORMAL PADDR: 0 VADDR: 0 PROW: 7fff PBANK: 7 CYCLE: 204472339
NORMAL PADDR: 0 VADDR: 0 PROW: 7fff PBANK: 8 CYCLE: 204472339
PNORMAL PADDR: 0 VADDR: 0 PROW: 7fff PBANK: 8 CYCLE: 204472339
NORMAL PADDR: 0 VADDR: 0 PROW: 7fff PBANK: 9 CYCLE: 204472339
PNORMAL PADDR: 0 VADDR: 0 PROW: 7fff PBANK: 9 CYCLE: 204472339
NORMAL PADDR: 0 VADDR: 0 PROW: 7fff PBANK: a CYCLE: 204472339
PNORMAL PADDR: 0 VADDR: 0 PROW: 7fff PBANK: a CYCLE: 204472339
NORMAL PADDR: 0 VADDR: 0 PROW: 7fff PBANK: b CYCLE: 204472339
PNORMAL PADDR: 0 VADDR: 0 PROW: 7fff PBANK: b CYCLE: 204472339
NORMAL PADDR: 0 VADDR: 0 PROW: 7fff PBANK: c CYCLE: 204472339
PNORMAL PADDR: 0 VADDR: 0 PROW: 7fff PBANK: c CYCLE: 204472339
NORMAL PADDR: 0 VADDR: 0 PROW: 7fff PBANK: d CYCLE: 204472339
PNORMAL PADDR: 0 VADDR: 0 PROW: 7fff PBANK: d CYCLE: 204472339
NORMAL PADDR: 0 VADDR: 0 PROW: 7fff PBANK: e CYCLE: 204472339
PNORMAL PADDR: 0 VADDR: 0 PROW: 7fff PBANK: e CYCLE: 204472339
NORMAL PADDR: 0 VADDR: 0 PROW: 7fff PBANK: f CYCLE: 204472339
PPREFETCH PADDR: d72f380 VADDR: 0 PROW: 35c PBANK: a CYCLE: 204484682
NORMAL PADDR: 0 VADDR: 0 PROW: 0 PBANK: 0 CYCLE: 204484819
PNORMAL PADDR: 0 VADDR: 0 PROW: 0 PBANK: 0 CYCLE: 204484819
NORMAL PADDR: 0 VADDR: 0 PROW: 0 PBANK: 1 CYCLE: 204484819
PNORMAL PADDR: 0 VADDR: 0 PROW: 0 PBANK: 1 CYCLE: 204484819
NORMAL PADDR: 0 VADDR: 0 PROW: 0 PBANK: 2 CYCLE: 204484819
PNORMAL PADDR: 0 VADDR: 0 PROW: 0 PBANK: 2 CYCLE: 204484819
NORMAL PADDR: 0 VADDR: 0 PROW: 0 PBANK: 3 CYCLE: 204484819
PNORMAL PADDR: 0 VADDR: 0 PROW: 0 PBANK: 3 CYCLE: 204484819
NORMAL PADDR: 0 VADDR: 0 PROW: 0 PBANK: 4 CYCLE: 204484819
PNORMAL PADDR: 0 VADDR: 0 PROW: 0 PBANK: 4 CYCLE: 204484819
NORMAL PADDR: 0 VADDR: 0 PROW: 0 PBANK: 5 CYCLE: 204484819
PNORMAL PADDR: 0 VADDR: 0 PROW: 0 PBANK: 5 CYCLE: 204484819
NORMAL PADDR: 0 VADDR: 0 PROW: 0 PBANK: 6 CYCLE: 204484819
PNORMAL PADDR: 0 VADDR: 0 PROW: 0 PBANK: 6 CYCLE: 204484819
NORMAL PADDR: 0 VADDR: 0 PROW: 0 PBANK: 7 CYCLE: 204484819
PNORMAL PADDR: 0 VADDR: 0 PROW: 0 PBANK: 7 CYCLE: 204484819
NORMAL PADDR: 0 VADDR: 0 PROW: 0 PBANK: 8 CYCLE: 204484819
PNORMAL PADDR: 0 VADDR: 0 PROW: 0 PBANK: 8 CYCLE: 204484819
NORMAL PADDR: 0 VADDR: 0 PROW: 0 PBANK: 9 CYCLE: 204484819
PNORMAL PADDR: 0 VADDR: 0 PROW: 0 PBANK: 9 CYCLE: 204484819
NORMAL PADDR: 0 VADDR: 0 PROW: 0 PBANK: a CYCLE: 204484819
PNORMAL PADDR: 0 VADDR: 0 PROW: 0 PBANK: a CYCLE: 204484819
NORMAL PADDR: 0 VADDR: 0 PROW: 0 PBANK: b CYCLE: 204484819
PNORMAL PADDR: 0 VADDR: 0 PROW: 0 PBANK: b CYCLE: 204484819
NORMAL PADDR: 0 VADDR: 0 PROW: 0 PBANK: c CYCLE: 204484819
PNORMAL PADDR: 0 VADDR: 0 PROW: 0 PBANK: c CYCLE: 204484819
NORMAL PADDR: 0 VADDR: 0 PROW: 0 PBANK: d CYCLE: 204484819
PNORMAL PADDR: 0 VADDR: 0 PROW: 0 PBANK: d CYCLE: 204484819
NORMAL PADDR: 0 VADDR: 0 PROW: 0 PBANK: e CYCLE: 204484819
PNORMAL PADDR: 0 VADDR: 0 PROW: 0 PBANK: e CYCLE: 204484819
NORMAL PADDR: 0 VADDR: 0 PROW: 0 PBANK: f CYCLE: 204484819
PNORMAL PADDR: 0 VADDR: 0 PROW: 0 PBANK: f CYCLE: 204484819
NORMAL PADDR: 0 VADDR: 0 PROW: 1 PBANK: 0 CYCLE: 204484819
PNORMAL PADDR: 0 VADDR: 0 PROW: 1 PBANK: 0 CYCLE: 204484819
NORMAL PADDR: 0 VADDR: 0 PROW: 1 PBANK: 1 CYCLE: 204484819
PNORMAL PADDR: 0 VADDR: 0 PROW: 1 PBANK: 1 CYCLE: 204484819
NORMAL PADDR: 0 VADDR: 0 PROW: 1 PBANK: 2 CYCLE: 204484819
PNORMAL PADDR: 0 VADDR: 0 PROW: 1 PBANK: 2 CYCLE: 204484819
NORMAL PADDR: 0 VADDR: 0 PROW: 1 PBANK: 3 CYCLE: 204484819
PNORMAL PADDR: 0 VADDR: 0 PROW: 1 PBANK: 3 CYCLE: 204484819
NORMAL PADDR: 0 VADDR: 0 PROW: 1 PBANK: 4 CYCLE: 204484819
PNORMAL PADDR: 0 VADDR: 0 PROW: 1 PBANK: 4 CYCLE: 204484819
NORMAL PADDR: 0 VADDR: 0 PROW: 1 PBANK: 5 CYCLE: 204484819
PNORMAL PADDR: 0 VADDR: 0 PROW: 1 PBANK: 5 CYCLE: 204484819
NORMAL PADDR: 0 VADDR: 0 PROW: 1 PBANK: 6 CYCLE: 204484819
PNORMAL PADDR: 0 VADDR: 0 PROW: 1 PBANK: 6 CYCLE: 204484819
NORMAL PADDR: 0 VADDR: 0 PROW: 1 PBANK: 7 CYCLE: 204484819
PNORMAL PADDR: 0 VADDR: 0 PROW: 1 PBANK: 7 CYCLE: 204484819
NORMAL PADDR: 0 VADDR: 0 PROW: 1 PBANK: 8 CYCLE: 204484819
PNORMAL PADDR: 0 VADDR: 0 PROW: 1 PBANK: 8 CYCLE: 204484819
NORMAL PADDR: 0 VADDR: 0 PROW: 1 PBANK: 9 CYCLE: 204484819
PNORMAL PADDR: 0 VADDR: 0 PROW: 1 PBANK: 9 CYCLE: 204484819
NORMAL PADDR: 0 VADDR: 0 PROW: 1 PBANK: a CYCLE: 204484819
PNORMAL PADDR: 0 VADDR: 0 PROW: 1 PBANK: a CYCLE: 204484819
NORMAL PADDR: 0 VADDR: 0 PROW: 1 PBANK: b CYCLE: 204484819
PNORMAL PADDR: 0 VADDR: 0 PROW: 1 PBANK: b CYCLE: 204484819
NORMAL PADDR: 0 VADDR: 0 PROW: 1 PBANK: c CYCLE: 204484819
PNORMAL PADDR: 0 VADDR: 0 PROW: 1 PBANK: c CYCLE: 204484819
NORMAL PADDR: 0 VADDR: 0 PROW: 1 PBANK: d CYCLE: 204484819
PNORMAL PADDR: 0 VADDR: 0 PROW: 1 PBANK: d CYCLE: 204484819
NORMAL PADDR: 0 VADDR: 0 PROW: 1 PBANK: e CYCLE: 204484819
PNORMAL PADDR: 0 VADDR: 0 PROW: 1 PBANK: e CYCLE: 204484819
NORMAL PADDR: 0 VADDR: 0 PROW: 1 PBANK: f CYCLE: 204484819
PNORMAL PADDR: 0 VADDR: 0 PROW: 3 PBANK: f CYCLE: 204484819
NORMAL PADDR: 0 VADDR: 0 PROW: 0 PBANK: 0 CYCLE: 204484819
PNORMAL PADDR: 0 VADDR: 0 PROW: 0 PBANK: 0 CYCLE: 204484819
NORMAL PADDR: 0 VADDR: 0 PROW: 0 PBANK: 1 CYCLE: 204484819
PNORMAL PADDR: 0 VADDR: 0 PROW: 0 PBANK: 1 CYCLE: 204484819
NORMAL PADDR: 0 VADDR: 0 PROW: 0 PBANK: 2 CYCLE: 204484819
PNORMAL PADDR: 0 VADDR: 0 PROW: 0 PBANK: 2 CYCLE: 204484819
NORMAL PADDR: 0 VADDR: 0 PROW: 0 PBANK: 3 CYCLE: 204484819
PNORMAL PADDR: 0 VADDR: 0 PROW: 0 PBANK: 3 CYCLE: 204484819
NORMAL PADDR: 0 VADDR: 0 PROW: 0 PBANK: 4 CYCLE: 204484819
PNORMAL PADDR: 0 VADDR: 0 PROW: 0 PBANK: 4 CYCLE: 204484819
NORMAL PADDR: 0 VADDR: 0 PROW: 0 PBANK: 5 CYCLE: 204484819
PNORMAL PADDR: 0 VADDR: 0 PROW: 0 PBANK: 5 CYCLE: 204484819
NORMAL PADDR: 0 VADDR: 0 PROW: 0 PBANK: 6 CYCLE: 204484819
PNORMAL PADDR: 0 VADDR: 0 PROW: 0 PBANK: 6 CYCLE: 204484819
NORMAL PADDR: 0 VADDR: 0 PROW: 0 PBANK: 7 CYCLE: 204484819
PNORMAL PADDR: 0 VADDR: 0 PROW: 0 PBANK: 7 CYCLE: 204484819
NORMAL PADDR: 0 VADDR: 0 PROW: 0 PBANK: 8 CYCLE: 204484819
PNORMAL PADDR: 0 VADDR: 0 PROW: 0 PBANK: 8 CYCLE: 204484819
NORMAL PADDR: 0 VADDR: 0 PROW: 0 PBANK: 9 CYCLE: 204484819
PNORMAL PADDR: 0 VADDR: 0 PROW: 0 PBANK: 9 CYCLE: 204484819
NORMAL PADDR: 0 VADDR: 0 PROW: 0 PBANK: a CYCLE: 204484819
PNORMAL PADDR: 0 VADDR: 0 PROW: 0 PBANK: a CYCLE: 204484819
NORMAL PADDR: 0 VADDR: 0 PROW: 0 PBANK: b CYCLE: 204484819
PNORMAL PADDR: 0 VADDR: 0 PROW: 0 PBANK: b CYCLE: 204484819
NORMAL PADDR: 0 VADDR: 0 PROW: 0 PBANK: c CYCLE: 204484819
PNORMAL PADDR: 0 VADDR: 0 PROW: 0 PBANK: c CYCLE: 204484819
NORMAL PADDR: 0 VADDR: 0 PROW: 0 PBANK: d CYCLE: 204484819
PNORMAL PADDR: 0 VADDR: 0 PROW: 0 PBANK: d CYCLE: 204484819
NORMAL PADDR: 0 VADDR: 0 PROW: 0 PBANK: e CYCLE: 204484819
PNORMAL PADDR: 0 VADDR: 0 PROW: 0 PBANK: e CYCLE: 204484819
NORMAL PADDR: 0 VADDR: 0 PROW: 0 PBANK: f CYCLE: 204484819
PNORMAL PADDR: 0 VADDR: 0 PROW: 0 PBANK: f CYCLE: 204484819
NORMAL PADDR: 0 VADDR: 0 PROW: 1 PBANK: 0 CYCLE: 204484819
PNORMAL PADDR: 0 VADDR: 0 PROW: 1 PBANK: 0 CYCLE: 204484819
NORMAL PADDR: 0 VADDR: 0 PROW: 1 PBANK: 1 CYCLE: 204484819
PNORMAL PADDR: 0 VADDR: 0 PROW: 1 PBANK: 1 CYCLE: 204484819
NORMAL PADDR: 0 VADDR: 0 PROW: 1 PBANK: 2 CYCLE: 204484819
PNORMAL PADDR: 0 VADDR: 0 PROW: 1 PBANK: 2 CYCLE: 204484819
NORMAL PADDR: 0 VADDR: 0 PROW: 1 PBANK: 3 CYCLE: 204484819
PNORMAL PADDR: 0 VADDR: 0 PROW: 1 PBANK: 3 CYCLE: 204484819
NORMAL PADDR: 0 VADDR: 0 PROW: 1 PBANK: 4 CYCLE: 204484819
PNORMAL PADDR: 0 VADDR: 0 PROW: 1 PBANK: 4 CYCLE: 204484819
NORMAL PADDR: 0 VADDR: 0 PROW: 1 PBANK: 5 CYCLE: 204484819
PNORMAL PADDR: 0 VADDR: 0 PROW: 1 PBANK: 5 CYCLE: 204484819
NORMAL PADDR: 0 VADDR: 0 PROW: 1 PBANK: 6 CYCLE: 204484819
PNORMAL PADDR: 0 VADDR: 0 PROW: 1 PBANK: 6 CYCLE: 204484819
NORMAL PADDR: 0 VADDR: 0 PROW: 1 PBANK: 7 CYCLE: 204484819
PNORMAL PADDR: 0 VADDR: 0 PROW: 1 PBANK: 7 CYCLE: 204484819
NORMAL PADDR: 0 VADDR: 0 PROW: 1 PBANK: 8 CYCLE: 204484819
PNORMAL PADDR: 0 VADDR: 0 PROW: 1 PBANK: 8 CYCLE: 204484819
NORMAL PADDR: 0 VADDR: 0 PROW: 1 PBANK: 9 CYCLE: 204484819
PNORMAL PADDR: 0 VADDR: 0 PROW: 1 PBANK: 9 CYCLE: 204484819
NORMAL PADDR: 0 VADDR: 0 PROW: 1 PBANK: a CYCLE: 204484819
PNORMAL PADDR: 0 VADDR: 0 PROW: 1 PBANK: a CYCLE: 204484819
NORMAL PADDR: 0 VADDR: 0 PROW: 1 PBANK: b CYCLE: 204484819
PNORMAL PADDR: 0 VADDR: 0 PROW: 1 PBANK: b CYCLE: 204484819
NORMAL PADDR: 0 VADDR: 0 PROW: 1 PBANK: c CYCLE: 204484819
PNORMAL PADDR: 0 VADDR: 0 PROW: 1 PBANK: c CYCLE: 204484819
NORMAL PADDR: 0 VADDR: 0 PROW: 1 PBANK: d CYCLE: 204484819
PNORMAL PADDR: 0 VADDR: 0 PROW: 1 PBANK: d CYCLE: 204484819
NORMAL PADDR: 0 VADDR: 0 PROW: 1 PBANK: e CYCLE: 204484819
PNORMAL PADDR: 0 VADDR: 0 PROW: 1 PBANK: e CYCLE: 204484819
NORMAL PADDR: 0 VADDR: 0 PROW: 1 PBANK: f CYCLE: 204484819
PNORMAL PADDR: 0 VADDR: 0 PROW: 7ffe PBANK: f CYCLE: 306708479
NORMAL PADDR: 0 VADDR: 0 PROW: 7fff PBANK: 0 CYCLE: 306708479
PNORMAL PADDR: 0 VADDR: 0 PROW: 7fff PBANK: 0 CYCLE: 306708479
NORMAL PADDR: 0 VADDR: 0 PROW: 7fff PBANK: 1 CYCLE: 306708479
PNORMAL PADDR: 0 VADDR: 0 PROW: 7fff PBANK: 1 CYCLE: 306708479
NORMAL PADDR: 0 VADDR: 0 PROW: 7fff PBANK: 2 CYCLE: 306708479
PNORMAL PADDR: 0 VADDR: 0 PROW: 7fff PBANK: 2 CYCLE: 306708479
NORMAL PADDR: 0 VADDR: 0 PROW: 7fff PBANK: 3 CYCLE: 306708479
PNORMAL PADDR: 0 VADDR: 0 PROW: 7fff PBANK: 3 CYCLE: 306708479
NORMAL PADDR: 0 VADDR: 0 PROW: 7fff PBANK: 4 CYCLE: 306708479
PNORMAL PADDR: 0 VADDR: 0 PROW: 7fff PBANK: 4 CYCLE: 306708479
NORMAL PADDR: 0 VADDR: 0 PROW: 7fff PBANK: 5 CYCLE: 306708479
PNORMAL PADDR: 0 VADDR: 0 PROW: 7fff PBANK: 5 CYCLE: 306708479
NORMAL PADDR: 0 VADDR: 0 PROW: 7fff PBANK: 6 CYCLE: 306708479
PNORMAL PADDR: 0 VADDR: 0 PROW: 7fff PBANK: 6 CYCLE: 306708479
NORMAL PADDR: 0 VADDR: 0 PROW: 7fff PBANK: 7 CYCLE: 306708479
PNORMAL PADDR: 0 VADDR: 0 PROW: 7fff PBANK: 7 CYCLE: 306708479
NORMAL PADDR: 0 VADDR: 0 PROW: 7fff PBANK: 8 CYCLE: 306708479
PNORMAL PADDR: 0 VADDR: 0 PROW: 7fff PBANK: 8 CYCLE: 306708479
NORMAL PADDR: 0 VADDR: 0 PROW: 7fff PBANK: 9 CYCLE: 306708479
PNORMAL PADDR: 0 VADDR: 0 PROW: 7fff PBANK: 9 CYCLE: 306708479
NORMAL PADDR: 0 VADDR: 0 PROW: 7fff PBANK: a CYCLE: 306708479
PNORMAL PADDR: 0 VADDR: 0 PROW: 7fff PBANK: a CYCLE: 306708479
NORMAL PADDR: 0 VADDR: 0 PROW: 7fff PBANK: b CYCLE: 306708479
PNORMAL PADDR: 0 VADDR: 0 PROW: 7fff PBANK: b CYCLE: 306708479
NORMAL PADDR: 0 VADDR: 0 PROW: 7fff PBANK: c CYCLE: 306708479
PNORMAL PADDR: 0 VADDR: 0 PROW: 7fff PBANK: c CYCLE: 306708479
NORMAL PADDR: 0 VADDR: 0 PROW: 7fff PBANK: d CYCLE: 306708479
PNORMAL PADDR: 0 VADDR: 0 PROW: 7fff PBANK: d CYCLE: 306708479
NORMAL PADDR: 0 VADDR: 0 PROW: 7fff PBANK: e CYCLE: 306708479
PNORMAL PADDR: 0 VADDR: 0 PROW: 7fff PBANK: e CYCLE: 306708479
NORMAL PADDR: 0 VADDR: 0 PROW: 7fff PBANK: f CYCLE: 306708479
PNORMAL PADDR: 0 VADDR: 0 PROW: 7ffe PBANK: f CYCLE: 306708479
NORMAL PADDR: 0 VADDR: 0 PROW: 7fff PBANK: 0 CYCLE: 306708479
PNORMAL PADDR: 0 VADDR: 0 PROW: 7fff PBANK: 0 CYCLE: 306708479
NORMAL PADDR: 0 VADDR: 0 PROW: 7fff PBANK: 1 CYCLE: 306708479
PNORMAL PADDR: 0 VADDR: 0 PROW: 7fff PBANK: 1 CYCLE: 306708479
NORMAL PADDR: 0 VADDR: 0 PROW: 7fff PBANK: 2 CYCLE: 306708479
PNORMAL PADDR: 0 VADDR: 0 PROW: 7fff PBANK: 2 CYCLE: 306708479
NORMAL PADDR: 0 VADDR: 0 PROW: 7fff PBANK: 3 CYCLE: 306708479
PNORMAL PADDR: 0 VADDR: 0 PROW: 7fff PBANK: 3 CYCLE: 306708479
NORMAL PADDR: 0 VADDR: 0 PROW: 7fff PBANK: 4 CYCLE: 306708479
PNORMAL PADDR: 0 VADDR: 0 PROW: 7fff PBANK: 4 CYCLE: 306708479
NORMAL PADDR: 0 VADDR: 0 PROW: 7fff PBANK: 5 CYCLE: 306708479
PNORMAL PADDR: 0 VADDR: 0 PROW: 7fff PBANK: 5 CYCLE: 306708479
NORMAL PADDR: 0 VADDR: 0 PROW: 7fff PBANK: 6 CYCLE: 306708479
PNORMAL PADDR: 0 VADDR: 0 PROW: 7fff PBANK: 6 CYCLE: 306708479
NORMAL PADDR: 0 VADDR: 0 PROW: 7fff PBANK: 7 CYCLE: 306708479
PNORMAL PADDR: 0 VADDR: 0 PROW: 7fff PBANK: 7 CYCLE: 306708479
NORMAL PADDR: 0 VADDR: 0 PROW: 7fff PBANK: 8 CYCLE: 306708479
PNORMAL PADDR: 0 VADDR: 0 PROW: 7fff PBANK: 8 CYCLE: 306708479
NORMAL PADDR: 0 VADDR: 0 PROW: 7fff PBANK: 9 CYCLE: 306708479
PNORMAL PADDR: 0 VADDR: 0 PROW: 7fff PBANK: 9 CYCLE: 306708479
NORMAL PADDR: 0 VADDR: 0 PROW: 7fff PBANK: a CYCLE: 306708479
PNORMAL PADDR: 0 VADDR: 0 PROW: 7fff PBANK: a CYCLE: 306708479
NORMAL PADDR: 0 VADDR: 0 PROW: 7fff PBANK: b CYCLE: 306708479
PNORMAL PADDR: 0 VADDR: 0 PROW: 7fff PBANK: b CYCLE: 306708479
NORMAL PADDR: 0 VADDR: 0 PROW: 7fff PBANK: c CYCLE: 306708479
PNORMAL PADDR: 0 VADDR: 0 PROW: 7fff PBANK: c CYCLE: 306708479
NORMAL PADDR: 0 VADDR: 0 PROW: 7fff PBANK: d CYCLE: 306708479
PNORMAL PADDR: 0 VADDR: 0 PROW: 7fff PBANK: d CYCLE: 306708479
NORMAL PADDR: 0 VADDR: 0 PROW: 7fff PBANK: e CYCLE: 306708479
PNORMAL PADDR: 0 VADDR: 0 PROW: 7fff PBANK: e CYCLE: 306708479
NORMAL PADDR: 0 VADDR: 0 PROW: 7fff PBANK: f CYCLE: 306708479
PNORMAL PADDR: 0 VADDR: 0 PROW: 7fff PBANK: f CYCLE: 306708479
NORMAL PADDR: 0 VADDR: 0 PROW: 0 PBANK: 0 CYCLE: 306720959
PNORMAL PADDR: 0 VADDR: 0 PROW: 0 PBANK: 0 CYCLE: 306720959
NORMAL PADDR: 0 VADDR: 0 PROW: 0 PBANK: 1 CYCLE: 306720959
PNORMAL PADDR: 0 VADDR: 0 PROW: 0 PBANK: 1 CYCLE: 306720959
NORMAL PADDR: 0 VADDR: 0 PROW: 0 PBANK: 2 CYCLE: 306720959
PNORMAL PADDR: 0 VADDR: 0 PROW: 0 PBANK: 2 CYCLE: 306720959
NORMAL PADDR: 0 VADDR: 0 PROW: 0 PBANK: 3 CYCLE: 306720959
PNORMAL PADDR: 0 VADDR: 0 PROW: 0 PBANK: 3 CYCLE: 306720959
NORMAL PADDR: 0 VADDR: 0 PROW: 0 PBANK: 4 CYCLE: 306720959
PNORMAL PADDR: 0 VADDR: 0 PROW: 0 PBANK: 4 CYCLE: 306720959
NORMAL PADDR: 0 VADDR: 0 PROW: 0 PBANK: 5 CYCLE: 306720959
PNORMAL PADDR: 0 VADDR: 0 PROW: 0 PBANK: 5 CYCLE: 306720959
NORMAL PADDR: 0 VADDR: 0 PROW: 0 PBANK: 6 CYCLE: 306720959
PNORMAL PADDR: 0 VADDR: 0 PROW: 0 PBANK: 6 CYCLE: 306720959
NORMAL PADDR: 0 VADDR: 0 PROW: 0 PBANK: 7 CYCLE: 306720959
PNORMAL PADDR: 0 VADDR: 0 PROW: 0 PBANK: 7 CYCLE: 306720959
NORMAL PADDR: 0 VADDR: 0 PROW: 0 PBANK: 8 CYCLE: 306720959
PNORMAL PADDR: 0 VADDR: 0 PROW: 0 PBANK: 8 CYCLE: 306720959
NORMAL PADDR: 0 VADDR: 0 PROW: 0 PBANK: 9 CYCLE: 306720959
PNORMAL PADDR: 0 VADDR: 0 PROW: 0 PBANK: 9 CYCLE: 306720959
NORMAL PADDR: 0 VADDR: 0 PROW: 0 PBANK: a CYCLE: 306720959
PNORMAL PADDR: 0 VADDR: 0 PROW: 0 PBANK: a CYCLE: 306720959
NORMAL PADDR: 0 VADDR: 0 PROW: 0 PBANK: b CYCLE: 306720959
PNORMAL PADDR: 0 VADDR: 0 PROW: 0 PBANK: b CYCLE: 306720959
NORMAL PADDR: 0 VADDR: 0 PROW: 0 PBANK: c CYCLE: 306720959
PNORMAL PADDR: 0 VADDR: 0 PROW: 0 PBANK: c CYCLE: 306720959
NORMAL PADDR: 0 VADDR: 0 PROW: 0 PBANK: d CYCLE: 306720959
PNORMAL PADDR: 0 VADDR: 0 PROW: 0 PBANK: d CYCLE: 306720959
NORMAL PADDR: 0 VADDR: 0 PROW: 0 PBANK: e CYCLE: 306720959
PNORMAL PADDR: 0 VADDR: 0 PROW: 0 PBANK: e CYCLE: 306720959
NORMAL PADDR: 0 VADDR: 0 PROW: 0 PBANK: f CYCLE: 306720959
PNORMAL PADDR: 0 VADDR: 0 PROW: 0 PBANK: f CYCLE: 306720959
NORMAL PADDR: 0 VADDR: 0 PROW: 1 PBANK: 0 CYCLE: 306720959
PNORMAL PADDR: 0 VADDR: 0 PROW: 1 PBANK: 0 CYCLE: 306720959
NORMAL PADDR: 0 VADDR: 0 PROW: 1 PBANK: 1 CYCLE: 306720959
PNORMAL PADDR: 0 VADDR: 0 PROW: 1 PBANK: 1 CYCLE: 306720959
NORMAL PADDR: 0 VADDR: 0 PROW: 1 PBANK: 2 CYCLE: 306720959
PNORMAL PADDR: 0 VADDR: 0 PROW: 1 PBANK: 2 CYCLE: 306720959
NORMAL PADDR: 0 VADDR: 0 PROW: 1 PBANK: 3 CYCLE: 306720959
PNORMAL PADDR: 0 VADDR: 0 PROW: 1 PBANK: 3 CYCLE: 306720959
NORMAL PADDR: 0 VADDR: 0 PROW: 1 PBANK: 4 CYCLE: 306720959
PNORMAL PADDR: 0 VADDR: 0 PROW: 1 PBANK: 4 CYCLE: 306720959
NORMAL PADDR: 0 VADDR: 0 PROW: 1 PBANK: 5 CYCLE: 306720959
PNORMAL PADDR: 0 VADDR: 0 PROW: 1 PBANK: 5 CYCLE: 306720959
NORMAL PADDR: 0 VADDR: 0 PROW: 1 PBANK: 6 CYCLE: 306720959
PNORMAL PADDR: 0 VADDR: 0 PROW: 1 PBANK: 6 CYCLE: 306720959
NORMAL PADDR: 0 VADDR: 0 PROW: 1 PBANK: 7 CYCLE: 306720959
PNORMAL PADDR: 0 VADDR: 0 PROW: 1 PBANK: 7 CYCLE: 306720959
NORMAL PADDR: 0 VADDR: 0 PROW: 1 PBANK: 8 CYCLE: 306720959
PNORMAL PADDR: 0 VADDR: 0 PROW: 1 PBANK: 8 CYCLE: 306720959
NORMAL PADDR: 0 VADDR: 0 PROW: 1 PBANK: 9 CYCLE: 306720959
PNORMAL PADDR: 0 VADDR: 0 PROW: 1 PBANK: 9 CYCLE: 306720959
NORMAL PADDR: 0 VADDR: 0 PROW: 1 PBANK: a CYCLE: 306720959
PNORMAL PADDR: 0 VADDR: 0 PROW: 1 PBANK: a CYCLE: 306720959
NORMAL PADDR: 0 VADDR: 0 PROW: 1 PBANK: b CYCLE: 306720959
PNORMAL PADDR: 0 VADDR: 0 PROW: 1 PBANK: b CYCLE: 306720959
NORMAL PADDR: 0 VADDR: 0 PROW: 1 PBANK: c CYCLE: 306720959
PNORMAL PADDR: 0 VADDR: 0 PROW: 1 PBANK: c CYCLE: 306720959
NORMAL PADDR: 0 VADDR: 0 PROW: 1 PBANK: d CYCLE: 306720959
PNORMAL PADDR: 0 VADDR: 0 PROW: 1 PBANK: d CYCLE: 306720959
NORMAL PADDR: 0 VADDR: 0 PROW: 1 PBANK: e CYCLE: 306720959
PNORMAL PADDR: 0 VADDR: 0 PROW: 1 PBANK: e CYCLE: 306720959
NORMAL PADDR: 0 VADDR: 0 PROW: 1 PBANK: f CYCLE: 306720959
PNORMAL PADDR: 0 VADDR: 0 PROW: 3 PBANK: f CYCLE: 306720959
NORMAL PADDR: 0 VADDR: 0 PROW: 0 PBANK: 0 CYCLE: 306720959
PNORMAL PADDR: 0 VADDR: 0 PROW: 0 PBANK: 0 CYCLE: 306720959
NORMAL PADDR: 0 VADDR: 0 PROW: 0 PBANK: 1 CYCLE: 306720959
PNORMAL PADDR: 0 VADDR: 0 PROW: 0 PBANK: 1 CYCLE: 306720959
NORMAL PADDR: 0 VADDR: 0 PROW: 0 PBANK: 2 CYCLE: 306720959
PNORMAL PADDR: 0 VADDR: 0 PROW: 0 PBANK: 2 CYCLE: 306720959
NORMAL PADDR: 0 VADDR: 0 PROW: 0 PBANK: 3 CYCLE: 306720959
PNORMAL PADDR: 0 VADDR: 0 PROW: 0 PBANK: 3 CYCLE: 306720959
NORMAL PADDR: 0 VADDR: 0 PROW: 0 PBANK: 4 CYCLE: 306720959
PNORMAL PADDR: 0 VADDR: 0 PROW: 0 PBANK: 4 CYCLE: 306720959
NORMAL PADDR: 0 VADDR: 0 PROW: 0 PBANK: 5 CYCLE: 306720959
PNORMAL PADDR: 0 VADDR: 0 PROW: 0 PBANK: 5 CYCLE: 306720959
NORMAL PADDR: 0 VADDR: 0 PROW: 0 PBANK: 6 CYCLE: 306720959
PNORMAL PADDR: 0 VADDR: 0 PROW: 0 PBANK: 6 CYCLE: 306720959
NORMAL PADDR: 0 VADDR: 0 PROW: 0 PBANK: 7 CYCLE: 306720959
PNORMAL PADDR: 0 VADDR: 0 PROW: 0 PBANK: 7 CYCLE: 306720959
NORMAL PADDR: 0 VADDR: 0 PROW: 0 PBANK: 8 CYCLE: 306720959
PNORMAL PADDR: 0 VADDR: 0 PROW: 0 PBANK: 8 CYCLE: 306720959
NORMAL PADDR: 0 VADDR: 0 PROW: 0 PBANK: 9 CYCLE: 306720959
PNORMAL PADDR: 0 VADDR: 0 PROW: 0 PBANK: 9 CYCLE: 306720959
NORMAL PADDR: 0 VADDR: 0 PROW: 0 PBANK: a CYCLE: 306720959
PNORMAL PADDR: 0 VADDR: 0 PROW: 0 PBANK: a CYCLE: 306720959
NORMAL PADDR: 0 VADDR: 0 PROW: 0 PBANK: b CYCLE: 306720959
PNORMAL PADDR: 0 VADDR: 0 PROW: 0 PBANK: b CYCLE: 306720959
NORMAL PADDR: 0 VADDR: 0 PROW: 0 PBANK: c CYCLE: 306720959
PNORMAL PADDR: 0 VADDR: 0 PROW: 0 PBANK: c CYCLE: 306720959
NORMAL PADDR: 0 VADDR: 0 PROW: 0 PBANK: d CYCLE: 306720959
PNORMAL PADDR: 0 VADDR: 0 PROW: 0 PBANK: d CYCLE: 306720959
NORMAL PADDR: 0 VADDR: 0 PROW: 0 PBANK: e CYCLE: 306720959
PNORMAL PADDR: 0 VADDR: 0 PROW: 0 PBANK: e CYCLE: 306720959
NORMAL PADDR: 0 VADDR: 0 PROW: 0 PBANK: f CYCLE: 306720959
PNORMAL PADDR: 0 VADDR: 0 PROW: 0 PBANK: f CYCLE: 306720959
NORMAL PADDR: 0 VADDR: 0 PROW: 1 PBANK: 0 CYCLE: 306720959
PNORMAL PADDR: 0 VADDR: 0 PROW: 1 PBANK: 0 CYCLE: 306720959
NORMAL PADDR: 0 VADDR: 0 PROW: 1 PBANK: 1 CYCLE: 306720959
PNORMAL PADDR: 0 VADDR: 0 PROW: 1 PBANK: 1 CYCLE: 306720959
NORMAL PADDR: 0 VADDR: 0 PROW: 1 PBANK: 2 CYCLE: 306720959
PNORMAL PADDR: 0 VADDR: 0 PROW: 1 PBANK: 2 CYCLE: 306720959
NORMAL PADDR: 0 VADDR: 0 PROW: 1 PBANK: 3 CYCLE: 306720959
PNORMAL PADDR: 0 VADDR: 0 PROW: 1 PBANK: 3 CYCLE: 306720959
NORMAL PADDR: 0 VADDR: 0 PROW: 1 PBANK: 4 CYCLE: 306720959
PNORMAL PADDR: 0 VADDR: 0 PROW: 1 PBANK: 4 CYCLE: 306720959
NORMAL PADDR: 0 VADDR: 0 PROW: 1 PBANK: 5 CYCLE: 306720959
PNORMAL PADDR: 0 VADDR: 0 PROW: 1 PBANK: 5 CYCLE: 306720959
NORMAL PADDR: 0 VADDR: 0 PROW: 1 PBANK: 6 CYCLE: 306720959
PNORMAL PADDR: 0 VADDR: 0 PROW: 1 PBANK: 6 CYCLE: 306720959
NORMAL PADDR: 0 VADDR: 0 PROW: 1 PBANK: 7 CYCLE: 306720959
PNORMAL PADDR: 0 VADDR: 0 PROW: 1 PBANK: 7 CYCLE: 306720959
NORMAL PADDR: 0 VADDR: 0 PROW: 1 PBANK: 8 CYCLE: 306720959
PNORMAL PADDR: 0 VADDR: 0 PROW: 1 PBANK: 8 CYCLE: 306720959
NORMAL PADDR: 0 VADDR: 0 PROW: 1 PBANK: 9 CYCLE: 306720959
PNORMAL PADDR: 0 VADDR: 0 PROW: 1 PBANK: 9 CYCLE: 306720959
NORMAL PADDR: 0 VADDR: 0 PROW: 1 PBANK: a CYCLE: 306720959
PNORMAL PADDR: 0 VADDR: 0 PROW: 1 PBANK: a CYCLE: 306720959
NORMAL PADDR: 0 VADDR: 0 PROW: 1 PBANK: b CYCLE: 306720959
PNORMAL PADDR: 0 VADDR: 0 PROW: 1 PBANK: b CYCLE: 306720959
NORMAL PADDR: 0 VADDR: 0 PROW: 1 PBANK: c CYCLE: 306720959
PNORMAL PADDR: 0 VADDR: 0 PROW: 1 PBANK: c CYCLE: 306720959
NORMAL PADDR: 0 VADDR: 0 PROW: 1 PBANK: d CYCLE: 306720959
PNORMAL PADDR: 0 VADDR: 0 PROW: 1 PBANK: d CYCLE: 306720959
NORMAL PADDR: 0 VADDR: 0 PROW: 1 PBANK: e CYCLE: 306720959
PNORMAL PADDR: 0 VADDR: 0 PROW: 1 PBANK: e CYCLE: 306720959
NORMAL PADDR: 0 VADDR: 0 PROW: 1 PBANK: f CYCLE: 306720959
PNORMAL PADDR: 127cb8 VADDR: 0 PROW: 20 PBANK: 4 CYCLE: 12298
NORMAL PADDR: 0 VADDR: 0 PROW: 0 PBANK: 0 CYCLE: 12499
PNORMAL PADDR: 0 VADDR: 0 PROW: 0 PBANK: 0 CYCLE: 12499
NORMAL PADDR: 0 VADDR: 0 PROW: 0 PBANK: 1 CYCLE: 12499
PNORMAL PADDR: 0 VADDR: 0 PROW: 0 PBANK: 1 CYCLE: 12499
NORMAL PADDR: 0 VADDR: 0 PROW: 0 PBANK: 2 CYCLE: 12499
PNORMAL PADDR: 0 VADDR: 0 PROW: 0 PBANK: 2 CYCLE: 12499
NORMAL PADDR: 0 VADDR: 0 PROW: 0 PBANK: 3 CYCLE: 12499
PNORMAL PADDR: 0 VADDR: 0 PROW: 0 PBANK: 3 CYCLE: 12499
NORMAL PADDR: 0 VADDR: 0 PROW: 0 PBANK: 4 CYCLE: 12499
PNORMAL PADDR: 0 VADDR: 0 PROW: 0 PBANK: 4 CYCLE: 12499
NORMAL PADDR: 0 VADDR: 0 PROW: 0 PBANK: 5 CYCLE: 12499
PNORMAL PADDR: 0 VADDR: 0 PROW: 0 PBANK: 5 CYCLE: 12499
NORMAL PADDR: 0 VADDR: 0 PROW: 0 PBANK: 6 CYCLE: 12499
PNORMAL PADDR: 0 VADDR: 0 PROW: 0 PBANK: 6 CYCLE: 12499
NORMAL PADDR: 0 VADDR: 0 PROW: 0 PBANK: 7 CYCLE: 12499
PNORMAL PADDR: 0 VADDR: 0 PROW: 0 PBANK: 7 CYCLE: 12499
NORMAL PADDR: 0 VADDR: 0 PROW: 0 PBANK: 8 CYCLE: 12499
PNORMAL PADDR: 0 VADDR: 0 PROW: 0 PBANK: 8 CYCLE: 12499
NORMAL PADDR: 0 VADDR: 0 PROW: 0 PBANK: 9 CYCLE: 12499
PNORMAL PADDR: 0 VADDR: 0 PROW: 0 PBANK: 9 CYCLE: 12499
NORMAL PADDR: 0 VADDR: 0 PROW: 0 PBANK: a CYCLE: 12499
PNORMAL PADDR: 0 VADDR: 0 PROW: 0 PBANK: a CYCLE: 12499
NORMAL PADDR: 0 VADDR: 0 PROW: 0 PBANK: b CYCLE: 12499
PNORMAL PADDR: 0 VADDR: 0 PROW: 0 PBANK: b CYCLE: 12499
NORMAL PADDR: 0 VADDR: 0 PROW: 0 PBANK: c CYCLE: 12499
PNORMAL PADDR: 0 VADDR: 0 PROW: 0 PBANK: c CYCLE: 12499
NORMAL PADDR: 0 VADDR: 0 PROW: 0 PBANK: d CYCLE: 12499
PNORMAL PADDR: 0 VADDR: 0 PROW: 0 PBANK: d CYCLE: 12499
NORMAL PADDR: 0 VADDR: 0 PROW: 0 PBANK: e CYCLE: 12499
PNORMAL PADDR: 0 VADDR: 0 PROW: 0 PBANK: e CYCLE: 12499
NORMAL PADDR: 0 VADDR: 0 PROW: 0 PBANK: f CYCLE: 12499
PNORMAL PADDR: 0 VADDR: 0 PROW: 0 PBANK: f CYCLE: 12499
NORMAL PADDR: 0 VADDR: 0 PROW: 1 PBANK: 0 CYCLE: 12499
PNORMAL PADDR: 0 VADDR: 0 PROW: 1 PBANK: 0 CYCLE: 12499
NORMAL PADDR: 0 VADDR: 0 PROW: 1 PBANK: 1 CYCLE: 12499
PNORMAL PADDR: 0 VADDR: 0 PROW: 1 PBANK: 1 CYCLE: 12499
NORMAL PADDR: 0 VADDR: 0 PROW: 1 PBANK: 2 CYCLE: 12499
PNORMAL PADDR: 0 VADDR: 0 PROW: 1 PBANK: 2 CYCLE: 12499
NORMAL PADDR: 0 VADDR: 0 PROW: 1 PBANK: 3 CYCLE: 12499
PNORMAL PADDR: 0 VADDR: 0 PROW: 1 PBANK: 3 CYCLE: 12499
NORMAL PADDR: 0 VADDR: 0 PROW: 1 PBANK: 4 CYCLE: 12499
PNORMAL PADDR: 0 VADDR: 0 PROW: 1 PBANK: 4 CYCLE: 12499
NORMAL PADDR: 0 VADDR: 0 PROW: 1 PBANK: 5 CYCLE: 12499
PNORMAL PADDR: 0 VADDR: 0 PROW: 1 PBANK: 5 CYCLE: 12499
NORMAL PADDR: 0 VADDR: 0 PROW: 1 PBANK: 6 CYCLE: 12499
PNORMAL PADDR: 0 VADDR: 0 PROW: 1 PBANK: 6 CYCLE: 12499
NORMAL PADDR: 0 VADDR: 0 PROW: 1 PBANK: 7 CYCLE: 12499
PNORMAL PADDR: 0 VADDR: 0 PROW: 1 PBANK: 7 CYCLE: 12499
NORMAL PADDR: 0 VADDR: 0 PROW: 1 PBANK: 8 CYCLE: 12499
PNORMAL PADDR: 0 VADDR: 0 PROW: 1 PBANK: 8 CYCLE: 12499
NORMAL PADDR: 0 VADDR: 0 PROW: 1 PBANK: 9 CYCLE: 12499
PNORMAL PADDR: 0 VADDR: 0 PROW: 1 PBANK: 9 CYCLE: 12499
NORMAL PADDR: 0 VADDR: 0 PROW: 1 PBANK: a CYCLE: 12499
PNORMAL PADDR: 0 VADDR: 0 PROW: 1 PBANK: a CYCLE: 12499
NORMAL PADDR: 0 VADDR: 0 PROW: 1 PBANK: b CYCLE: 12499
PNORMAL PADDR: 0 VADDR: 0 PROW: 1 PBANK: b CYCLE: 12499
NORMAL PADDR: 0 VADDR: 0 PROW: 1 PBANK: c CYCLE: 12499
PNORMAL PADDR: 0 VADDR: 0 PROW: 1 PBANK: c CYCLE: 12499
NORMAL PADDR: 0 VADDR: 0 PROW: 1 PBANK: d CYCLE: 12499
PNORMAL PADDR: 0 VADDR: 0 PROW: 1 PBANK: d CYCLE: 12499
NORMAL PADDR: 0 VADDR: 0 PROW: 1 PBANK: e CYCLE: 12499
PNORMAL PADDR: 0 VADDR: 0 PROW: 1 PBANK: e CYCLE: 12499
NORMAL PADDR: 0 VADDR: 0 PROW: 1 PBANK: f CYCLE: 12499
PNORMAL PADDR: 0 VADDR: 0 PROW: 3 PBANK: f CYCLE: 12499
NORMAL PADDR: 0 VADDR: 0 PROW: 0 PBANK: 0 CYCLE: 12499
PNORMAL PADDR: 0 VADDR: 0 PROW: 0 PBANK: 0 CYCLE: 12499
NORMAL PADDR: 0 VADDR: 0 PROW: 0 PBANK: 1 CYCLE: 12499
PNORMAL PADDR: 0 VADDR: 0 PROW: 0 PBANK: 1 CYCLE: 12499
NORMAL PADDR: 0 VADDR: 0 PROW: 0 PBANK: 2 CYCLE: 12499
PNORMAL PADDR: 0 VADDR: 0 PROW: 0 PBANK: 2 CYCLE: 12499
NORMAL PADDR: 0 VADDR: 0 PROW: 0 PBANK: 3 CYCLE: 12499
PNORMAL PADDR: 0 VADDR: 0 PROW: 0 PBANK: 3 CYCLE: 12499
NORMAL PADDR: 0 VADDR: 0 PROW: 0 PBANK: 4 CYCLE: 12499
PNORMAL PADDR: 0 VADDR: 0 PROW: 0 PBANK: 4 CYCLE: 12499
NORMAL PADDR: 0 VADDR: 0 PROW: 0 PBANK: 5 CYCLE: 12499
PNORMAL PADDR: 0 VADDR: 0 PROW: 0 PBANK: 5 CYCLE: 12499
NORMAL PADDR: 0 VADDR: 0 PROW: 0 PBANK: 6 CYCLE: 12499
PNORMAL PADDR: 0 VADDR: 0 PROW: 0 PBANK: 6 CYCLE: 12499
NORMAL PADDR: 0 VADDR: 0 PROW: 0 PBANK: 7 CYCLE: 12499
PNORMAL PADDR: 0 VADDR: 0 PROW: 0 PBANK: 7 CYCLE: 12499
NORMAL PADDR: 0 VADDR: 0 PROW: 0 PBANK: 8 CYCLE: 12499
PNORMAL PADDR: 0 VADDR: 0 PROW: 0 PBANK: 8 CYCLE: 12499
NORMAL PADDR: 0 VADDR: 0 PROW: 0 PBANK: 9 CYCLE: 12499
PNORMAL PADDR: 0 VADDR: 0 PROW: 0 PBANK: 9 CYCLE: 12499
NORMAL PADDR: 0 VADDR: 0 PROW: 0 PBANK: a CYCLE: 12499
PNORMAL PADDR: 0 VADDR: 0 PROW: 0 PBANK: a CYCLE: 12499
NORMAL PADDR: 0 VADDR: 0 PROW: 0 PBANK: b CYCLE: 12499
PNORMAL PADDR: 0 VADDR: 0 PROW: 0 PBANK: b CYCLE: 12499
NORMAL PADDR: 0 VADDR: 0 PROW: 0 PBANK: c CYCLE: 12499
PNORMAL PADDR: 0 VADDR: 0 PROW: 0 PBANK: c CYCLE: 12499
NORMAL PADDR: 0 VADDR: 0 PROW: 0 PBANK: d CYCLE: 12499
PNORMAL PADDR: 0 VADDR: 0 PROW: 0 PBANK: d CYCLE: 12499
NORMAL PADDR: 0 VADDR: 0 PROW: 0 PBANK: e CYCLE: 12499
PNORMAL PADDR: 0 VADDR: 0 PROW: 0 PBANK: e CYCLE: 12499
NORMAL PADDR: 0 VADDR: 0 PROW: 0 PBANK: f CYCLE: 12499
PNORMAL PADDR: 0 VADDR: 0 PROW: 0 PBANK: f CYCLE: 12499
NORMAL PADDR: 0 VADDR: 0 PROW: 1 PBANK: 0 CYCLE: 12499
PNORMAL PADDR: 0 VADDR: 0 PROW: 1 PBANK: 0 CYCLE: 12499
NORMAL PADDR: 0 VADDR: 0 PROW: 1 PBANK: 1 CYCLE: 12499
PNORMAL PADDR: 0 VADDR: 0 PROW: 1 PBANK: 1 CYCLE: 12499
NORMAL PADDR: 0 VADDR: 0 PROW: 1 PBANK: 2 CYCLE: 12499
PNORMAL PADDR: 0 VADDR: 0 PROW: 1 PBANK: 2 CYCLE: 12499
NORMAL PADDR: 0 VADDR: 0 PROW: 1 PBANK: 3 CYCLE: 12499
PNORMAL PADDR: 0 VADDR: 0 PROW: 1 PBANK: 3 CYCLE: 12499
NORMAL PADDR: 0 VADDR: 0 PROW: 1 PBANK: 4 CYCLE: 12499
PNORMAL PADDR: 0 VADDR: 0 PROW: 1 PBANK: 4 CYCLE: 12499
NORMAL PADDR: 0 VADDR: 0 PROW: 1 PBANK: 5 CYCLE: 12499
PNORMAL PADDR: 0 VADDR: 0 PROW: 1 PBANK: 5 CYCLE: 12499
NORMAL PADDR: 0 VADDR: 0 PROW: 1 PBANK: 6 CYCLE: 12499
PNORMAL PADDR: 0 VADDR: 0 PROW: 1 PBANK: 6 CYCLE: 12499
NORMAL PADDR: 0 VADDR: 0 PROW: 1 PBANK: 7 CYCLE: 12499
PNORMAL PADDR: 0 VADDR: 0 PROW: 1 PBANK: 7 CYCLE: 12499
NORMAL PADDR: 0 VADDR: 0 PROW: 1 PBANK: 8 CYCLE: 12499
PNORMAL PADDR: 0 VADDR: 0 PROW: 1 PBANK: 8 CYCLE: 12499
NORMAL PADDR: 0 VADDR: 0 PROW: 1 PBANK: 9 CYCLE: 12499
PNORMAL PADDR: 0 VADDR: 0 PROW: 1 PBANK: 9 CYCLE: 12499
NORMAL PADDR: 0 VADDR: 0 PROW: 1 PBANK: a CYCLE: 12499
PNORMAL PADDR: 0 VADDR: 0 PROW: 1 PBANK: a CYCLE: 12499
NORMAL PADDR: 0 VADDR: 0 PROW: 1 PBANK: b CYCLE: 12499
PNORMAL PADDR: 0 VADDR: 0 PROW: 1 PBANK: b CYCLE: 12499
NORMAL PADDR: 0 VADDR: 0 PROW: 1 PBANK: c CYCLE: 12499
PNORMAL PADDR: 0 VADDR: 0 PROW: 1 PBANK: c CYCLE: 12499
NORMAL PADDR: 0 VADDR: 0 PROW: 1 PBANK: d CYCLE: 12499
PNORMAL PADDR: 0 VADDR: 0 PROW: 1 PBANK: d CYCLE: 12499
NORMAL PADDR: 0 VADDR: 0 PROW: 1 PBANK: e CYCLE: 12499
PNORMAL PADDR: 0 VADDR: 0 PROW: 1 PBANK: e CYCLE: 12499
NORMAL PADDR: 0 VADDR: 0 PROW: 1 PBANK: f CYCLE: 12499
PNORMAL PADDR: 117110 VADDR: 0 PROW: 13 PBANK: 2 CYCLE: 5512
NORMAL PADDR: 0 VADDR: 0 PROW: 0 PBANK: 0 CYCLE: 12499
PNORMAL PADDR: 0 VADDR: 0 PROW: 0 PBANK: 0 CYCLE: 12499
NORMAL PADDR: 0 VADDR: 0 PROW: 0 PBANK: 1 CYCLE: 12499
PNORMAL PADDR: 0 VADDR: 0 PROW: 0 PBANK: 1 CYCLE: 12499
NORMAL PADDR: 0 VADDR: 0 PROW: 0 PBANK: 2 CYCLE: 12499
PNORMAL PADDR: 0 VADDR: 0 PROW: 0 PBANK: 2 CYCLE: 12499
NORMAL PADDR: 0 VADDR: 0 PROW: 0 PBANK: 3 CYCLE: 12499
PNORMAL PADDR: 0 VADDR: 0 PROW: 0 PBANK: 3 CYCLE: 12499
NORMAL PADDR: 0 VADDR: 0 PROW: 0 PBANK: 4 CYCLE: 12499
PNORMAL PADDR: 0 VADDR: 0 PROW: 0 PBANK: 4 CYCLE: 12499
NORMAL PADDR: 0 VADDR: 0 PROW: 0 PBANK: 5 CYCLE: 12499
PNORMAL PADDR: 0 VADDR: 0 PROW: 0 PBANK: 5 CYCLE: 12499
NORMAL PADDR: 0 VADDR: 0 PROW: 0 PBANK: 6 CYCLE: 12499
PNORMAL PADDR: 0 VADDR: 0 PROW: 0 PBANK: 6 CYCLE: 12499
NORMAL PADDR: 0 VADDR: 0 PROW: 0 PBANK: 7 CYCLE: 12499
PNORMAL PADDR: 0 VADDR: 0 PROW: 0 PBANK: 7 CYCLE: 12499
NORMAL PADDR: 0 VADDR: 0 PROW: 0 PBANK: 8 CYCLE: 12499
PNORMAL PADDR: 0 VADDR: 0 PROW: 0 PBANK: 8 CYCLE: 12499
NORMAL PADDR: 0 VADDR: 0 PROW: 0 PBANK: 9 CYCLE: 12499
PNORMAL PADDR: 0 VADDR: 0 PROW: 0 PBANK: 9 CYCLE: 12499
NORMAL PADDR: 0 VADDR: 0 PROW: 0 PBANK: a CYCLE: 12499
PNORMAL PADDR: 0 VADDR: 0 PROW: 0 PBANK: a CYCLE: 12499
NORMAL PADDR: 0 VADDR: 0 PROW: 0 PBANK: b CYCLE: 12499
PNORMAL PADDR: 0 VADDR: 0 PROW: 0 PBANK: b CYCLE: 12499
NORMAL PADDR: 0 VADDR: 0 PROW: 0 PBANK: c CYCLE: 12499
PNORMAL PADDR: 0 VADDR: 0 PROW: 0 PBANK: c CYCLE: 12499
NORMAL PADDR: 0 VADDR: 0 PROW: 0 PBANK: d CYCLE: 12499
PNORMAL PADDR: 0 VADDR: 0 PROW: 0 PBANK: d CYCLE: 12499
NORMAL PADDR: 0 VADDR: 0 PROW: 0 PBANK: e CYCLE: 12499
PNORMAL PADDR: 0 VADDR: 0 PROW: 0 PBANK: e CYCLE: 12499
NORMAL PADDR: 0 VADDR: 0 PROW: 0 PBANK: f CYCLE: 12499
PNORMAL PADDR: 0 VADDR: 0 PROW: 0 PBANK: f CYCLE: 12499
NORMAL PADDR: 0 VADDR: 0 PROW: 1 PBANK: 0 CYCLE: 12499
PNORMAL PADDR: 0 VADDR: 0 PROW: 1 PBANK: 0 CYCLE: 12499
NORMAL PADDR: 0 VADDR: 0 PROW: 1 PBANK: 1 CYCLE: 12499
PNORMAL PADDR: 0 VADDR: 0 PROW: 1 PBANK: 1 CYCLE: 12499
NORMAL PADDR: 0 VADDR: 0 PROW: 1 PBANK: 2 CYCLE: 12499
PNORMAL PADDR: 0 VADDR: 0 PROW: 1 PBANK: 2 CYCLE: 12499
NORMAL PADDR: 0 VADDR: 0 PROW: 1 PBANK: 3 CYCLE: 12499
PNORMAL PADDR: 0 VADDR: 0 PROW: 1 PBANK: 3 CYCLE: 12499
NORMAL PADDR: 0 VADDR: 0 PROW: 1 PBANK: 4 CYCLE: 12499
PNORMAL PADDR: 0 VADDR: 0 PROW: 1 PBANK: 4 CYCLE: 12499
NORMAL PADDR: 0 VADDR: 0 PROW: 1 PBANK: 5 CYCLE: 12499
PNORMAL PADDR: 0 VADDR: 0 PROW: 1 PBANK: 5 CYCLE: 12499
NORMAL PADDR: 0 VADDR: 0 PROW: 1 PBANK: 6 CYCLE: 12499
PNORMAL PADDR: 0 VADDR: 0 PROW: 1 PBANK: 6 CYCLE: 12499
NORMAL PADDR: 0 VADDR: 0 PROW: 1 PBANK: 7 CYCLE: 12499
PNORMAL PADDR: 0 VADDR: 0 PROW: 1 PBANK: 7 CYCLE: 12499
NORMAL PADDR: 0 VADDR: 0 PROW: 1 PBANK: 8 CYCLE: 12499
PNORMAL PADDR: 0 VADDR: 0 PROW: 1 PBANK: 8 CYCLE: 12499
NORMAL PADDR: 0 VADDR: 0 PROW: 1 PBANK: 9 CYCLE: 12499
PNORMAL PADDR: 0 VADDR: 0 PROW: 1 PBANK: 9 CYCLE: 12499
NORMAL PADDR: 0 VADDR: 0 PROW: 1 PBANK: a CYCLE: 12499
PNORMAL PADDR: 0 VADDR: 0 PROW: 1 PBANK: a CYCLE: 12499
NORMAL PADDR: 0 VADDR: 0 PROW: 1 PBANK: b CYCLE: 12499
PNORMAL PADDR: 0 VADDR: 0 PROW: 1 PBANK: b CYCLE: 12499
NORMAL PADDR: 0 VADDR: 0 PROW: 1 PBANK: c CYCLE: 12499
PNORMAL PADDR: 0 VADDR: 0 PROW: 1 PBANK: c CYCLE: 12499
NORMAL PADDR: 0 VADDR: 0 PROW: 1 PBANK: d CYCLE: 12499
PNORMAL PADDR: 0 VADDR: 0 PROW: 1 PBANK: d CYCLE: 12499
NORMAL PADDR: 0 VADDR: 0 PROW: 1 PBANK: e CYCLE: 12499
PNORMAL PADDR: 0 VADDR: 0 PROW: 1 PBANK: e CYCLE: 12499
NORMAL PADDR: 0 VADDR: 0 PROW: 1 PBANK: f CYCLE: 12499
PNORMAL PADDR: 0 VADDR: 0 PROW: 3 PBANK: f CYCLE: 12499
NORMAL PADDR: 0 VADDR: 0 PROW: 0 PBANK: 0 CYCLE: 12499
PNORMAL PADDR: 0 VADDR: 0 PROW: 0 PBANK: 0 CYCLE: 12499
NORMAL PADDR: 0 VADDR: 0 PROW: 0 PBANK: 1 CYCLE: 12499
PNORMAL PADDR: 0 VADDR: 0 PROW: 0 PBANK: 1 CYCLE: 12499
NORMAL PADDR: 0 VADDR: 0 PROW: 0 PBANK: 2 CYCLE: 12499
PNORMAL PADDR: 0 VADDR: 0 PROW: 0 PBANK: 2 CYCLE: 12499
NORMAL PADDR: 0 VADDR: 0 PROW: 0 PBANK: 3 CYCLE: 12499
PNORMAL PADDR: 0 VADDR: 0 PROW: 0 PBANK: 3 CYCLE: 12499
NORMAL PADDR: 0 VADDR: 0 PROW: 0 PBANK: 4 CYCLE: 12499
PNORMAL PADDR: 0 VADDR: 0 PROW: 0 PBANK: 4 CYCLE: 12499
NORMAL PADDR: 0 VADDR: 0 PROW: 0 PBANK: 5 CYCLE: 12499
PNORMAL PADDR: 0 VADDR: 0 PROW: 0 PBANK: 5 CYCLE: 12499
NORMAL PADDR: 0 VADDR: 0 PROW: 0 PBANK: 6 CYCLE: 12499
PNORMAL PADDR: 0 VADDR: 0 PROW: 0 PBANK: 6 CYCLE: 12499
NORMAL PADDR: 0 VADDR: 0 PROW: 0 PBANK: 7 CYCLE: 12499
PNORMAL PADDR: 0 VADDR: 0 PROW: 0 PBANK: 7 CYCLE: 12499
NORMAL PADDR: 0 VADDR: 0 PROW: 0 PBANK: 8 CYCLE: 12499
PNORMAL PADDR: 0 VADDR: 0 PROW: 0 PBANK: 8 CYCLE: 12499
NORMAL PADDR: 0 VADDR: 0 PROW: 0 PBANK: 9 CYCLE: 12499
PNORMAL PADDR: 0 VADDR: 0 PROW: 0 PBANK: 9 CYCLE: 12499
NORMAL PADDR: 0 VADDR: 0 PROW: 0 PBANK: a CYCLE: 12499
PNORMAL PADDR: 0 VADDR: 0 PROW: 0 PBANK: a CYCLE: 12499
NORMAL PADDR: 0 VADDR: 0 PROW: 0 PBANK: b CYCLE: 12499
PNORMAL PADDR: 0 VADDR: 0 PROW: 0 PBANK: b CYCLE: 12499
NORMAL PADDR: 0 VADDR: 0 PROW: 0 PBANK: c CYCLE: 12499
PNORMAL PADDR: 0 VADDR: 0 PROW: 0 PBANK: c CYCLE: 12499
NORMAL PADDR: 0 VADDR: 0 PROW: 0 PBANK: d CYCLE: 12499
PNORMAL PADDR: 0 VADDR: 0 PROW: 0 PBANK: d CYCLE: 12499
NORMAL PADDR: 0 VADDR: 0 PROW: 0 PBANK: e CYCLE: 12499
PNORMAL PADDR: 0 VADDR: 0 PROW: 0 PBANK: e CYCLE: 12499
NORMAL PADDR: 0 VADDR: 0 PROW: 0 PBANK: f CYCLE: 12499
PNORMAL PADDR: 0 VADDR: 0 PROW: 0 PBANK: f CYCLE: 12499
NORMAL PADDR: 0 VADDR: 0 PROW: 1 PBANK: 0 CYCLE: 12499
PNORMAL PADDR: 0 VADDR: 0 PROW: 1 PBANK: 0 CYCLE: 12499
NORMAL PADDR: 0 VADDR: 0 PROW: 1 PBANK: 1 CYCLE: 12499
PNORMAL PADDR: 0 VADDR: 0 PROW: 1 PBANK: 1 CYCLE: 12499
NORMAL PADDR: 0 VADDR: 0 PROW: 1 PBANK: 2 CYCLE: 12499
PNORMAL PADDR: 0 VADDR: 0 PROW: 1 PBANK: 2 CYCLE: 12499
NORMAL PADDR: 0 VADDR: 0 PROW: 1 PBANK: 3 CYCLE: 12499
PNORMAL PADDR: 0 VADDR: 0 PROW: 1 PBANK: 3 CYCLE: 12499
NORMAL PADDR: 0 VADDR: 0 PROW: 1 PBANK: 4 CYCLE: 12499
PNORMAL PADDR: 0 VADDR: 0 PROW: 1 PBANK: 4 CYCLE: 12499
NORMAL PADDR: 0 VADDR: 0 PROW: 1 PBANK: 5 CYCLE: 12499
PNORMAL PADDR: 0 VADDR: 0 PROW: 1 PBANK: 5 CYCLE: 12499
NORMAL PADDR: 0 VADDR: 0 PROW: 1 PBANK: 6 CYCLE: 12499
PNORMAL PADDR: 0 VADDR: 0 PROW: 1 PBANK: 6 CYCLE: 12499
NORMAL PADDR: 0 VADDR: 0 PROW: 1 PBANK: 7 CYCLE: 12499
PNORMAL PADDR: 0 VADDR: 0 PROW: 1 PBANK: 7 CYCLE: 12499
NORMAL PADDR: 0 VADDR: 0 PROW: 1 PBANK: 8 CYCLE: 12499
PNORMAL PADDR: 0 VADDR: 0 PROW: 1 PBANK: 8 CYCLE: 12499
NORMAL PADDR: 0 VADDR: 0 PROW: 1 PBANK: 9 CYCLE: 12499
PNORMAL PADDR: 0 VADDR: 0 PROW: 1 PBANK: 9 CYCLE: 12499
NORMAL PADDR: 0 VADDR: 0 PROW: 1 PBANK: a CYCLE: 12499
PNORMAL PADDR: 0 VADDR: 0 PROW: 1 PBANK: a CYCLE: 12499
NORMAL PADDR: 0 VADDR: 0 PROW: 1 PBANK: b CYCLE: 12499
PNORMAL PADDR: 0 VADDR: 0 PROW: 1 PBANK: b CYCLE: 12499
NORMAL PADDR: 0 VADDR: 0 PROW: 1 PBANK: c CYCLE: 12499
PNORMAL PADDR: 0 VADDR: 0 PROW: 1 PBANK: c CYCLE: 12499
NORMAL PADDR: 0 VADDR: 0 PROW: 1 PBANK: d CYCLE: 12499
PNORMAL PADDR: 0 VADDR: 0 PROW: 1 PBANK: d CYCLE: 12499
NORMAL PADDR: 0 VADDR: 0 PROW: 1 PBANK: e CYCLE: 12499
PNORMAL PADDR: 0 VADDR: 0 PROW: 1 PBANK: e CYCLE: 12499
NORMAL PADDR: 0 VADDR: 0 PROW: 1 PBANK: f CYCLE: 12499
PNORMAL PADDR: 0 VADDR: 0 PROW: 7ffe PBANK: f CYCLE: 102236179
NORMAL PADDR: 0 VADDR: 0 PROW: 7fff PBANK: 0 CYCLE: 102236179
PNORMAL PADDR: 0 VADDR: 0 PROW: 7fff PBANK: 0 CYCLE: 102236179
NORMAL PADDR: 0 VADDR: 0 PROW: 7fff PBANK: 1 CYCLE: 102236179
PNORMAL PADDR: 0 VADDR: 0 PROW: 7fff PBANK: 1 CYCLE: 102236179
NORMAL PADDR: 0 VADDR: 0 PROW: 7fff PBANK: 2 CYCLE: 102236179
PNORMAL PADDR: 0 VADDR: 0 PROW: 7fff PBANK: 2 CYCLE: 102236179
NORMAL PADDR: 0 VADDR: 0 PROW: 7fff PBANK: 3 CYCLE: 102236179
PNORMAL PADDR: 0 VADDR: 0 PROW: 7fff PBANK: 3 CYCLE: 102236179
NORMAL PADDR: 0 VADDR: 0 PROW: 7fff PBANK: 4 CYCLE: 102236179
PNORMAL PADDR: 0 VADDR: 0 PROW: 7fff PBANK: 4 CYCLE: 102236179
NORMAL PADDR: 0 VADDR: 0 PROW: 7fff PBANK: 5 CYCLE: 102236179
PNORMAL PADDR: 0 VADDR: 0 PROW: 7fff PBANK: 5 CYCLE: 102236179
NORMAL PADDR: 0 VADDR: 0 PROW: 7fff PBANK: 6 CYCLE: 102236179
PNORMAL PADDR: 0 VADDR: 0 PROW: 7fff PBANK: 6 CYCLE: 102236179
NORMAL PADDR: 0 VADDR: 0 PROW: 7fff PBANK: 7 CYCLE: 102236179
PNORMAL PADDR: 0 VADDR: 0 PROW: 7fff PBANK: 7 CYCLE: 102236179
NORMAL PADDR: 0 VADDR: 0 PROW: 7fff PBANK: 8 CYCLE: 102236179
PNORMAL PADDR: 0 VADDR: 0 PROW: 7fff PBANK: 8 CYCLE: 102236179
NORMAL PADDR: 0 VADDR: 0 PROW: 7fff PBANK: 9 CYCLE: 102236179
PNORMAL PADDR: 0 VADDR: 0 PROW: 7fff PBANK: 9 CYCLE: 102236179
NORMAL PADDR: 0 VADDR: 0 PROW: 7fff PBANK: a CYCLE: 102236179
PNORMAL PADDR: 0 VADDR: 0 PROW: 7fff PBANK: a CYCLE: 102236179
NORMAL PADDR: 0 VADDR: 0 PROW: 7fff PBANK: b CYCLE: 102236179
PNORMAL PADDR: 0 VADDR: 0 PROW: 7fff PBANK: b CYCLE: 102236179
NORMAL PADDR: 0 VADDR: 0 PROW: 7fff PBANK: c CYCLE: 102236179
PNORMAL PADDR: 0 VADDR: 0 PROW: 7fff PBANK: c CYCLE: 102236179
NORMAL PADDR: 0 VADDR: 0 PROW: 7fff PBANK: d CYCLE: 102236179
PNORMAL PADDR: 0 VADDR: 0 PROW: 7fff PBANK: d CYCLE: 102236179
NORMAL PADDR: 0 VADDR: 0 PROW: 7fff PBANK: e CYCLE: 102236179
PNORMAL PADDR: 0 VADDR: 0 PROW: 7fff PBANK: e CYCLE: 102236179
NORMAL PADDR: 0 VADDR: 0 PROW: 7fff PBANK: f CYCLE: 102236179
PNORMAL PADDR: 0 VADDR: 0 PROW: 7ffe PBANK: f CYCLE: 102236179
NORMAL PADDR: 0 VADDR: 0 PROW: 7fff PBANK: 0 CYCLE: 102236179
PNORMAL PADDR: 0 VADDR: 0 PROW: 7fff PBANK: 0 CYCLE: 102236179
NORMAL PADDR: 0 VADDR: 0 PROW: 7fff PBANK: 1 CYCLE: 102236179
PNORMAL PADDR: 0 VADDR: 0 PROW: 7fff PBANK: 1 CYCLE: 102236179
NORMAL PADDR: 0 VADDR: 0 PROW: 7fff PBANK: 2 CYCLE: 102236179
PNORMAL PADDR: 0 VADDR: 0 PROW: 7fff PBANK: 2 CYCLE: 102236179
NORMAL PADDR: 0 VADDR: 0 PROW: 7fff PBANK: 3 CYCLE: 102236179
PNORMAL PADDR: 0 VADDR: 0 PROW: 7fff PBANK: 3 CYCLE: 102236179
NORMAL PADDR: 0 VADDR: 0 PROW: 7fff PBANK: 4 CYCLE: 102236179
PNORMAL PADDR: 0 VADDR: 0 PROW: 7fff PBANK: 4 CYCLE: 102236179
NORMAL PADDR: 0 VADDR: 0 PROW: 7fff PBANK: 5 CYCLE: 102236179
PNORMAL PADDR: 0 VADDR: 0 PROW: 7fff PBANK: 5 CYCLE: 102236179
NORMAL PADDR: 0 VADDR: 0 PROW: 7fff PBANK: 6 CYCLE: 102236179
PNORMAL PADDR: 0 VADDR: 0 PROW: 7fff PBANK: 6 CYCLE: 102236179
NORMAL PADDR: 0 VADDR: 0 PROW: 7fff PBANK: 7 CYCLE: 102236179
PNORMAL PADDR: 0 VADDR: 0 PROW: 7fff PBANK: 7 CYCLE: 102236179
NORMAL PADDR: 0 VADDR: 0 PROW: 7fff PBANK: 8 CYCLE: 102236179
PNORMAL PADDR: 0 VADDR: 0 PROW: 7fff PBANK: 8 CYCLE: 102236179
NORMAL PADDR: 0 VADDR: 0 PROW: 7fff PBANK: 9 CYCLE: 102236179
PNORMAL PADDR: 0 VADDR: 0 PROW: 7fff PBANK: 9 CYCLE: 102236179
NORMAL PADDR: 0 VADDR: 0 PROW: 7fff PBANK: a CYCLE: 102236179
PNORMAL PADDR: 0 VADDR: 0 PROW: 7fff PBANK: a CYCLE: 102236179
NORMAL PADDR: 0 VADDR: 0 PROW: 7fff PBANK: b CYCLE: 102236179
PNORMAL PADDR: 0 VADDR: 0 PROW: 7fff PBANK: b CYCLE: 102236179
NORMAL PADDR: 0 VADDR: 0 PROW: 7fff PBANK: c CYCLE: 102236179
PNORMAL PADDR: 0 VADDR: 0 PROW: 7fff PBANK: c CYCLE: 102236179
NORMAL PADDR: 0 VADDR: 0 PROW: 7fff PBANK: d CYCLE: 102236179
PNORMAL PADDR: 0 VADDR: 0 PROW: 7fff PBANK: d CYCLE: 102236179
NORMAL PADDR: 0 VADDR: 0 PROW: 7fff PBANK: e CYCLE: 102236179
PNORMAL PADDR: 0 VADDR: 0 PROW: 7fff PBANK: e CYCLE: 102236179
NORMAL PADDR: 0 VADDR: 0 PROW: 7fff PBANK: f CYCLE: 102236179
PPREFETCH PADDR: 65f18c0 VADDR: 0 PROW: 1a6 PBANK: 3 CYCLE: 102246582
NORMAL PADDR: 0 VADDR: 0 PROW: 0 PBANK: 0 CYCLE: 102248659
PNORMAL PADDR: 0 VADDR: 0 PROW: 0 PBANK: 0 CYCLE: 102248659
NORMAL PADDR: 0 VADDR: 0 PROW: 0 PBANK: 1 CYCLE: 102248659
PNORMAL PADDR: 0 VADDR: 0 PROW: 0 PBANK: 1 CYCLE: 102248659
NORMAL PADDR: 0 VADDR: 0 PROW: 0 PBANK: 2 CYCLE: 102248659
PNORMAL PADDR: 0 VADDR: 0 PROW: 0 PBANK: 2 CYCLE: 102248659
NORMAL PADDR: 0 VADDR: 0 PROW: 0 PBANK: 3 CYCLE: 102248659
PNORMAL PADDR: 0 VADDR: 0 PROW: 0 PBANK: 3 CYCLE: 102248659
NORMAL PADDR: 0 VADDR: 0 PROW: 0 PBANK: 4 CYCLE: 102248659
PNORMAL PADDR: 0 VADDR: 0 PROW: 0 PBANK: 4 CYCLE: 102248659
NORMAL PADDR: 0 VADDR: 0 PROW: 0 PBANK: 5 CYCLE: 102248659
PNORMAL PADDR: 0 VADDR: 0 PROW: 0 PBANK: 5 CYCLE: 102248659
NORMAL PADDR: 0 VADDR: 0 PROW: 0 PBANK: 6 CYCLE: 102248659
PNORMAL PADDR: 0 VADDR: 0 PROW: 0 PBANK: 6 CYCLE: 102248659
NORMAL PADDR: 0 VADDR: 0 PROW: 0 PBANK: 7 CYCLE: 102248659
PNORMAL PADDR: 0 VADDR: 0 PROW: 0 PBANK: 7 CYCLE: 102248659
NORMAL PADDR: 0 VADDR: 0 PROW: 0 PBANK: 8 CYCLE: 102248659
PNORMAL PADDR: 0 VADDR: 0 PROW: 0 PBANK: 8 CYCLE: 102248659
NORMAL PADDR: 0 VADDR: 0 PROW: 0 PBANK: 9 CYCLE: 102248659
PNORMAL PADDR: 0 VADDR: 0 PROW: 0 PBANK: 9 CYCLE: 102248659
NORMAL PADDR: 0 VADDR: 0 PROW: 0 PBANK: a CYCLE: 102248659
PNORMAL PADDR: 0 VADDR: 0 PROW: 0 PBANK: a CYCLE: 102248659
NORMAL PADDR: 0 VADDR: 0 PROW: 0 PBANK: b CYCLE: 102248659
PNORMAL PADDR: 0 VADDR: 0 PROW: 0 PBANK: b CYCLE: 102248659
NORMAL PADDR: 0 VADDR: 0 PROW: 0 PBANK: c CYCLE: 102248659
PNORMAL PADDR: 0 VADDR: 0 PROW: 0 PBANK: c CYCLE: 102248659
NORMAL PADDR: 0 VADDR: 0 PROW: 0 PBANK: d CYCLE: 102248659
PNORMAL PADDR: 0 VADDR: 0 PROW: 0 PBANK: d CYCLE: 102248659
NORMAL PADDR: 0 VADDR: 0 PROW: 0 PBANK: e CYCLE: 102248659
PNORMAL PADDR: 0 VADDR: 0 PROW: 0 PBANK: e CYCLE: 102248659
NORMAL PADDR: 0 VADDR: 0 PROW: 0 PBANK: f CYCLE: 102248659
PNORMAL PADDR: 0 VADDR: 0 PROW: 0 PBANK: f CYCLE: 102248659
NORMAL PADDR: 0 VADDR: 0 PROW: 1 PBANK: 0 CYCLE: 102248659
PNORMAL PADDR: 0 VADDR: 0 PROW: 1 PBANK: 0 CYCLE: 102248659
NORMAL PADDR: 0 VADDR: 0 PROW: 1 PBANK: 1 CYCLE: 102248659
PNORMAL PADDR: 0 VADDR: 0 PROW: 1 PBANK: 1 CYCLE: 102248659
NORMAL PADDR: 0 VADDR: 0 PROW: 1 PBANK: 2 CYCLE: 102248659
PNORMAL PADDR: 0 VADDR: 0 PROW: 1 PBANK: 2 CYCLE: 102248659
NORMAL PADDR: 0 VADDR: 0 PROW: 1 PBANK: 3 CYCLE: 102248659
PNORMAL PADDR: 0 VADDR: 0 PROW: 1 PBANK: 3 CYCLE: 102248659
NORMAL PADDR: 0 VADDR: 0 PROW: 1 PBANK: 4 CYCLE: 102248659
PNORMAL PADDR: 0 VADDR: 0 PROW: 1 PBANK: 4 CYCLE: 102248659
NORMAL PADDR: 0 VADDR: 0 PROW: 1 PBANK: 5 CYCLE: 102248659
PNORMAL PADDR: 0 VADDR: 0 PROW: 1 PBANK: 5 CYCLE: 102248659
NORMAL PADDR: 0 VADDR: 0 PROW: 1 PBANK: 6 CYCLE: 102248659
PNORMAL PADDR: 0 VADDR: 0 PROW: 1 PBANK: 6 CYCLE: 102248659
NORMAL PADDR: 0 VADDR: 0 PROW: 1 PBANK: 7 CYCLE: 102248659
PNORMAL PADDR: 0 VADDR: 0 PROW: 1 PBANK: 7 CYCLE: 102248659
NORMAL PADDR: 0 VADDR: 0 PROW: 1 PBANK: 8 CYCLE: 102248659
PNORMAL PADDR: 0 VADDR: 0 PROW: 1 PBANK: 8 CYCLE: 102248659
NORMAL PADDR: 0 VADDR: 0 PROW: 1 PBANK: 9 CYCLE: 102248659
PNORMAL PADDR: 0 VADDR: 0 PROW: 1 PBANK: 9 CYCLE: 102248659
NORMAL PADDR: 0 VADDR: 0 PROW: 1 PBANK: a CYCLE: 102248659
PNORMAL PADDR: 0 VADDR: 0 PROW: 1 PBANK: a CYCLE: 102248659
NORMAL PADDR: 0 VADDR: 0 PROW: 1 PBANK: b CYCLE: 102248659
PNORMAL PADDR: 0 VADDR: 0 PROW: 1 PBANK: b CYCLE: 102248659
NORMAL PADDR: 0 VADDR: 0 PROW: 1 PBANK: c CYCLE: 102248659
PNORMAL PADDR: 0 VADDR: 0 PROW: 1 PBANK: c CYCLE: 102248659
NORMAL PADDR: 0 VADDR: 0 PROW: 1 PBANK: d CYCLE: 102248659
PNORMAL PADDR: 0 VADDR: 0 PROW: 1 PBANK: d CYCLE: 102248659
NORMAL PADDR: 0 VADDR: 0 PROW: 1 PBANK: e CYCLE: 102248659
PNORMAL PADDR: 0 VADDR: 0 PROW: 1 PBANK: e CYCLE: 102248659
NORMAL PADDR: 0 VADDR: 0 PROW: 1 PBANK: f CYCLE: 102248659
PNORMAL PADDR: 0 VADDR: 0 PROW: 3 PBANK: f CYCLE: 102248659
NORMAL PADDR: 0 VADDR: 0 PROW: 0 PBANK: 0 CYCLE: 102248659
PNORMAL PADDR: 0 VADDR: 0 PROW: 0 PBANK: 0 CYCLE: 102248659
NORMAL PADDR: 0 VADDR: 0 PROW: 0 PBANK: 1 CYCLE: 102248659
PNORMAL PADDR: 0 VADDR: 0 PROW: 0 PBANK: 1 CYCLE: 102248659
NORMAL PADDR: 0 VADDR: 0 PROW: 0 PBANK: 2 CYCLE: 102248659
PNORMAL PADDR: 0 VADDR: 0 PROW: 0 PBANK: 2 CYCLE: 102248659
NORMAL PADDR: 0 VADDR: 0 PROW: 0 PBANK: 3 CYCLE: 102248659
PNORMAL PADDR: 0 VADDR: 0 PROW: 0 PBANK: 3 CYCLE: 102248659
NORMAL PADDR: 0 VADDR: 0 PROW: 0 PBANK: 4 CYCLE: 102248659
PNORMAL PADDR: 0 VADDR: 0 PROW: 0 PBANK: 4 CYCLE: 102248659
NORMAL PADDR: 0 VADDR: 0 PROW: 0 PBANK: 5 CYCLE: 102248659
PNORMAL PADDR: 0 VADDR: 0 PROW: 0 PBANK: 5 CYCLE: 102248659
NORMAL PADDR: 0 VADDR: 0 PROW: 0 PBANK: 6 CYCLE: 102248659
PNORMAL PADDR: 0 VADDR: 0 PROW: 0 PBANK: 6 CYCLE: 102248659
NORMAL PADDR: 0 VADDR: 0 PROW: 0 PBANK: 7 CYCLE: 102248659
PNORMAL PADDR: 0 VADDR: 0 PROW: 0 PBANK: 7 CYCLE: 102248659
NORMAL PADDR: 0 VADDR: 0 PROW: 0 PBANK: 8 CYCLE: 102248659
PNORMAL PADDR: 0 VADDR: 0 PROW: 0 PBANK: 8 CYCLE: 102248659
NORMAL PADDR: 0 VADDR: 0 PROW: 0 PBANK: 9 CYCLE: 102248659
PNORMAL PADDR: 0 VADDR: 0 PROW: 0 PBANK: 9 CYCLE: 102248659
NORMAL PADDR: 0 VADDR: 0 PROW: 0 PBANK: a CYCLE: 102248659
PNORMAL PADDR: 0 VADDR: 0 PROW: 0 PBANK: a CYCLE: 102248659
NORMAL PADDR: 0 VADDR: 0 PROW: 0 PBANK: b CYCLE: 102248659
PNORMAL PADDR: 0 VADDR: 0 PROW: 0 PBANK: b CYCLE: 102248659
NORMAL PADDR: 0 VADDR: 0 PROW: 0 PBANK: c CYCLE: 102248659
PNORMAL PADDR: 0 VADDR: 0 PROW: 0 PBANK: c CYCLE: 102248659
NORMAL PADDR: 0 VADDR: 0 PROW: 0 PBANK: d CYCLE: 102248659
PNORMAL PADDR: 0 VADDR: 0 PROW: 0 PBANK: d CYCLE: 102248659
NORMAL PADDR: 0 VADDR: 0 PROW: 0 PBANK: e CYCLE: 102248659
PNORMAL PADDR: 0 VADDR: 0 PROW: 0 PBANK: e CYCLE: 102248659
NORMAL PADDR: 0 VADDR: 0 PROW: 0 PBANK: f CYCLE: 102248659
PNORMAL PADDR: 0 VADDR: 0 PROW: 0 PBANK: f CYCLE: 102248659
NORMAL PADDR: 0 VADDR: 0 PROW: 1 PBANK: 0 CYCLE: 102248659
PNORMAL PADDR: 0 VADDR: 0 PROW: 1 PBANK: 0 CYCLE: 102248659
NORMAL PADDR: 0 VADDR: 0 PROW: 1 PBANK: 1 CYCLE: 102248659
PNORMAL PADDR: 0 VADDR: 0 PROW: 1 PBANK: 1 CYCLE: 102248659
NORMAL PADDR: 0 VADDR: 0 PROW: 1 PBANK: 2 CYCLE: 102248659
PNORMAL PADDR: 0 VADDR: 0 PROW: 1 PBANK: 2 CYCLE: 102248659
NORMAL PADDR: 0 VADDR: 0 PROW: 1 PBANK: 3 CYCLE: 102248659
PNORMAL PADDR: 0 VADDR: 0 PROW: 1 PBANK: 3 CYCLE: 102248659
NORMAL PADDR: 0 VADDR: 0 PROW: 1 PBANK: 4 CYCLE: 102248659
PNORMAL PADDR: 0 VADDR: 0 PROW: 1 PBANK: 4 CYCLE: 102248659
NORMAL PADDR: 0 VADDR: 0 PROW: 1 PBANK: 5 CYCLE: 102248659
PNORMAL PADDR: 0 VADDR: 0 PROW: 1 PBANK: 5 CYCLE: 102248659
NORMAL PADDR: 0 VADDR: 0 PROW: 1 PBANK: 6 CYCLE: 102248659
PNORMAL PADDR: 0 VADDR: 0 PROW: 1 PBANK: 6 CYCLE: 102248659
NORMAL PADDR: 0 VADDR: 0 PROW: 1 PBANK: 7 CYCLE: 102248659
PNORMAL PADDR: 0 VADDR: 0 PROW: 1 PBANK: 7 CYCLE: 102248659
NORMAL PADDR: 0 VADDR: 0 PROW: 1 PBANK: 8 CYCLE: 102248659
PNORMAL PADDR: 0 VADDR: 0 PROW: 1 PBANK: 8 CYCLE: 102248659
NORMAL PADDR: 0 VADDR: 0 PROW: 1 PBANK: 9 CYCLE: 102248659
PNORMAL PADDR: 0 VADDR: 0 PROW: 1 PBANK: 9 CYCLE: 102248659
NORMAL PADDR: 0 VADDR: 0 PROW: 1 PBANK: a CYCLE: 102248659
PNORMAL PADDR: 0 VADDR: 0 PROW: 1 PBANK: a CYCLE: 102248659
NORMAL PADDR: 0 VADDR: 0 PROW: 1 PBANK: b CYCLE: 102248659
PNORMAL PADDR: 0 VADDR: 0 PROW: 1 PBANK: b CYCLE: 102248659
NORMAL PADDR: 0 VADDR: 0 PROW: 1 PBANK: c CYCLE: 102248659
PNORMAL PADDR: 0 VADDR: 0 PROW: 1 PBANK: c CYCLE: 102248659
NORMAL PADDR: 0 VADDR: 0 PROW: 1 PBANK: d CYCLE: 102248659
PNORMAL PADDR: 0 VADDR: 0 PROW: 1 PBANK: d CYCLE: 102248659
NORMAL PADDR: 0 VADDR: 0 PROW: 1 PBANK: e CYCLE: 102248659
PNORMAL PADDR: 0 VADDR: 0 PROW: 1 PBANK: e CYCLE: 102248659
NORMAL PADDR: 0 VADDR: 0 PROW: 1 PBANK: f CYCLE: 102248659
PNORMAL PADDR: 0 VADDR: 0 PROW: 7ffe PBANK: f CYCLE: 204472339
NORMAL PADDR: 0 VADDR: 0 PROW: 7fff PBANK: 0 CYCLE: 204472339
PNORMAL PADDR: 0 VADDR: 0 PROW: 7fff PBANK: 0 CYCLE: 204472339
NORMAL PADDR: 0 VADDR: 0 PROW: 7fff PBANK: 1 CYCLE: 204472339
PNORMAL PADDR: 0 VADDR: 0 PROW: 7fff PBANK: 1 CYCLE: 204472339
NORMAL PADDR: 0 VADDR: 0 PROW: 7fff PBANK: 2 CYCLE: 204472339
PNORMAL PADDR: 0 VADDR: 0 PROW: 7fff PBANK: 2 CYCLE: 204472339
NORMAL PADDR: 0 VADDR: 0 PROW: 7fff PBANK: 3 CYCLE: 204472339
PNORMAL PADDR: 0 VADDR: 0 PROW: 7fff PBANK: 3 CYCLE: 204472339
NORMAL PADDR: 0 VADDR: 0 PROW: 7fff PBANK: 4 CYCLE: 204472339
PNORMAL PADDR: 0 VADDR: 0 PROW: 7fff PBANK: 4 CYCLE: 204472339
NORMAL PADDR: 0 VADDR: 0 PROW: 7fff PBANK: 5 CYCLE: 204472339
PNORMAL PADDR: 0 VADDR: 0 PROW: 7fff PBANK: 5 CYCLE: 204472339
NORMAL PADDR: 0 VADDR: 0 PROW: 7fff PBANK: 6 CYCLE: 204472339
PNORMAL PADDR: 0 VADDR: 0 PROW: 7fff PBANK: 6 CYCLE: 204472339
NORMAL PADDR: 0 VADDR: 0 PROW: 7fff PBANK: 7 CYCLE: 204472339
PNORMAL PADDR: 0 VADDR: 0 PROW: 7fff PBANK: 7 CYCLE: 204472339
NORMAL PADDR: 0 VADDR: 0 PROW: 7fff PBANK: 8 CYCLE: 204472339
PNORMAL PADDR: 0 VADDR: 0 PROW: 7fff PBANK: 8 CYCLE: 204472339
NORMAL PADDR: 0 VADDR: 0 PROW: 7fff PBANK: 9 CYCLE: 204472339
PNORMAL PADDR: 0 VADDR: 0 PROW: 7fff PBANK: 9 CYCLE: 204472339
NORMAL PADDR: 0 VADDR: 0 PROW: 7fff PBANK: a CYCLE: 204472339
PNORMAL PADDR: 0 VADDR: 0 PROW: 7fff PBANK: a CYCLE: 204472339
NORMAL PADDR: 0 VADDR: 0 PROW: 7fff PBANK: b CYCLE: 204472339
PNORMAL PADDR: 0 VADDR: 0 PROW: 7fff PBANK: b CYCLE: 204472339
NORMAL PADDR: 0 VADDR: 0 PROW: 7fff PBANK: c CYCLE: 204472339
PNORMAL PADDR: 0 VADDR: 0 PROW: 7fff PBANK: c CYCLE: 204472339
NORMAL PADDR: 0 VADDR: 0 PROW: 7fff PBANK: d CYCLE: 204472339
PNORMAL PADDR: 0 VADDR: 0 PROW: 7fff PBANK: d CYCLE: 204472339
NORMAL PADDR: 0 VADDR: 0 PROW: 7fff PBANK: e CYCLE: 204472339
PNORMAL PADDR: 0 VADDR: 0 PROW: 7fff PBANK: e CYCLE: 204472339
NORMAL PADDR: 0 VADDR: 0 PROW: 7fff PBANK: f CYCLE: 204472339
PNORMAL PADDR: 0 VADDR: 0 PROW: 7ffe PBANK: f CYCLE: 204472339
NORMAL PADDR: 0 VADDR: 0 PROW: 7fff PBANK: 0 CYCLE: 204472339
PNORMAL PADDR: 0 VADDR: 0 PROW: 7fff PBANK: 0 CYCLE: 204472339
NORMAL PADDR: 0 VADDR: 0 PROW: 7fff PBANK: 1 CYCLE: 204472339
PNORMAL PADDR: 0 VADDR: 0 PROW: 7fff PBANK: 1 CYCLE: 204472339
NORMAL PADDR: 0 VADDR: 0 PROW: 7fff PBANK: 2 CYCLE: 204472339
PNORMAL PADDR: 0 VADDR: 0 PROW: 7fff PBANK: 2 CYCLE: 204472339
NORMAL PADDR: 0 VADDR: 0 PROW: 7fff PBANK: 3 CYCLE: 204472339
PNORMAL PADDR: 0 VADDR: 0 PROW: 7fff PBANK: 3 CYCLE: 204472339
NORMAL PADDR: 0 VADDR: 0 PROW: 7fff PBANK: 4 CYCLE: 204472339
PNORMAL PADDR: 0 VADDR: 0 PROW: 7fff PBANK: 4 CYCLE: 204472339
NORMAL PADDR: 0 VADDR: 0 PROW: 7fff PBANK: 5 CYCLE: 204472339
PNORMAL PADDR: 0 VADDR: 0 PROW: 7fff PBANK: 5 CYCLE: 204472339
NORMAL PADDR: 0 VADDR: 0 PROW: 7fff PBANK: 6 CYCLE: 204472339
PNORMAL PADDR: 0 VADDR: 0 PROW: 7fff PBANK: 6 CYCLE: 204472339
NORMAL PADDR: 0 VADDR: 0 PROW: 7fff PBANK: 7 CYCLE: 204472339
PNORMAL PADDR: 0 VADDR: 0 PROW: 7fff PBANK: 7 CYCLE: 204472339
NORMAL PADDR: 0 VADDR: 0 PROW: 7fff PBANK: 8 CYCLE: 204472339
PNORMAL PADDR: 0 VADDR: 0 PROW: 7fff PBANK: 8 CYCLE: 204472339
NORMAL PADDR: 0 VADDR: 0 PROW: 7fff PBANK: 9 CYCLE: 204472339
PNORMAL PADDR: 0 VADDR: 0 PROW: 7fff PBANK: 9 CYCLE: 204472339
NORMAL PADDR: 0 VADDR: 0 PROW: 7fff PBANK: a CYCLE: 204472339
PNORMAL PADDR: 0 VADDR: 0 PROW: 7fff PBANK: a CYCLE: 204472339
NORMAL PADDR: 0 VADDR: 0 PROW: 7fff PBANK: b CYCLE: 204472339
PNORMAL PADDR: 0 VADDR: 0 PROW: 7fff PBANK: b CYCLE: 204472339
NORMAL PADDR: 0 VADDR: 0 PROW: 7fff PBANK: c CYCLE: 204472339
PNORMAL PADDR: 0 VADDR: 0 PROW: 7fff PBANK: c CYCLE: 204472339
NORMAL PADDR: 0 VADDR: 0 PROW: 7fff PBANK: d CYCLE: 204472339
PNORMAL PADDR: 0 VADDR: 0 PROW: 7fff PBANK: d CYCLE: 204472339
NORMAL PADDR: 0 VADDR: 0 PROW: 7fff PBANK: e CYCLE: 204472339
PNORMAL PADDR: 0 VADDR: 0 PROW: 7fff PBANK: e CYCLE: 204472339
NORMAL PADDR: 0 VADDR: 0 PROW: 7fff PBANK: f CYCLE: 204472339
PWRITEBACK PADDR: cc84ac0 VADDR: 0 PROW: 341 PBANK: 5 CYCLE: 204484390
NORMAL PADDR: 0 VADDR: 0 PROW: 0 PBANK: 0 CYCLE: 204484819
PNORMAL PADDR: 0 VADDR: 0 PROW: 0 PBANK: 0 CYCLE: 204484819
NORMAL PADDR: 0 VADDR: 0 PROW: 0 PBANK: 1 CYCLE: 204484819
PNORMAL PADDR: 0 VADDR: 0 PROW: 0 PBANK: 1 CYCLE: 204484819
NORMAL PADDR: 0 VADDR: 0 PROW: 0 PBANK: 2 CYCLE: 204484819
PNORMAL PADDR: 0 VADDR: 0 PROW: 0 PBANK: 2 CYCLE: 204484819
NORMAL PADDR: 0 VADDR: 0 PROW: 0 PBANK: 3 CYCLE: 204484819
PNORMAL PADDR: 0 VADDR: 0 PROW: 0 PBANK: 3 CYCLE: 204484819
NORMAL PADDR: 0 VADDR: 0 PROW: 0 PBANK: 4 CYCLE: 204484819
PNORMAL PADDR: 0 VADDR: 0 PROW: 0 PBANK: 4 CYCLE: 204484819
NORMAL PADDR: 0 VADDR: 0 PROW: 0 PBANK: 5 CYCLE: 204484819
PNORMAL PADDR: 0 VADDR: 0 PROW: 0 PBANK: 5 CYCLE: 204484819
NORMAL PADDR: 0 VADDR: 0 PROW: 0 PBANK: 6 CYCLE: 204484819
PNORMAL PADDR: 0 VADDR: 0 PROW: 0 PBANK: 6 CYCLE: 204484819
NORMAL PADDR: 0 VADDR: 0 PROW: 0 PBANK: 7 CYCLE: 204484819
PNORMAL PADDR: 0 VADDR: 0 PROW: 0 PBANK: 7 CYCLE: 204484819
NORMAL PADDR: 0 VADDR: 0 PROW: 0 PBANK: 8 CYCLE: 204484819
PNORMAL PADDR: 0 VADDR: 0 PROW: 0 PBANK: 8 CYCLE: 204484819
NORMAL PADDR: 0 VADDR: 0 PROW: 0 PBANK: 9 CYCLE: 204484819
PNORMAL PADDR: 0 VADDR: 0 PROW: 0 PBANK: 9 CYCLE: 204484819
NORMAL PADDR: 0 VADDR: 0 PROW: 0 PBANK: a CYCLE: 204484819
PNORMAL PADDR: 0 VADDR: 0 PROW: 0 PBANK: a CYCLE: 204484819
NORMAL PADDR: 0 VADDR: 0 PROW: 0 PBANK: b CYCLE: 204484819
PNORMAL PADDR: 0 VADDR: 0 PROW: 0 PBANK: b CYCLE: 204484819
NORMAL PADDR: 0 VADDR: 0 PROW: 0 PBANK: c CYCLE: 204484819
PNORMAL PADDR: 0 VADDR: 0 PROW: 0 PBANK: c CYCLE: 204484819
NORMAL PADDR: 0 VADDR: 0 PROW: 0 PBANK: d CYCLE: 204484819
PNORMAL PADDR: 0 VADDR: 0 PROW: 0 PBANK: d CYCLE: 204484819
NORMAL PADDR: 0 VADDR: 0 PROW: 0 PBANK: e CYCLE: 204484819
PNORMAL PADDR: 0 VADDR: 0 PROW: 0 PBANK: e CYCLE: 204484819
NORMAL PADDR: 0 VADDR: 0 PROW: 0 PBANK: f CYCLE: 204484819
PNORMAL PADDR: 0 VADDR: 0 PROW: 0 PBANK: f CYCLE: 204484819
NORMAL PADDR: 0 VADDR: 0 PROW: 1 PBANK: 0 CYCLE: 204484819
PNORMAL PADDR: 0 VADDR: 0 PROW: 1 PBANK: 0 CYCLE: 204484819
NORMAL PADDR: 0 VADDR: 0 PROW: 1 PBANK: 1 CYCLE: 204484819
PNORMAL PADDR: 0 VADDR: 0 PROW: 1 PBANK: 1 CYCLE: 204484819
NORMAL PADDR: 0 VADDR: 0 PROW: 1 PBANK: 2 CYCLE: 204484819
PNORMAL PADDR: 0 VADDR: 0 PROW: 1 PBANK: 2 CYCLE: 204484819
NORMAL PADDR: 0 VADDR: 0 PROW: 1 PBANK: 3 CYCLE: 204484819
PNORMAL PADDR: 0 VADDR: 0 PROW: 1 PBANK: 3 CYCLE: 204484819
NORMAL PADDR: 0 VADDR: 0 PROW: 1 PBANK: 4 CYCLE: 204484819
PNORMAL PADDR: 0 VADDR: 0 PROW: 1 PBANK: 4 CYCLE: 204484819
NORMAL PADDR: 0 VADDR: 0 PROW: 1 PBANK: 5 CYCLE: 204484819
PNORMAL PADDR: 0 VADDR: 0 PROW: 1 PBANK: 5 CYCLE: 204484819
NORMAL PADDR: 0 VADDR: 0 PROW: 1 PBANK: 6 CYCLE: 204484819
PNORMAL PADDR: 0 VADDR: 0 PROW: 1 PBANK: 6 CYCLE: 204484819
NORMAL PADDR: 0 VADDR: 0 PROW: 1 PBANK: 7 CYCLE: 204484819
PNORMAL PADDR: 0 VADDR: 0 PROW: 1 PBANK: 7 CYCLE: 204484819
NORMAL PADDR: 0 VADDR: 0 PROW: 1 PBANK: 8 CYCLE: 204484819
PNORMAL PADDR: 0 VADDR: 0 PROW: 1 PBANK: 8 CYCLE: 204484819
NORMAL PADDR: 0 VADDR: 0 PROW: 1 PBANK: 9 CYCLE: 204484819
PNORMAL PADDR: 0 VADDR: 0 PROW: 1 PBANK: 9 CYCLE: 204484819
NORMAL PADDR: 0 VADDR: 0 PROW: 1 PBANK: a CYCLE: 204484819
PNORMAL PADDR: 0 VADDR: 0 PROW: 1 PBANK: a CYCLE: 204484819
NORMAL PADDR: 0 VADDR: 0 PROW: 1 PBANK: b CYCLE: 204484819
PNORMAL PADDR: 0 VADDR: 0 PROW: 1 PBANK: b CYCLE: 204484819
NORMAL PADDR: 0 VADDR: 0 PROW: 1 PBANK: c CYCLE: 204484819
PNORMAL PADDR: 0 VADDR: 0 PROW: 1 PBANK: c CYCLE: 204484819
NORMAL PADDR: 0 VADDR: 0 PROW: 1 PBANK: d CYCLE: 204484819
PNORMAL PADDR: 0 VADDR: 0 PROW: 1 PBANK: d CYCLE: 204484819
NORMAL PADDR: 0 VADDR: 0 PROW: 1 PBANK: e CYCLE: 204484819
PNORMAL PADDR: 0 VADDR: 0 PROW: 1 PBANK: e CYCLE: 204484819
NORMAL PADDR: 0 VADDR: 0 PROW: 1 PBANK: f CYCLE: 204484819
PNORMAL PADDR: 0 VADDR: 0 PROW: 3 PBANK: f CYCLE: 204484819
NORMAL PADDR: 0 VADDR: 0 PROW: 0 PBANK: 0 CYCLE: 204484819
PNORMAL PADDR: 0 VADDR: 0 PROW: 0 PBANK: 0 CYCLE: 204484819
NORMAL PADDR: 0 VADDR: 0 PROW: 0 PBANK: 1 CYCLE: 204484819
PNORMAL PADDR: 0 VADDR: 0 PROW: 0 PBANK: 1 CYCLE: 204484819
NORMAL PADDR: 0 VADDR: 0 PROW: 0 PBANK: 2 CYCLE: 204484819
PNORMAL PADDR: 0 VADDR: 0 PROW: 0 PBANK: 2 CYCLE: 204484819
NORMAL PADDR: 0 VADDR: 0 PROW: 0 PBANK: 3 CYCLE: 204484819
PNORMAL PADDR: 0 VADDR: 0 PROW: 0 PBANK: 3 CYCLE: 204484819
NORMAL PADDR: 0 VADDR: 0 PROW: 0 PBANK: 4 CYCLE: 204484819
PNORMAL PADDR: 0 VADDR: 0 PROW: 0 PBANK: 4 CYCLE: 204484819
NORMAL PADDR: 0 VADDR: 0 PROW: 0 PBANK: 5 CYCLE: 204484819
PNORMAL PADDR: 0 VADDR: 0 PROW: 0 PBANK: 5 CYCLE: 204484819
NORMAL PADDR: 0 VADDR: 0 PROW: 0 PBANK: 6 CYCLE: 204484819
PNORMAL PADDR: 0 VADDR: 0 PROW: 0 PBANK: 6 CYCLE: 204484819
NORMAL PADDR: 0 VADDR: 0 PROW: 0 PBANK: 7 CYCLE: 204484819
PNORMAL PADDR: 0 VADDR: 0 PROW: 0 PBANK: 7 CYCLE: 204484819
NORMAL PADDR: 0 VADDR: 0 PROW: 0 PBANK: 8 CYCLE: 204484819
PNORMAL PADDR: 0 VADDR: 0 PROW: 0 PBANK: 8 CYCLE: 204484819
NORMAL PADDR: 0 VADDR: 0 PROW: 0 PBANK: 9 CYCLE: 204484819
PNORMAL PADDR: 0 VADDR: 0 PROW: 0 PBANK: 9 CYCLE: 204484819
NORMAL PADDR: 0 VADDR: 0 PROW: 0 PBANK: a CYCLE: 204484819
PNORMAL PADDR: 0 VADDR: 0 PROW: 0 PBANK: a CYCLE: 204484819
NORMAL PADDR: 0 VADDR: 0 PROW: 0 PBANK: b CYCLE: 204484819
PNORMAL PADDR: 0 VADDR: 0 PROW: 0 PBANK: b CYCLE: 204484819
NORMAL PADDR: 0 VADDR: 0 PROW: 0 PBANK: c CYCLE: 204484819
PNORMAL PADDR: 0 VADDR: 0 PROW: 0 PBANK: c CYCLE: 204484819
NORMAL PADDR: 0 VADDR: 0 PROW: 0 PBANK: d CYCLE: 204484819
PNORMAL PADDR: 0 VADDR: 0 PROW: 0 PBANK: d CYCLE: 204484819
NORMAL PADDR: 0 VADDR: 0 PROW: 0 PBANK: e CYCLE: 204484819
PNORMAL PADDR: 0 VADDR: 0 PROW: 0 PBANK: e CYCLE: 204484819
NORMAL PADDR: 0 VADDR: 0 PROW: 0 PBANK: f CYCLE: 204484819
PNORMAL PADDR: 0 VADDR: 0 PROW: 0 PBANK: f CYCLE: 204484819
NORMAL PADDR: 0 VADDR: 0 PROW: 1 PBANK: 0 CYCLE: 204484819
PNORMAL PADDR: 0 VADDR: 0 PROW: 1 PBANK: 0 CYCLE: 204484819
NORMAL PADDR: 0 VADDR: 0 PROW: 1 PBANK: 1 CYCLE: 204484819
PNORMAL PADDR: 0 VADDR: 0 PROW: 1 PBANK: 1 CYCLE: 204484819
NORMAL PADDR: 0 VADDR: 0 PROW: 1 PBANK: 2 CYCLE: 204484819
PNORMAL PADDR: 0 VADDR: 0 PROW: 1 PBANK: 2 CYCLE: 204484819
NORMAL PADDR: 0 VADDR: 0 PROW: 1 PBANK: 3 CYCLE: 204484819
PNORMAL PADDR: 0 VADDR: 0 PROW: 1 PBANK: 3 CYCLE: 204484819
NORMAL PADDR: 0 VADDR: 0 PROW: 1 PBANK: 4 CYCLE: 204484819
PNORMAL PADDR: 0 VADDR: 0 PROW: 1 PBANK: 4 CYCLE: 204484819
NORMAL PADDR: 0 VADDR: 0 PROW: 1 PBANK: 5 CYCLE: 204484819
PNORMAL PADDR: 0 VADDR: 0 PROW: 1 PBANK: 5 CYCLE: 204484819
NORMAL PADDR: 0 VADDR: 0 PROW: 1 PBANK: 6 CYCLE: 204484819
PNORMAL PADDR: 0 VADDR: 0 PROW: 1 PBANK: 6 CYCLE: 204484819
NORMAL PADDR: 0 VADDR: 0 PROW: 1 PBANK: 7 CYCLE: 204484819
PNORMAL PADDR: 0 VADDR: 0 PROW: 1 PBANK: 7 CYCLE: 204484819
NORMAL PADDR: 0 VADDR: 0 PROW: 1 PBANK: 8 CYCLE: 204484819
PNORMAL PADDR: 0 VADDR: 0 PROW: 1 PBANK: 8 CYCLE: 204484819
NORMAL PADDR: 0 VADDR: 0 PROW: 1 PBANK: 9 CYCLE: 204484819
PNORMAL PADDR: 0 VADDR: 0 PROW: 1 PBANK: 9 CYCLE: 204484819
NORMAL PADDR: 0 VADDR: 0 PROW: 1 PBANK: a CYCLE: 204484819
PNORMAL PADDR: 0 VADDR: 0 PROW: 1 PBANK: a CYCLE: 204484819
NORMAL PADDR: 0 VADDR: 0 PROW: 1 PBANK: b CYCLE: 204484819
PNORMAL PADDR: 0 VADDR: 0 PROW: 1 PBANK: b CYCLE: 204484819
NORMAL PADDR: 0 VADDR: 0 PROW: 1 PBANK: c CYCLE: 204484819
PNORMAL PADDR: 0 VADDR: 0 PROW: 1 PBANK: c CYCLE: 204484819
NORMAL PADDR: 0 VADDR: 0 PROW: 1 PBANK: d CYCLE: 204484819
PNORMAL PADDR: 0 VADDR: 0 PROW: 1 PBANK: d CYCLE: 204484819
NORMAL PADDR: 0 VADDR: 0 PROW: 1 PBANK: e CYCLE: 204484819
PNORMAL PADDR: 0 VADDR: 0 PROW: 1 PBANK: e CYCLE: 204484819
NORMAL PADDR: 0 VADDR: 0 PROW: 1 PBANK: f CYCLE: 204484819
PNORMAL PADDR: 0 VADDR: 0 PROW: 7ffe PBANK: f CYCLE: 306708479
NORMAL PADDR: 0 VADDR: 0 PROW: 7fff PBANK: 0 CYCLE: 306708479
PNORMAL PADDR: 0 VADDR: 0 PROW: 7fff PBANK: 0 CYCLE: 306708479
NORMAL PADDR: 0 VADDR: 0 PROW: 7fff PBANK: 1 CYCLE: 306708479
PNORMAL PADDR: 0 VADDR: 0 PROW: 7fff PBANK: 1 CYCLE: 306708479
NORMAL PADDR: 0 VADDR: 0 PROW: 7fff PBANK: 2 CYCLE: 306708479
PNORMAL PADDR: 0 VADDR: 0 PROW: 7fff PBANK: 2 CYCLE: 306708479
NORMAL PADDR: 0 VADDR: 0 PROW: 7fff PBANK: 3 CYCLE: 306708479
PNORMAL PADDR: 0 VADDR: 0 PROW: 7fff PBANK: 3 CYCLE: 306708479
NORMAL PADDR: 0 VADDR: 0 PROW: 7fff PBANK: 4 CYCLE: 306708479
PNORMAL PADDR: 0 VADDR: 0 PROW: 7fff PBANK: 4 CYCLE: 306708479
NORMAL PADDR: 0 VADDR: 0 PROW: 7fff PBANK: 5 CYCLE: 306708479
PNORMAL PADDR: 0 VADDR: 0 PROW: 7fff PBANK: 5 CYCLE: 306708479
NORMAL PADDR: 0 VADDR: 0 PROW: 7fff PBANK: 6 CYCLE: 306708479
PNORMAL PADDR: 0 VADDR: 0 PROW: 7fff PBANK: 6 CYCLE: 306708479
NORMAL PADDR: 0 VADDR: 0 PROW: 7fff PBANK: 7 CYCLE: 306708479
PNORMAL PADDR: 0 VADDR: 0 PROW: 7fff PBANK: 7 CYCLE: 306708479
NORMAL PADDR: 0 VADDR: 0 PROW: 7fff PBANK: 8 CYCLE: 306708479
PNORMAL PADDR: 0 VADDR: 0 PROW: 7fff PBANK: 8 CYCLE: 306708479
NORMAL PADDR: 0 VADDR: 0 PROW: 7fff PBANK: 9 CYCLE: 306708479
PNORMAL PADDR: 0 VADDR: 0 PROW: 7fff PBANK: 9 CYCLE: 306708479
NORMAL PADDR: 0 VADDR: 0 PROW: 7fff PBANK: a CYCLE: 306708479
PNORMAL PADDR: 0 VADDR: 0 PROW: 7fff PBANK: a CYCLE: 306708479
NORMAL PADDR: 0 VADDR: 0 PROW: 7fff PBANK: b CYCLE: 306708479
PNORMAL PADDR: 0 VADDR: 0 PROW: 7fff PBANK: b CYCLE: 306708479
NORMAL PADDR: 0 VADDR: 0 PROW: 7fff PBANK: c CYCLE: 306708479
PNORMAL PADDR: 0 VADDR: 0 PROW: 7fff PBANK: c CYCLE: 306708479
NORMAL PADDR: 0 VADDR: 0 PROW: 7fff PBANK: d CYCLE: 306708479
PNORMAL PADDR: 0 VADDR: 0 PROW: 7fff PBANK: d CYCLE: 306708479
NORMAL PADDR: 0 VADDR: 0 PROW: 7fff PBANK: e CYCLE: 306708479
PNORMAL PADDR: 0 VADDR: 0 PROW: 7fff PBANK: e CYCLE: 306708479
NORMAL PADDR: 0 VADDR: 0 PROW: 7fff PBANK: f CYCLE: 306708479
PNORMAL PADDR: 0 VADDR: 0 PROW: 7ffe PBANK: f CYCLE: 306708479
NORMAL PADDR: 0 VADDR: 0 PROW: 7fff PBANK: 0 CYCLE: 306708479
PNORMAL PADDR: 0 VADDR: 0 PROW: 7fff PBANK: 0 CYCLE: 306708479
NORMAL PADDR: 0 VADDR: 0 PROW: 7fff PBANK: 1 CYCLE: 306708479
PNORMAL PADDR: 0 VADDR: 0 PROW: 7fff PBANK: 1 CYCLE: 306708479
NORMAL PADDR: 0 VADDR: 0 PROW: 7fff PBANK: 2 CYCLE: 306708479
PNORMAL PADDR: 0 VADDR: 0 PROW: 7fff PBANK: 2 CYCLE: 306708479
NORMAL PADDR: 0 VADDR: 0 PROW: 7fff PBANK: 3 CYCLE: 306708479
PNORMAL PADDR: 0 VADDR: 0 PROW: 7fff PBANK: 3 CYCLE: 306708479
NORMAL PADDR: 0 VADDR: 0 PROW: 7fff PBANK: 4 CYCLE: 306708479
PNORMAL PADDR: 0 VADDR: 0 PROW: 7fff PBANK: 4 CYCLE: 306708479
NORMAL PADDR: 0 VADDR: 0 PROW: 7fff PBANK: 5 CYCLE: 306708479
PNORMAL PADDR: 0 VADDR: 0 PROW: 7fff PBANK: 5 CYCLE: 306708479
NORMAL PADDR: 0 VADDR: 0 PROW: 7fff PBANK: 6 CYCLE: 306708479
PNORMAL PADDR: 0 VADDR: 0 PROW: 7fff PBANK: 6 CYCLE: 306708479
NORMAL PADDR: 0 VADDR: 0 PROW: 7fff PBANK: 7 CYCLE: 306708479
PNORMAL PADDR: 0 VADDR: 0 PROW: 7fff PBANK: 7 CYCLE: 306708479
NORMAL PADDR: 0 VADDR: 0 PROW: 7fff PBANK: 8 CYCLE: 306708479
PNORMAL PADDR: 0 VADDR: 0 PROW: 7fff PBANK: 8 CYCLE: 306708479
NORMAL PADDR: 0 VADDR: 0 PROW: 7fff PBANK: 9 CYCLE: 306708479
PNORMAL PADDR: 0 VADDR: 0 PROW: 7fff PBANK: 9 CYCLE: 306708479
NORMAL PADDR: 0 VADDR: 0 PROW: 7fff PBANK: a CYCLE: 306708479
PNORMAL PADDR: 0 VADDR: 0 PROW: 7fff PBANK: a CYCLE: 306708479
NORMAL PADDR: 0 VADDR: 0 PROW: 7fff PBANK: b CYCLE: 306708479
PNORMAL PADDR: 0 VADDR: 0 PROW: 7fff PBANK: b CYCLE: 306708479
NORMAL PADDR: 0 VADDR: 0 PROW: 7fff PBANK: c CYCLE: 306708479
PNORMAL PADDR: 0 VADDR: 0 PROW: 7fff PBANK: c CYCLE: 306708479
NORMAL PADDR: 0 VADDR: 0 PROW: 7fff PBANK: d CYCLE: 306708479
PNORMAL PADDR: 0 VADDR: 0 PROW: 7fff PBANK: d CYCLE: 306708479
NORMAL PADDR: 0 VADDR: 0 PROW: 7fff PBANK: e CYCLE: 306708479
PNORMAL PADDR: 0 VADDR: 0 PROW: 7fff PBANK: e CYCLE: 306708479
NORMAL PADDR: 0 VADDR: 0 PROW: 7fff PBANK: f CYCLE: 306708479
PWRITEBACK PADDR: 1bf0bfc0 VADDR: 0 PROW: 70b PBANK: f CYCLE: 306720901
NORMAL PADDR: 0 VADDR: 0 PROW: 0 PBANK: 0 CYCLE: 306720979
PNORMAL PADDR: 0 VADDR: 0 PROW: 0 PBANK: 0 CYCLE: 306720979
NORMAL PADDR: 0 VADDR: 0 PROW: 0 PBANK: 1 CYCLE: 306720979
PNORMAL PADDR: 0 VADDR: 0 PROW: 0 PBANK: 1 CYCLE: 306720979
NORMAL PADDR: 0 VADDR: 0 PROW: 0 PBANK: 2 CYCLE: 306720979
PNORMAL PADDR: 0 VADDR: 0 PROW: 0 PBANK: 2 CYCLE: 306720979
NORMAL PADDR: 0 VADDR: 0 PROW: 0 PBANK: 3 CYCLE: 306720979
PNORMAL PADDR: 0 VADDR: 0 PROW: 0 PBANK: 3 CYCLE: 306720979
NORMAL PADDR: 0 VADDR: 0 PROW: 0 PBANK: 4 CYCLE: 306720979
PNORMAL PADDR: 0 VADDR: 0 PROW: 0 PBANK: 4 CYCLE: 306720979
NORMAL PADDR: 0 VADDR: 0 PROW: 0 PBANK: 5 CYCLE: 306720979
PNORMAL PADDR: 0 VADDR: 0 PROW: 0 PBANK: 5 CYCLE: 306720979
NORMAL PADDR: 0 VADDR: 0 PROW: 0 PBANK: 6 CYCLE: 306720979
PNORMAL PADDR: 0 VADDR: 0 PROW: 0 PBANK: 6 CYCLE: 306720979
NORMAL PADDR: 0 VADDR: 0 PROW: 0 PBANK: 7 CYCLE: 306720979
PNORMAL PADDR: 0 VADDR: 0 PROW: 0 PBANK: 7 CYCLE: 306720979
NORMAL PADDR: 0 VADDR: 0 PROW: 0 PBANK: 8 CYCLE: 306720979
PNORMAL PADDR: 0 VADDR: 0 PROW: 0 PBANK: 8 CYCLE: 306720979
NORMAL PADDR: 0 VADDR: 0 PROW: 0 PBANK: 9 CYCLE: 306720979
PNORMAL PADDR: 0 VADDR: 0 PROW: 0 PBANK: 9 CYCLE: 306720979
NORMAL PADDR: 0 VADDR: 0 PROW: 0 PBANK: a CYCLE: 306720979
PNORMAL PADDR: 0 VADDR: 0 PROW: 0 PBANK: a CYCLE: 306720979
NORMAL PADDR: 0 VADDR: 0 PROW: 0 PBANK: b CYCLE: 306720979
PNORMAL PADDR: 0 VADDR: 0 PROW: 0 PBANK: b CYCLE: 306720979
NORMAL PADDR: 0 VADDR: 0 PROW: 0 PBANK: c CYCLE: 306720979
PNORMAL PADDR: 0 VADDR: 0 PROW: 0 PBANK: c CYCLE: 306720979
NORMAL PADDR: 0 VADDR: 0 PROW: 0 PBANK: d CYCLE: 306720979
PNORMAL PADDR: 0 VADDR: 0 PROW: 0 PBANK: d CYCLE: 306720979
NORMAL PADDR: 0 VADDR: 0 PROW: 0 PBANK: e CYCLE: 306720979
PNORMAL PADDR: 0 VADDR: 0 PROW: 0 PBANK: e CYCLE: 306720979
NORMAL PADDR: 0 VADDR: 0 PROW: 0 PBANK: f CYCLE: 306720979
PNORMAL PADDR: 0 VADDR: 0 PROW: 0 PBANK: f CYCLE: 306720979
NORMAL PADDR: 0 VADDR: 0 PROW: 1 PBANK: 0 CYCLE: 306720979
PNORMAL PADDR: 0 VADDR: 0 PROW: 1 PBANK: 0 CYCLE: 306720979
NORMAL PADDR: 0 VADDR: 0 PROW: 1 PBANK: 1 CYCLE: 306720979
PNORMAL PADDR: 0 VADDR: 0 PROW: 1 PBANK: 1 CYCLE: 306720979
NORMAL PADDR: 0 VADDR: 0 PROW: 1 PBANK: 2 CYCLE: 306720979
PNORMAL PADDR: 0 VADDR: 0 PROW: 1 PBANK: 2 CYCLE: 306720979
NORMAL PADDR: 0 VADDR: 0 PROW: 1 PBANK: 3 CYCLE: 306720979
PNORMAL PADDR: 0 VADDR: 0 PROW: 1 PBANK: 3 CYCLE: 306720979
NORMAL PADDR: 0 VADDR: 0 PROW: 1 PBANK: 4 CYCLE: 306720979
PNORMAL PADDR: 0 VADDR: 0 PROW: 1 PBANK: 4 CYCLE: 306720979
NORMAL PADDR: 0 VADDR: 0 PROW: 1 PBANK: 5 CYCLE: 306720979
PNORMAL PADDR: 0 VADDR: 0 PROW: 1 PBANK: 5 CYCLE: 306720979
NORMAL PADDR: 0 VADDR: 0 PROW: 1 PBANK: 6 CYCLE: 306720979
PNORMAL PADDR: 0 VADDR: 0 PROW: 1 PBANK: 6 CYCLE: 306720979
NORMAL PADDR: 0 VADDR: 0 PROW: 1 PBANK: 7 CYCLE: 306720979
PNORMAL PADDR: 0 VADDR: 0 PROW: 1 PBANK: 7 CYCLE: 306720979
NORMAL PADDR: 0 VADDR: 0 PROW: 1 PBANK: 8 CYCLE: 306720979
PNORMAL PADDR: 0 VADDR: 0 PROW: 1 PBANK: 8 CYCLE: 306720979
NORMAL PADDR: 0 VADDR: 0 PROW: 1 PBANK: 9 CYCLE: 306720979
PNORMAL PADDR: 0 VADDR: 0 PROW: 1 PBANK: 9 CYCLE: 306720979
NORMAL PADDR: 0 VADDR: 0 PROW: 1 PBANK: a CYCLE: 306720979
PNORMAL PADDR: 0 VADDR: 0 PROW: 1 PBANK: a CYCLE: 306720979
NORMAL PADDR: 0 VADDR: 0 PROW: 1 PBANK: b CYCLE: 306720979
PNORMAL PADDR: 0 VADDR: 0 PROW: 1 PBANK: b CYCLE: 306720979
NORMAL PADDR: 0 VADDR: 0 PROW: 1 PBANK: c CYCLE: 306720979
PNORMAL PADDR: 0 VADDR: 0 PROW: 1 PBANK: c CYCLE: 306720979
NORMAL PADDR: 0 VADDR: 0 PROW: 1 PBANK: d CYCLE: 306720979
PNORMAL PADDR: 0 VADDR: 0 PROW: 1 PBANK: d CYCLE: 306720979
NORMAL PADDR: 0 VADDR: 0 PROW: 1 PBANK: e CYCLE: 306720979
PNORMAL PADDR: 0 VADDR: 0 PROW: 1 PBANK: e CYCLE: 306720979
NORMAL PADDR: 0 VADDR: 0 PROW: 1 PBANK: f CYCLE: 306720979
PNORMAL PADDR: 0 VADDR: 0 PROW: 3 PBANK: f CYCLE: 306720979
NORMAL PADDR: 0 VADDR: 0 PROW: 0 PBANK: 0 CYCLE: 306720979
PNORMAL PADDR: 0 VADDR: 0 PROW: 0 PBANK: 0 CYCLE: 306720979
NORMAL PADDR: 0 VADDR: 0 PROW: 0 PBANK: 1 CYCLE: 306720979
PNORMAL PADDR: 0 VADDR: 0 PROW: 0 PBANK: 1 CYCLE: 306720979
NORMAL PADDR: 0 VADDR: 0 PROW: 0 PBANK: 2 CYCLE: 306720979
PNORMAL PADDR: 0 VADDR: 0 PROW: 0 PBANK: 2 CYCLE: 306720979
NORMAL PADDR: 0 VADDR: 0 PROW: 0 PBANK: 3 CYCLE: 306720979
PNORMAL PADDR: 0 VADDR: 0 PROW: 0 PBANK: 3 CYCLE: 306720979
NORMAL PADDR: 0 VADDR: 0 PROW: 0 PBANK: 4 CYCLE: 306720979
PNORMAL PADDR: 0 VADDR: 0 PROW: 0 PBANK: 4 CYCLE: 306720979
NORMAL PADDR: 0 VADDR: 0 PROW: 0 PBANK: 5 CYCLE: 306720979
PNORMAL PADDR: 0 VADDR: 0 PROW: 0 PBANK: 5 CYCLE: 306720979
NORMAL PADDR: 0 VADDR: 0 PROW: 0 PBANK: 6 CYCLE: 306720979
PNORMAL PADDR: 0 VADDR: 0 PROW: 0 PBANK: 6 CYCLE: 306720979
NORMAL PADDR: 0 VADDR: 0 PROW: 0 PBANK: 7 CYCLE: 306720979
PNORMAL PADDR: 0 VADDR: 0 PROW: 0 PBANK: 7 CYCLE: 306720979
NORMAL PADDR: 0 VADDR: 0 PROW: 0 PBANK: 8 CYCLE: 306720979
PNORMAL PADDR: 0 VADDR: 0 PROW: 0 PBANK: 8 CYCLE: 306720979
NORMAL PADDR: 0 VADDR: 0 PROW: 0 PBANK: 9 CYCLE: 306720979
PNORMAL PADDR: 0 VADDR: 0 PROW: 0 PBANK: 9 CYCLE: 306720979
NORMAL PADDR: 0 VADDR: 0 PROW: 0 PBANK: a CYCLE: 306720979
PNORMAL PADDR: 0 VADDR: 0 PROW: 0 PBANK: a CYCLE: 306720979
NORMAL PADDR: 0 VADDR: 0 PROW: 0 PBANK: b CYCLE: 306720979
PNORMAL PADDR: 0 VADDR: 0 PROW: 0 PBANK: b CYCLE: 306720979
NORMAL PADDR: 0 VADDR: 0 PROW: 0 PBANK: c CYCLE: 306720979
PNORMAL PADDR: 0 VADDR: 0 PROW: 0 PBANK: c CYCLE: 306720979
NORMAL PADDR: 0 VADDR: 0 PROW: 0 PBANK: d CYCLE: 306720979
PNORMAL PADDR: 0 VADDR: 0 PROW: 0 PBANK: d CYCLE: 306720979
NORMAL PADDR: 0 VADDR: 0 PROW: 0 PBANK: e CYCLE: 306720979
PNORMAL PADDR: 0 VADDR: 0 PROW: 0 PBANK: e CYCLE: 306720979
NORMAL PADDR: 0 VADDR: 0 PROW: 0 PBANK: f CYCLE: 306720979
PNORMAL PADDR: 0 VADDR: 0 PROW: 0 PBANK: f CYCLE: 306720979
NORMAL PADDR: 0 VADDR: 0 PROW: 1 PBANK: 0 CYCLE: 306720979
PNORMAL PADDR: 0 VADDR: 0 PROW: 1 PBANK: 0 CYCLE: 306720979
NORMAL PADDR: 0 VADDR: 0 PROW: 1 PBANK: 1 CYCLE: 306720979
PNORMAL PADDR: 0 VADDR: 0 PROW: 1 PBANK: 1 CYCLE: 306720979
NORMAL PADDR: 0 VADDR: 0 PROW: 1 PBANK: 2 CYCLE: 306720979
PNORMAL PADDR: 0 VADDR: 0 PROW: 1 PBANK: 2 CYCLE: 306720979
NORMAL PADDR: 0 VADDR: 0 PROW: 1 PBANK: 3 CYCLE: 306720979
PNORMAL PADDR: 0 VADDR: 0 PROW: 1 PBANK: 3 CYCLE: 306720979
NORMAL PADDR: 0 VADDR: 0 PROW: 1 PBANK: 4 CYCLE: 306720979
PNORMAL PADDR: 0 VADDR: 0 PROW: 1 PBANK: 4 CYCLE: 306720979
NORMAL PADDR: 0 VADDR: 0 PROW: 1 PBANK: 5 CYCLE: 306720979
PNORMAL PADDR: 0 VADDR: 0 PROW: 1 PBANK: 5 CYCLE: 306720979
NORMAL PADDR: 0 VADDR: 0 PROW: 1 PBANK: 6 CYCLE: 306720979
PNORMAL PADDR: 0 VADDR: 0 PROW: 1 PBANK: 6 CYCLE: 306720979
NORMAL PADDR: 0 VADDR: 0 PROW: 1 PBANK: 7 CYCLE: 306720979
PNORMAL PADDR: 0 VADDR: 0 PROW: 1 PBANK: 7 CYCLE: 306720979
NORMAL PADDR: 0 VADDR: 0 PROW: 1 PBANK: 8 CYCLE: 306720979
PNORMAL PADDR: 0 VADDR: 0 PROW: 1 PBANK: 8 CYCLE: 306720979
NORMAL PADDR: 0 VADDR: 0 PROW: 1 PBANK: 9 CYCLE: 306720979
PNORMAL PADDR: 0 VADDR: 0 PROW: 1 PBANK: 9 CYCLE: 306720979
NORMAL PADDR: 0 VADDR: 0 PROW: 1 PBANK: a CYCLE: 306720979
PNORMAL PADDR: 0 VADDR: 0 PROW: 1 PBANK: a CYCLE: 306720979
NORMAL PADDR: 0 VADDR: 0 PROW: 1 PBANK: b CYCLE: 306720979
PNORMAL PADDR: 0 VADDR: 0 PROW: 1 PBANK: b CYCLE: 306720979
NORMAL PADDR: 0 VADDR: 0 PROW: 1 PBANK: c CYCLE: 306720979
PNORMAL PADDR: 0 VADDR: 0 PROW: 1 PBANK: c CYCLE: 306720979
NORMAL PADDR: 0 VADDR: 0 PROW: 1 PBANK: d CYCLE: 306720979
PNORMAL PADDR: 0 VADDR: 0 PROW: 1 PBANK: d CYCLE: 306720979
NORMAL PADDR: 0 VADDR: 0 PROW: 1 PBANK: e CYCLE: 306720979
PNORMAL PADDR: 0 VADDR: 0 PROW: 1 PBANK: e CYCLE: 306720979
NORMAL PADDR: 0 VADDR: 0 PROW: 1 PBANK: f CYCLE: 306720979
PNORMAL PADDR: 117110 VADDR: 0 PROW: 13 PBANK: 2 CYCLE: 5512
NORMAL PADDR: 0 VADDR: 0 PROW: 0 PBANK: 0 CYCLE: 12499
PNORMAL PADDR: 0 VADDR: 0 PROW: 0 PBANK: 0 CYCLE: 12499
NORMAL PADDR: 0 VADDR: 0 PROW: 0 PBANK: 1 CYCLE: 12499
PNORMAL PADDR: 0 VADDR: 0 PROW: 0 PBANK: 1 CYCLE: 12499
NORMAL PADDR: 0 VADDR: 0 PROW: 0 PBANK: 2 CYCLE: 12499
PNORMAL PADDR: 0 VADDR: 0 PROW: 0 PBANK: 2 CYCLE: 12499
NORMAL PADDR: 0 VADDR: 0 PROW: 0 PBANK: 3 CYCLE: 12499
PNORMAL PADDR: 0 VADDR: 0 PROW: 0 PBANK: 3 CYCLE: 12499
NORMAL PADDR: 0 VADDR: 0 PROW: 0 PBANK: 4 CYCLE: 12499
PNORMAL PADDR: 0 VADDR: 0 PROW: 0 PBANK: 4 CYCLE: 12499
NORMAL PADDR: 0 VADDR: 0 PROW: 0 PBANK: 5 CYCLE: 12499
PNORMAL PADDR: 0 VADDR: 0 PROW: 0 PBANK: 5 CYCLE: 12499
NORMAL PADDR: 0 VADDR: 0 PROW: 0 PBANK: 6 CYCLE: 12499
PNORMAL PADDR: 0 VADDR: 0 PROW: 0 PBANK: 6 CYCLE: 12499
NORMAL PADDR: 0 VADDR: 0 PROW: 0 PBANK: 7 CYCLE: 12499
PNORMAL PADDR: 0 VADDR: 0 PROW: 0 PBANK: 7 CYCLE: 12499
NORMAL PADDR: 0 VADDR: 0 PROW: 0 PBANK: 8 CYCLE: 12499
PNORMAL PADDR: 0 VADDR: 0 PROW: 0 PBANK: 8 CYCLE: 12499
NORMAL PADDR: 0 VADDR: 0 PROW: 0 PBANK: 9 CYCLE: 12499
PNORMAL PADDR: 0 VADDR: 0 PROW: 0 PBANK: 9 CYCLE: 12499
NORMAL PADDR: 0 VADDR: 0 PROW: 0 PBANK: a CYCLE: 12499
PNORMAL PADDR: 0 VADDR: 0 PROW: 0 PBANK: a CYCLE: 12499
NORMAL PADDR: 0 VADDR: 0 PROW: 0 PBANK: b CYCLE: 12499
PNORMAL PADDR: 0 VADDR: 0 PROW: 0 PBANK: b CYCLE: 12499
NORMAL PADDR: 0 VADDR: 0 PROW: 0 PBANK: c CYCLE: 12499
PNORMAL PADDR: 0 VADDR: 0 PROW: 0 PBANK: c CYCLE: 12499
NORMAL PADDR: 0 VADDR: 0 PROW: 0 PBANK: d CYCLE: 12499
PNORMAL PADDR: 0 VADDR: 0 PROW: 0 PBANK: d CYCLE: 12499
NORMAL PADDR: 0 VADDR: 0 PROW: 0 PBANK: e CYCLE: 12499
PNORMAL PADDR: 0 VADDR: 0 PROW: 0 PBANK: e CYCLE: 12499
NORMAL PADDR: 0 VADDR: 0 PROW: 0 PBANK: f CYCLE: 12499
PNORMAL PADDR: 0 VADDR: 0 PROW: 0 PBANK: f CYCLE: 12499
NORMAL PADDR: 0 VADDR: 0 PROW: 1 PBANK: 0 CYCLE: 12499
PNORMAL PADDR: 0 VADDR: 0 PROW: 1 PBANK: 0 CYCLE: 12499
NORMAL PADDR: 0 VADDR: 0 PROW: 1 PBANK: 1 CYCLE: 12499
PNORMAL PADDR: 0 VADDR: 0 PROW: 1 PBANK: 1 CYCLE: 12499
NORMAL PADDR: 0 VADDR: 0 PROW: 1 PBANK: 2 CYCLE: 1249